R,29c3,222284851,2,-12114,4074,2328,-3382,-3145,8354
R,29c3,222286041,2,-12256,3753,2204,-2944,-3847,7998
R,29c3,222287261,2,-12321,3489,2077,-2461,-4481,7635
R,aa2c,222287933,6,-11354,-15850,-7884,2586,-2714,-5223
R,29c3,222288452,2,-12296,3295,1947,-1997,-5047,7242
R,29c3,222289642,2,-12199,3157,1792,-1661,-5475,6840
R,29c3,222290863,2,-12040,3040,1630,-1363,-5914,6402
R,aa2c,222291534,6,-14501,-12813,-10242,1935,-3553,-5108
R,29c3,222292053,2,-11836,2968,1472,-1070,-6169,5911
R,29c3,222293243,2,-11591,2906,1266,-833,-6345,5433
R,29c3,222294464,2,-11277,2851,1040,-577,-6459,4978
R,aa2c,222295166,6,-15347,-9879,-10918,2145,-4413,-4671
R,29c3,222295654,2,-10985,2811,826,-357,-6467,4503
R,29c3,222296844,2,-10647,2748,640,-122,-6335,4061
R,29c3,222298034,2,-10336,2670,455,147,-6143,3709
R,aa2c,222298767,6,-13749,-6005,-11115,2022,-4501,-3930
R,29c3,222299255,2,-10072,2654,297,418,-5904,3326
R,29c3,222300445,2,-9808,2614,128,683,-5645,2959
R,29c3,222301635,2,-9606,2588,-31,961,-5334,2617
R,29c3,222302856,2,-9436,2582,-216,1226,-5026,2260
R,29c3,222304046,2,-9283,2607,-395,1482,-4757,1961
R,29c3,222305236,2,-9178,2632,-589,1729,-4420,1703
R,aa2c,222306030,12,-25949,-731,-24459,1305,-4350,-2587
R,29c3,222306427,2,-9082,2687,-723,1977,-4145,1426
R,29c3,222308837,4,-17927,5663,-1842,2235,-3521,1080
R,29c3,222310028,2,-8880,3008,-1104,2266,-3214,947
R,29c3,222311248,2,-8870,3125,-1218,2298,-2921,874
R,29c3,222312438,2,-8879,3196,-1344,2412,-2627,774
R,aa2c,222313262,12,-27840,5485,-28222,1384,-5961,-2312
R,29c3,222313629,2,-8884,3249,-1428,2492,-2403,790
R,29c3,222314819,2,-8901,3345,-1505,2564,-2201,791
R,29c3,222316070,2,-8937,3447,-1585,2649,-2010,870
R,aa2c,222316864,6,-12010,3590,-14083,1947,-6947,-2031
R,29c3,222317230,2,-8966,3549,-1630,2709,-1826,1010
R,29c3,222318420,2,-8998,3665,-1651,2723,-1696,1115
R,29c3,222319641,2,-9056,3810,-1648,2615,-1519,1278
R,aa2c,222320495,6,-12241,-2777,-16034,5260,-7660,-2086
R,29c3,222320831,2,-9137,3918,-1691,2505,-1399,1483
R,29c3,222322021,2,-9228,4011,-1736,2370,-1321,1677
R,29c3,222323211,2,-9320,4070,-1801,2267,-1289,1851
R,aa2c,222324127,6,-12820,-6488,-17599,2534,-10429,-4990
R,29c3,222324401,2,-9418,4104,-1883,2260,-1292,2050
R,29c3,222325622,2,-9506,4108,-1912,2353,-1224,2279
R,29c3,222326843,2,-9610,4120,-1946,2472,-1241,2637
R,29c3,222328033,2,-9695,4168,-1946,2587,-1332,3003
R,29c3,222329223,2,-9775,4240,-1904,2607,-1354,3489
R,29c3,222330413,2,-9843,4338,-1873,2496,-1546,3990
R,aa2c,222331359,12,-8369,6194,-32932,5535,-8743,-956
R,29c3,222332824,4,-19808,8840,-3646,2033,-1948,5020
R,29c3,222334014,2,-9983,4445,-1817,1744,-2176,5607
R,aa2c,222334991,6,-3740,4790,-18950,849,-9486,-1916
R,29c3,222336425,4,-20053,8789,-3664,1060,-2847,6601
R,29c3,222337615,2,-10043,4278,-1895,798,-3210,7132
R,aa2c,222338592,6,-3007,10451,-22076,-133,-8773,-758
R,29c3,222340026,4,-20064,8222,-4061,370,-3803,8016
R,29c3,222341217,2,-9957,3957,-2245,174,-4066,8467
R,aa2c,222342224,6,-2993,9553,-23122,-249,-8053,1055
R,29c3,222343627,4,-19635,7439,-5055,-24,-4381,9265
R,29c3,222344787,2,-9659,3471,-2798,-83,-4419,9641
R,29c3,222347198,4,-19003,6360,-6037,-98,-4391,10331
R,29c3,222348419,2,-9344,2884,-3300,-108,-4289,10566
R,29c3,222350799,4,-18522,5075,-7080,-77,-4019,11007
R,29c3,222351989,2,-9213,2184,-3778,-27,-3822,11114
R,29c3,222354400,4,-18422,3547,-8022,189,-3442,11287
R,29c3,222355590,2,-9264,1389,-4212,327,-3274,11320
R,29c3,222358001,4,-18698,1998,-8799,682,-2954,11346
R,29c3,222359191,2,-9434,622,-4567,794,-2764,11319
R,29c3,222360382,2,-9507,374,-4678,921,-2565,11368
R,29c3,222361602,2,-9579,101,-4753,1031,-2391,11374
R,29c3,222365173,6,-29248,-1397,-14593,1279,-1940,11337
R,29c3,222366394,2,-9939,-1093,-4916,1437,-1802,11367
R,29c3,222368804,4,-20211,-3184,-9773,1861,-1634,11334
R,29c3,222369995,2,-10296,-2065,-4839,2085,-1565,11351
R,29c3,222372375,4,-21030,-4966,-9573,2512,-1492,11223
R,29c3,222373596,2,-10765,-2862,-4722,2742,-1452,11141
R,29c3,222375976,4,-22181,-6322,-9250,3246,-1450,11007
R,29c3,222377166,2,-11478,-3356,-4561,3588,-1499,10963
R,29c3,222378387,2,-11765,-3451,-4533,3806,-1621,10950
R,29c3,222379577,2,-12074,-3480,-4498,4055,-1740,10943
R,29c3,222380767,2,-12418,-3485,-4461,4245,-1973,10962
R,29c3,222386779,10,-67077,-17409,-21688,4911,-3964,11702
R,29c3,222387969,2,-14297,-3487,-4234,4979,-4575,12111
R,29c3,222390380,4,-29186,-7181,-8298,4901,-6038,13011
R,29c3,222391571,2,-14754,-3760,-4066,4632,-6830,13573
R,29c3,222392761,2,-14806,-3978,-4034,4263,-7600,14142
R,29c3,222393981,2,-14820,-4287,-4011,3880,-8381,14819
R,29c3,222395172,2,-14786,-4710,-4034,3446,-9171,15488
R,29c3,222397583,4,-29380,-10948,-8184,2798,-10717,16758
R,29c3,222398773,2,-14568,-6379,-4227,2527,-11450,17326
R,29c3,222399963,2,-14476,-7048,-4406,2317,-12151,17897
R,29c3,222401153,2,-14390,-7711,-4600,2124,-12883,18484
R,29c3,222402374,2,-14322,-8370,-4861,1931,-13592,18965
R,29c3,222403564,2,-14236,-9022,-5150,1795,-14299,19456
R,29c3,222405944,4,-28197,-19944,-11391,1538,-15713,20334
R,29c3,222407165,2,-13915,-10914,-6346,1489,-16420,20744
R,29c3,222408355,2,-13745,-11481,-6790,1509,-17055,21075
R,29c3,222409545,2,-13530,-12059,-7290,1594,-17715,21388
R,29c3,222410766,2,-13259,-12610,-7758,1602,-18301,21625
R,29c3,222411956,2,-12907,-13148,-8242,1602,-18889,21680
R,29c3,222413146,2,-12493,-13697,-8705,1625,-19377,21695
R,29c3,222414337,2,-12000,-14209,-9156,1570,-19783,21603
R,aa2c,222418212,126,-343056,30536,-414471,10281,-17534,-8294
R,29c3,222419158,8,-41700,-61894,-41176,1752,-20556,20538
R,29c3,222420349,2,-8596,-16593,-11327,1864,-20423,20225
R,29c3,222421539,2,-7804,-16978,-11687,2013,-20257,19826
R,aa2c,222421844,6,-3457,16317,-18124,10148,-16566,-8441
R,29c3,222422729,2,-7026,-17282,-12010,2184,-20068,19470
R,29c3,222423919,2,-6244,-17564,-12302,2341,-19771,19053
R,29c3,222425140,2,-5468,-17794,-12591,2545,-19463,18676
R,aa2c,222425476,6,-1294,21750,-16096,9629,-15771,-7914
R,29c3,222426361,2,-4698,-17946,-12796,2658,-19170,18346
R,29c3,222428741,4,-7081,-36174,-26111,2869,-18667,17880
R,aa2c,222429107,6,-635,26794,-13777,8350,-15410,-6752
R,29c3,222429931,2,-2400,-18139,-13214,2844,-18401,17748
R,29c3,222431152,2,-1659,-18143,-13280,2713,-18149,17702
R,29c3,222432342,2,-968,-18128,-13367,2447,-17865,17674
R,aa2c,222432708,6,-1088,30676,-11354,6411,-15745,-5415
R,29c3,222433532,2,-290,-18130,-13507,2026,-17627,17647
R,29c3,222434722,2,369,-18206,-13663,1580,-17408,17759
R,29c3,222435943,2,996,-18325,-13815,1112,-17150,17861
R,aa2c,222436309,6,-1737,32336,-8901,4843,-16683,-4099
R,29c3,222437133,2,1602,-18514,-13953,574,-16844,17969
R,29c3,222438323,2,2185,-18806,-14088,106,-16599,18174
R,29c3,222439544,2,2724,-19166,-14226,-226,-16346,18369
R,aa2c,222439941,6,-1877,33290,-6604,3869,-17814,-3202
R,29c3,222440704,2,3232,-19572,-14347,-479,-16155,18610
R,29c3,222441925,2,3697,-19955,-14475,-598,-16004,18824
R,29c3,222443145,2,4153,-20335,-14624,-750,-15853,18980
R,aa2c,222443572,6,-1297,35551,-4954,3193,-19069,-2683
R,29c3,222444305,2,4558,-20663,-14775,-883,-15733,19093
R,29c3,222445526,2,4939,-20989,-14941,-1040,-15614,19122
R,29c3,222446716,2,5315,-21266,-15177,-1160,-15561,19127
R,aa2c,222447174,6,29,39003,-4080,2110,-20456,-2224
R,29c3,222447937,2,5675,-21500,-15444,-1371,-15499,19057
R,29c3,222449127,2,6041,-21730,-15681,-1442,-15460,18974
R,29c3,222450317,2,6403,-21954,-15904,-1592,-15375,18744
R,aa2c,222450805,6,2920,42501,-3657,1111,-21674,-1582
R,29c3,222453918,6,21552,-67128,-49185,-1821,-14876,17891
R,aa2c,222454437,6,7779,45117,-3420,-56,-22376,-901
R,29c3,222455139,2,7938,-22803,-16870,-1843,-14644,17515
R,29c3,222456329,2,8305,-23008,-17109,-1813,-14475,16987
R,29c3,222457519,2,8664,-23182,-17349,-1810,-14282,16374
R,29c3,222458709,2,9037,-23333,-17570,-1774,-14161,15733
R,29c3,222461120,4,19171,-46893,-35799,-1559,-13753,14428
R,aa2c,222461700,12,34579,93547,-6434,-2422,-22070,984
R,29c3,222462310,2,10152,-23457,-18268,-1549,-13609,13785
R,29c3,222463500,2,10551,-23426,-18535,-1565,-13446,13030
R,29c3,222464691,2,10977,-23391,-18768,-1530,-13253,12391
R,aa2c,222465301,6,27262,47259,-3545,-3793,-21100,2475
R,29c3,222465881,2,11424,-23319,-18996,-1531,-13003,11758
R,29c3,222468322,4,24247,-46394,-38700,-1609,-12454,10643
R,aa2c,222468902,6,32921,46265,-4190,-4853,-20010,3976
R,29c3,222469482,2,12824,-23059,-19735,-1704,-12133,10160
R,29c3,222470703,2,13253,-22977,-19953,-1809,-11749,9680
R,29c3,222471893,2,13671,-22845,-20203,-1886,-11385,9186
R,aa2c,222472503,6,37484,44899,-5104,-5252,-18809,4964
R,29c3,222473114,2,14052,-22709,-20454,-1905,-10935,8709
R,29c3,222475494,4,29098,-44851,-41803,-2023,-10068,7727
R,aa2c,222476135,6,40655,44815,-6996,-5883,-17888,5624
R,29c3,222476684,2,14973,-22079,-21379,-1978,-9608,7268
R,29c3,222479095,4,30660,-43359,-43676,-2197,-8521,6399
R,aa2c,222479766,6,43599,44842,-9006,-6475,-16903,6522
R,29c3,222481506,4,31620,-41903,-45030,-2553,-7282,5537
R,29c3,222482696,2,16153,-20414,-22957,-2834,-6557,5134
R,aa2c,222483367,6,46864,43816,-10552,-6729,-15894,7135
R,29c3,222483886,2,16397,-20061,-23265,-3044,-5716,4776
R,29c3,222485076,2,16647,-19712,-23505,-3337,-4815,4459
R,29c3,222486267,2,16901,-19366,-23739,-3485,-3831,4227
R,aa2c,222486999,6,50007,42047,-11775,-6478,-14752,7314
R,29c3,222487487,2,17130,-19053,-23895,-3703,-2773,3983
R,29c3,222488677,2,17356,-18738,-24021,-3861,-1614,3818
R,29c3,222489898,2,17579,-18439,-24124,-3899,-448,3745
R,aa2c,222490631,6,52492,39938,-13524,-6307,-13455,6800
R,aa2c,222494232,6,54154,37823,-16070,-5178,-12148,5919
R,29c3,222494720,8,71728,-70774,-95877,-4558,4604,4209
R,29c3,222497100,4,35789,-33727,-46962,-4946,7095,4841
R,29c3,222499481,4,34825,-32757,-46070,-5467,9476,5589
R,29c3,222500671,2,16854,-16018,-22640,-5850,10611,5945
R,29c3,222501892,2,16357,-15841,-22352,-6206,11751,6368
R,29c3,222503082,2,15770,-15719,-22030,-6579,12730,6748
R,29c3,222504272,2,15119,-15587,-21750,-6961,13610,7176
R,aa2c,222505126,18,168439,110766,-64388,-3998,-5908,2442
R,29c3,222505462,2,14378,-15531,-21435,-7256,14395,7520
R,29c3,222506652,2,13648,-15502,-21105,-7528,15087,7876
R,29c3,222507873,2,12940,-15478,-20790,-7914,15774,8137
R,aa2c,222508728,6,55406,37090,-26144,-3341,-3458,1721
R,29c3,222509063,2,12276,-15505,-20415,-8287,16359,8250
R,29c3,222510284,2,11675,-15609,-20038,-8629,17009,8277
R,29c3,222511474,2,11121,-15723,-19583,-8987,17742,8176
R,aa2c,222512329,6,52716,38200,-27987,-2906,-1206,1061
R,29c3,222512664,2,10577,-15888,-19063,-9254,18498,8047
R,29c3,222515075,4,19692,-32403,-36563,-9588,20232,7342
R,aa2c,222515960,6,48263,39955,-30408,-2871,438,521
R,29c3,222517456,4,17878,-33109,-34240,-9650,22391,6491
R,29c3,222518646,2,8195,-16760,-16109,-9662,23535,6030
R,aa2c,222519592,6,43095,41283,-33286,-3593,1957,129
R,29c3,222522308,6,20636,-50960,-43817,-9457,27000,4710
R,aa2c,222523193,6,38036,41145,-36697,-3703,3747,-197
R,29c3,222524658,4,9458,-34290,-25412,-9439,29118,3872
R,29c3,222525848,2,3094,-17146,-11530,-9466,30003,3328
R,aa2c,222526824,6,33034,40169,-39884,-3696,6083,-384
R,29c3,222528259,4,2281,-34505,-20734,-9521,31360,2344
R,29c3,222529449,2,-966,-17338,-9230,-9528,31843,1805
R,aa2c,222530426,6,27345,38745,-42544,-3782,8749,-222
R,29c3,222533050,6,-12261,-52587,-23156,-9328,32048,249
R,aa2c,222534057,6,20934,37374,-44673,-4098,11821,494
R,29c3,222535461,4,-15994,-35412,-11961,-8791,31033,-810
R,29c3,222536651,2,-10162,-17739,-4972,-8505,30255,-1292
R,aa2c,222537658,6,13413,36218,-45363,-4384,14808,1634
R,29c3,222539062,4,-24099,-35412,-7966,-8063,28364,-2236
R,29c3,222540252,2,-13635,-17607,-3061,-7904,27334,-2731
R,aa2c,222541290,6,4473,35672,-44759,-5033,17161,3332
R,29c3,222542663,4,-29838,-34967,-4451,-7577,25356,-3697
R,29c3,222543853,2,-15975,-17314,-1417,-7392,24404,-4144
R,aa2c,222544921,6,-5942,35317,-43000,-6317,18418,4905
R,29c3,222546234,4,-33541,-34244,-1409,-7010,22599,-5093
R,29c3,222547454,2,-17403,-16888,3,-6718,21816,-5559
R,29c3,222549835,4,-35852,-33178,1198,-6182,20449,-6625
R,29c3,222551025,2,-18407,-16262,1097,-5827,19795,-7177
R,aa2c,222552154,12,-45961,65265,-76317,-7647,15657,7537
R,29c3,222553436,4,-37733,-31663,3093,-4974,18605,-8383
R,29c3,222554626,2,-19294,-15310,1922,-4510,18027,-8990
R,29c3,222557037,4,-39375,-29345,4536,-3570,16847,-10367
R,29c3,222558227,2,-20035,-13945,2540,-2991,16221,-10925
R,29c3,222560638,4,-40660,-26033,5371,-1764,14762,-11952
R,29c3,222561828,2,-20537,-11919,2801,-1190,13980,-12306
R,aa2c,222563018,18,-126099,78161,-87894,-9591,4115,10563
R,29c3,222564208,4,-41076,-21366,5787,-203,12280,-12431
R,29c3,222565429,2,-20401,-9328,2976,27,11411,-12309
R,aa2c,222566650,6,-44163,21018,-23302,-10026,1008,11790
R,29c3,222569030,6,-59709,-22445,8812,269,8703,-10888
R,aa2c,222570251,6,-40897,18889,-20564,-10409,-1346,12994
R,29c3,222571411,4,-37945,-10601,5558,270,6962,-9172
R,29c3,222572631,2,-18260,-4105,2591,206,6183,-8104
R,29c3,222575012,4,-34965,-5975,4653,-66,4806,-5881
R,29c3,222578613,6,-48344,-4230,4943,-594,3351,-2705
R,29c3,222579803,2,-14969,-366,1033,-737,3069,-1769
R,aa2c,222581115,18,-91319,48873,-49916,-10545,-3634,15731
R,29c3,222582214,4,-28100,483,1178,-984,2601,-191
R,29c3,222583404,2,-13091,756,171,-1018,2452,568
R,29c3,222585815,4,-24125,2438,-531,-1041,2154,2053
R,29c3,222589416,6,-30400,5779,-2858,-1496,2123,4199
R,29c3,222590606,2,-8432,2384,-1487,-1689,2258,4928
R,aa2c,222591979,18,-40443,43433,-34773,-10172,-2504,16874
R,29c3,222593017,4,-14318,5150,-3656,-2132,2927,6199
R,29c3,222594207,2,-5966,2694,-2198,-2235,3375,6754
R,29c3,222596618,4,-9868,5401,-5143,-2467,4456,7650
R,29c3,222597808,2,-4019,2680,-2917,-2597,5094,7957
R,29c3,222598999,2,-3524,2600,-3154,-2749,5753,8224
R,29c3,222600189,2,-3080,2495,-3352,-2926,6384,8337
R,29c3,222602600,4,-5164,4595,-7208,-3098,7696,8261
R,29c3,222603790,2,-2212,2084,-3835,-3105,8271,8133
R,29c3,222606201,4,-3877,3795,-8098,-2925,9402,7577
R,29c3,222607391,2,-1707,1727,-4195,-2867,9933,7192
R,29c3,222608581,2,-1578,1681,-4296,-2765,10457,6757
R,29c3,222609802,2,-1446,1618,-4361,-2702,11014,6238
R,29c3,222610992,2,-1330,1594,-4378,-2625,11555,5712
R,29c3,222612182,2,-1216,1606,-4374,-2514,12098,5106
R,29c3,222613372,2,-1112,1661,-4322,-2382,12654,4514
R,aa2c,222613677,36,18882,59703,-39720,-5441,954,12427
R,29c3,222614593,2,-1015,1698,-4239,-2355,13181,3960
R,29c3,222615783,2,-935,1811,-4161,-2239,13785,3441
R,29c3,222616973,2,-901,1936,-4039,-2085,14332,2994
R,aa2c,222617279,6,9708,12374,-5982,-5639,1734,11720
R,29c3,222619384,4,-1741,4405,-7651,-2064,15236,2468
R,29c3,222620574,2,-878,2505,-3599,-2122,15528,2413
R,aa2c,222620941,6,9914,12116,-6062,-5476,2459,11383
R,29c3,222621765,2,-892,2702,-3377,-2268,15799,2490
R,29c3,222624176,4,-1780,5878,-6041,-2711,16283,2981
R,aa2c,222624542,6,9591,11207,-6297,-5344,3234,11221
R,29c3,222625366,2,-908,3101,-2656,-2951,16481,3391
R,29c3,222626556,2,-955,3166,-2419,-3184,16696,3796
R,29c3,222627777,2,-1034,3161,-2178,-3401,16963,4240
R,aa2c,222628173,6,8645,10108,-6466,-5236,4023,10935
R,29c3,222628967,2,-1150,3156,-1962,-3646,17149,4762
R,29c3,222630187,2,-1329,3070,-1744,-3816,17314,5221
R,29c3,222631378,2,-1555,2950,-1493,-3995,17461,5627
R,aa2c,222631774,6,7083,8895,-7022,-5068,4825,10502
R,29c3,222632568,2,-1827,2790,-1263,-4183,17618,6065
R,29c3,222633758,2,-2135,2562,-1024,-4293,17701,6336
R,29c3,222634979,2,-2494,2330,-771,-4392,17744,6654
R,aa2c,222635406,6,5092,7514,-7410,-4826,5552,10125
R,29c3,222636169,2,-2851,2044,-543,-4443,17751,6857
R,29c3,222638580,4,-6887,3206,-394,-4355,17598,7143
R,aa2c,222639007,6,2759,6003,-7295,-4207,6251,9540
R,29c3,222639770,2,-4033,1175,173,-4210,17444,7221
R,29c3,222640960,2,-4419,873,379,-4134,17214,7207
R,29c3,222642181,2,-4796,598,652,-4010,16962,7149
R,aa2c,222642639,6,-193,4910,-7140,-3481,6651,8840
R,29c3,222643341,2,-5134,318,886,-3870,16664,7047
R,29c3,222644561,2,-5450,48,1112,-3734,16448,6815
R,29c3,222645751,2,-5735,-202,1334,-3604,16137,6600
R,aa2c,222646270,6,-3835,4618,-6878,-2993,6560,8246
R,29c3,222646942,2,-5991,-426,1553,-3430,15884,6219
R,29c3,222648162,2,-6214,-633,1747,-3243,15636,5808
R,29c3,222649353,2,-6393,-806,1970,-3036,15492,5329
R,aa2c,222649871,6,-7756,4596,-6537,-2649,6011,7973
R,29c3,222650543,2,-6546,-973,2201,-2781,15310,4869
R,29c3,222652954,4,-13468,-2219,5187,-2220,15155,3884
R,aa2c,222653533,6,-11455,4208,-6001,-2791,4826,7762
R,29c3,222654174,2,-6896,-1160,2970,-1964,15017,3468
R,29c3,222656555,4,-14195,-2267,6638,-1515,14803,2707
R,aa2c,222657104,6,-14772,3220,-5603,-2954,3357,7598
R,29c3,222657745,2,-7315,-1005,3683,-1344,14618,2493
R,29c3,222658935,2,-7473,-902,3865,-1181,14382,2275
R,29c3,222660156,2,-7640,-752,4086,-1144,14099,2137
R,aa2c,222660766,6,-17353,2047,-5926,-2897,1798,7432
R,29c3,222661346,2,-7806,-637,4267,-1096,13775,2052
R,29c3,222662536,2,-7945,-503,4443,-1074,13444,1977
R,aa2c,222664367,6,-18895,1281,-6468,-2771,474,7486
R,29c3,222664947,4,-16285,-632,9298,-1038,12706,2034
R,29c3,222666137,2,-8325,-170,4871,-995,12314,2084
R,29c3,222667358,2,-8411,-103,4973,-955,11906,2208
R,aa2c,222667968,6,-19176,1126,-6805,-2986,-507,7872
R,29c3,222668518,2,-8501,-34,5073,-831,11496,2280
R,29c3,222669738,2,-8563,26,5140,-733,11111,2446
R,aa2c,222671600,6,-18512,1023,-7360,-3301,-895,8670
R,29c3,222672119,4,-17253,246,10559,-462,10319,2740
R,29c3,222674530,4,-17285,433,10813,-291,9520,3154
R,aa2c,222675201,6,-17532,569,-7576,-3544,-779,9440
R,29c3,222675720,2,-8641,266,5481,-176,9153,3361
R,29c3,222676940,2,-8604,274,5522,-151,8806,3590
R,aa2c,222678833,6,-17034,-271,-7438,-3791,-551,10050
R,29c3,222679321,4,-17111,483,11138,-105,8080,4210
R,29c3,222680541,2,-8533,180,5588,-21,7749,4582
R,29c3,222681732,2,-8542,111,5568,43,7348,4910
R,aa2c,222682464,6,-17191,-1345,-7225,-4041,-477,10425
R,29c3,222682922,2,-8552,48,5552,181,6977,5221
R,aa2c,222686065,6,-17631,-2535,-6679,-4006,-748,10631
R,29c3,222686553,6,-25726,-196,16190,556,5714,6047
R,29c3,222687713,2,-8524,-159,5220,626,5275,6273
R,aa2c,222689697,6,-17813,-3423,-5867,-3897,-1318,10745
R,29c3,222690124,4,-16847,-516,10094,715,4467,6609
R,29c3,222691314,2,-8267,-373,4869,793,4049,6635
R,aa2c,222693328,6,-17506,-4099,-4887,-3935,-2049,10871
R,29c3,222693725,4,-16074,-979,9372,981,3315,6748
R,29c3,222696105,4,-15184,-1236,8827,1238,2662,6882
R,aa2c,222696929,6,-16778,-4903,-3928,-3903,-2976,10948
R,29c3,222697326,2,-7165,-680,4167,1283,2396,6908
R,29c3,222698516,2,-6837,-737,4024,1367,2186,6910
R,aa2c,222700561,6,-15782,-5871,-3182,-3825,-3926,10950
R,29c3,222700897,4,-12575,-1540,7634,1592,1892,7009
R,29c3,222702117,2,-5719,-788,3579,1757,1774,6976
R,29c3,222703308,2,-5336,-760,3424,1884,1691,7043
R,aa2c,222704193,6,-14379,-6981,-2751,-3775,-4725,10968
R,29c3,222704498,2,-4907,-712,3255,2001,1717,7084
R,29c3,222705688,2,-4492,-658,3068,2054,1732,7139
R,29c3,222706939,2,-4086,-582,2926,2088,1809,7145
R,aa2c,222707794,6,-12617,-8178,-2507,-3725,-5414,10951
R,29c3,222709320,4,-6984,-965,5399,2105,2037,7328
R,29c3,222710510,2,-2896,-389,2510,2057,2175,7402
R,aa2c,222711425,6,-10416,-9361,-2420,-3627,-5772,10868
R,29c3,222712921,4,-4708,-644,4627,2032,2509,7545
R,29c3,222714111,2,-1856,-275,2115,1952,2721,7621
R,aa2c,222715026,6,-8087,-10549,-2294,-3595,-5889,10839
R,29c3,222716522,4,-2768,-523,3862,1883,3113,7751
R,29c3,222717712,2,-956,-246,1781,1925,3288,7814
R,aa2c,222718658,6,-5775,-11733,-2250,-3532,-5858,10940
R,29c3,222720092,4,-1214,-494,3301,1997,3544,7928
R,29c3,222721313,2,-253,-247,1527,2049,3645,8003
R,aa2c,222722290,6,-3539,-13069,-2188,-3375,-5839,11028
R,29c3,222723693,4,176,-500,2795,2105,3807,8167
R,29c3,222724884,2,436,-249,1289,2076,3834,8227
R,aa2c,222725891,6,-1202,-14226,-2152,-3051,-5567,11181
R,29c3,222727294,4,1519,-549,2339,2086,3891,8342
R,29c3,222728485,2,1081,-313,1084,2093,3924,8360
R,aa2c,222729522,6,1180,-15037,-2099,-2885,-5343,11326
R,29c3,222732086,6,4414,-1201,2843,2116,3948,8259
R,aa2c,222733154,6,3468,-15773,-2066,-2763,-5009,11403
R,29c3,222735687,6,6066,-1683,1991,2139,3933,7951
R,aa2c,222736755,6,5470,-16436,-2272,-2602,-4555,11301
R,29c3,222738098,4,4856,-1375,833,2172,3935,7566
R,29c3,222739288,2,2680,-766,260,2181,3922,7429
R,aa2c,222740386,6,7303,-16881,-2514,-2225,-4051,10936
R,29c3,222741699,4,5829,-1645,194,2224,3944,6981
R,29c3,222742889,2,3180,-878,-104,2201,3968,6685
R,aa2c,222743988,6,8710,-16920,-2867,-1643,-3370,10347
R,29c3,222745269,4,6933,-1900,-621,2255,4049,6198
R,29c3,222746490,2,3751,-979,-492,2291,4109,5910
R,29c3,222750091,6,12434,-2895,-2133,2545,4294,5073
R,aa2c,222751251,12,19983,-31550,-6824,-812,-2355,9171
R,29c3,222752471,4,9252,-1742,-2052,2747,4466,4570
R,29c3,222753662,2,4920,-760,-1222,2819,4550,4388
R,aa2c,222754852,6,10951,-14408,-3850,-427,-1852,8929
R,29c3,222756072,4,10363,-1255,-2818,2863,4750,4086
R,29c3,222757263,2,5419,-460,-1567,2855,4811,3917
R,aa2c,222758453,6,11324,-13605,-3934,-229,-1329,8771
R,29c3,222759674,4,11273,-621,-3540,2721,5051,3759
R,29c3,222760864,2,5829,-166,-1971,2598,5128,3665
R,aa2c,222762084,6,11292,-12975,-4090,-199,-886,8784
R,29c3,222763275,4,12087,-165,-4344,2348,5429,3419
R,29c3,222766845,6,19300,-144,-7173,1984,6167,3046
R,29c3,222768035,2,6751,-96,-2500,1924,6518,2854
R,29c3,222770477,4,13920,-260,-5194,1913,7317,2612
R,29c3,222771667,2,7107,-113,-2645,1985,7747,2462
R,29c3,222774047,4,14387,-166,-5291,2019,8569,2229
R,29c3,222775238,2,7225,3,-2616,1999,9025,2127
R,29c3,222777648,4,14425,159,-5121,1881,9837,1957
R,29c3,222778839,2,7156,171,-2501,1830,10223,1889
R,29c3,222781250,4,14079,499,-4782,1602,10939,1819
R,29c3,222782440,2,6911,306,-2257,1506,11293,1867
R,aa2c,222783813,36,57994,-78389,-27419,216,139,8332
R,29c3,222784851,4,13397,665,-4108,1271,11843,1804
R,29c3,222786041,2,6462,351,-1854,1224,12125,1784
R,29c3,222787231,2,6265,349,-1705,1125,12349,1794
R,29c3,222788452,2,6066,353,-1574,1071,12578,1774
R,29c3,222789642,2,5841,369,-1473,1013,12786,1729
R,29c3,222790832,2,5605,380,-1347,965,12948,1733
R,29c3,222792053,2,5352,386,-1184,882,13075,1656
R,29c3,222793243,2,5103,438,-1013,879,13212,1612
R,29c3,222794433,2,4854,431,-850,805,13267,1533
R,29c3,222795623,2,4594,442,-689,725,13371,1408
R,29c3,222796844,2,4370,463,-544,705,13470,1287
R,29c3,222798034,2,4149,454,-403,672,13559,1121
R,29c3,222799224,2,3957,472,-208,716,13712,991
R,29c3,222800445,2,3770,499,-2,705,13862,908
R,aa2c,222801910,30,38487,-71039,-31600,579,3084,7660
R,29c3,222802825,4,7119,1070,730,620,14179,735
R,29c3,222804016,2,3371,554,758,518,14279,693
R,29c3,222805206,2,3249,509,1017,437,14447,604
R,aa2c,222805511,6,5969,-14751,-5855,666,3455,7646
R,29c3,222806457,2,3135,485,1264,387,14554,544
R,29c3,222807617,2,3040,460,1520,369,14717,481
R,aa2c,222809143,6,4559,-14672,-5350,526,3492,7752
R,29c3,222812438,8,11057,1604,8987,540,15487,359
R,aa2c,222812744,6,3218,-14585,-4973,400,3298,7908
R,29c3,222813629,2,2380,369,2980,593,15634,365
R,29c3,222814819,2,2137,348,3237,556,15755,354
R,29c3,222816040,2,1875,344,3490,563,15868,303
R,aa2c,222816375,6,2255,-14497,-4722,392,3061,7955
R,29c3,222817230,2,1598,349,3768,576,15835,245
R,29c3,222818420,2,1299,339,4019,615,15855,218
R,29c3,222819610,2,985,338,4300,614,15777,110
R,aa2c,222819976,6,1719,-14259,-4477,592,2940,8009
R,29c3,222820831,2,670,339,4572,693,15669,16
R,29c3,222822021,2,333,344,4829,774,15504,-133
R,29c3,222823211,2,8,352,5067,858,15284,-265
R,aa2c,222823608,6,1578,-13691,-4120,773,3042,7837
R,29c3,222824401,2,-318,378,5262,926,15070,-517
R,29c3,222825592,2,-626,406,5489,1031,14821,-777
R,29c3,222826812,2,-941,466,5667,1204,14587,-1078
R,aa2c,222827239,6,1507,-12843,-3768,836,3392,7729
R,29c3,222828002,2,-1223,572,5858,1439,14304,-1359
R,29c3,222829223,2,-1513,698,6016,1697,14005,-1644
R,29c3,222830413,2,-1781,852,6192,1907,13670,-2039
R,aa2c,222830841,6,1386,-12154,-3365,811,3844,7777
R,29c3,222831604,2,-2012,1078,6384,2072,13296,-2368
R,29c3,222832794,2,-2217,1295,6492,2222,12988,-2761
R,29c3,222834014,2,-2388,1540,6588,2347,12580,-3142
R,aa2c,222834472,6,1222,-11658,-2510,591,4330,8070
R,29c3,222835205,2,-2526,1811,6670,2456,12230,-3480
R,29c3,222836395,2,-2614,2075,6753,2541,11872,-3794
R,29c3,222837615,2,-2643,2345,6872,2530,11528,-4114
R,aa2c,222838104,6,1202,-11486,-1122,315,4953,8513
R,29c3,222839996,4,-5169,5501,14096,2504,10999,-4695
R,29c3,222841217,2,-2442,3125,7210,2463,10794,-5011
R,aa2c,222841705,6,801,-11819,650,171,5389,8863
R,29c3,222843597,4,-4507,6949,14668,2496,10508,-5462
R,29c3,222844787,2,-2021,3845,7427,2585,10451,-5730
R,aa2c,222845336,6,-163,-12360,2438,-59,5583,9031
R,29c3,222845977,2,-1886,4100,7484,2657,10436,-5932
R,29c3,222847198,2,-1743,4378,7547,2761,10448,-6173
R,29c3,222848388,2,-1621,4690,7597,2775,10532,-6410
R,aa2c,222848968,6,-1343,-12991,4136,-63,5449,9013
R,29c3,222849578,2,-1521,5025,7669,2903,10631,-6656
R,29c3,222850799,2,-1443,5356,7739,2944,10767,-6867
R,29c3,222851989,2,-1407,5699,7797,3037,10892,-7108
R,aa2c,222852569,6,-2305,-13500,5949,250,5197,8602
R,aa2c,222856201,6,-3091,-13373,7497,560,4811,7934
R,29c3,222856781,8,-6139,26710,31509,3319,11266,-7872
R,29c3,222859191,4,-3784,15934,16024,3249,11110,-8061
R,aa2c,222859802,6,-3560,-12618,8750,1066,4373,7358
R,29c3,222861602,4,-4299,17650,16233,3074,10864,-8120
R,29c3,222862792,2,-2302,9420,8183,2977,10661,-8144
R,aa2c,222863433,6,-3448,-11341,10082,1417,4193,7063
R,29c3,222863952,2,-2364,9810,8210,2851,10437,-8071
R,29c3,222866363,4,-4851,20692,16568,2638,9964,-7892
R,aa2c,222867065,6,-2963,-9825,11581,1354,4229,6893
R,29c3,222867584,2,-2428,10870,8356,2562,9768,-7815
R,29c3,222868774,2,-2371,11255,8416,2501,9523,-7736
R,29c3,222869964,2,-2321,11605,8454,2506,9378,-7713
R,aa2c,222870666,6,-2408,-8267,13113,1369,4345,6730
R,29c3,222871185,2,-2229,11978,8503,2474,9230,-7582
R,29c3,222872375,2,-2143,12372,8505,2461,9149,-7537
R,29c3,222873565,2,-2060,12771,8540,2432,9098,-7493
R,aa2c,222874298,6,-1754,-6402,14558,1101,4790,6845
R,29c3,222874755,2,-2001,13186,8527,2386,9048,-7479
R,29c3,222877166,4,-3858,27588,17070,2107,9032,-7471
R,aa2c,222877899,6,-1189,-5213,16298,393,5333,7181
R,29c3,222878387,2,-1900,14420,8528,1974,9048,-7591
R,29c3,222880767,4,-3855,29986,16980,1684,9127,-7708
R,aa2c,222881530,6,-747,-4989,18435,-220,6208,7621
R,29c3,222881988,2,-1998,15538,8428,1575,9149,-7849
R,29c3,222883178,2,-2059,15852,8395,1397,9213,-7931
R,29c3,222884368,2,-2126,16185,8354,1262,9253,-8061
R,aa2c,222885162,6,-1301,-5088,20592,116,6664,7847
R,29c3,222885528,2,-2218,16477,8315,1149,9311,-8318
R,29c3,222886749,2,-2308,16759,8305,1045,9368,-8432
R,29c3,222887969,2,-2392,17010,8269,1027,9413,-8610
R,aa2c,222888763,6,-2581,-4822,22607,-474,6543,7937
R,29c3,222889160,2,-2501,17286,8257,1020,9416,-8739
R,29c3,222890350,2,-2589,17564,8252,1040,9402,-8849
R,29c3,222891571,2,-2672,17851,8260,963,9331,-8889
R,aa2c,222892395,6,-3907,-5735,24845,-510,5891,8089
R,29c3,222892730,2,-2752,18140,8256,922,9254,-8825
R,29c3,222893951,2,-2805,18426,8267,777,9094,-8810
R,29c3,222895141,2,-2845,18702,8279,672,8926,-8654
R,aa2c,222896057,6,-4474,-6734,26992,-441,5124,8163
R,29c3,222896331,2,-2857,18970,8279,527,8743,-8495
R,29c3,222897552,2,-2833,19241,8301,414,8547,-8346
R,29c3,222898742,2,-2795,19505,8311,227,8371,-8126
R,aa2c,222899658,6,-4006,-7533,29055,-664,4461,7739
R,29c3,222899932,2,-2737,19765,8289,24,8232,-7959
R,29c3,222901153,2,-2659,20003,8251,-138,8110,-7782
R,29c3,222902343,2,-2603,20215,8231,-331,8109,-7624
R,aa2c,222903259,6,-3125,-8468,31056,-166,3591,7394
R,29c3,222903533,2,-2555,20422,8176,-515,8122,-7490
R,29c3,222904724,2,-2523,20621,8146,-608,8183,-7398
R,29c3,222905944,2,-2495,20809,8100,-698,8228,-7253
R,aa2c,222906860,6,-1407,-8536,32629,25,3149,7149
R,29c3,222908355,4,-5056,42214,16157,-825,8356,-7120
R,29c3,222909545,2,-2603,21423,8031,-851,8447,-7009
R,aa2c,222910491,6,792,-8098,34351,137,3011,6462
R,29c3,222911956,4,-5464,43522,15971,-1119,8483,-6916
R,29c3,222913146,2,-2879,22109,7930,-1320,8501,-6857
R,aa2c,222914123,6,2729,-7335,35702,508,3086,6054
R,29c3,222915557,4,-5999,44808,15795,-1858,8339,-6662
R,29c3,222916748,2,-3083,22674,7896,-2154,8268,-6536
R,aa2c,222917724,6,4444,-5979,37062,236,3515,5944
R,29c3,222919128,4,-6238,45698,15864,-2701,8030,-6157
R,29c3,222920349,2,-3099,23068,7934,-2884,7849,-5935
R,aa2c,222921356,6,5690,-5027,38715,-94,4085,5627
R,29c3,222922729,4,-5967,46557,15853,-3315,7630,-5277
R,29c3,222923919,2,-2787,23522,7969,-3589,7531,-4853
R,29c3,222926330,4,-5105,47521,15983,-4240,7581,-3916
R,29c3,222927520,2,-2331,23940,8017,-4597,7667,-3420
R,29c3,222929931,4,-4336,48180,16007,-5326,7901,-2341
R,29c3,222931121,2,-2053,24154,8006,-5605,8011,-1716
R,29c3,222933532,4,-4085,48341,16145,-6230,8272,-510
R,29c3,222934722,2,-2112,24174,8123,-6502,8392,93
R,29c3,222937133,4,-4585,48170,16208,-6931,8565,1266
R,29c3,222938323,2,-2525,23965,8094,-7121,8610,1869
R,29c3,222940734,4,-5648,47659,16209,-7473,8732,2991
R,29c3,222941925,2,-3183,23660,8159,-7631,8766,3544
R,29c3,222944305,4,-7177,46806,16505,-7705,8791,4677
R,29c3,222945495,2,-4008,23120,8356,-7705,8847,5298
R,29c3,222947906,4,-9030,45795,16982,-8016,8615,6493
R,29c3,222949096,2,-5008,22632,8590,-8305,8425,7162
R,29c3,222951507,4,-11015,44491,17350,-8849,7950,8245
R,29c3,222952697,2,-5902,21778,8785,-8997,7734,8821
R,29c3,222955108,4,-12477,42312,17876,-9223,7365,9988
R,29c3,222956298,2,-6538,20496,9114,-9218,7117,10578
R,29c3,222959899,6,-20696,58797,28193,-9322,6601,12243
R,aa2c,222964782,72,-60074,-128321,569569,-2862,-4682,3990
R,29c3,222965881,10,-38828,87885,49335,-9530,5726,14122
R,29c3,222967102,2,-8559,16095,9888,-9898,5608,13985
R,29c3,222969512,4,-17784,30202,20037,-9771,5783,13988
R,29c3,222970703,2,-9339,14102,10339,-9584,5920,13973
R,29c3,222973083,4,-19947,26425,21189,-8840,5836,13698
R,29c3,222976684,6,-33596,36146,32759,-7576,5107,12925
R,29c3,222977874,2,-12254,11459,11192,-7363,4800,12619
R,aa2c,222979278,24,-66635,-54341,195608,-2531,-8020,4903
R,29c3,222980285,4,-26156,22477,22658,-7158,3954,12049
R,29c3,222981475,2,-13865,11060,11382,-7155,3449,11799
R,29c3,222982696,2,-14345,10957,11401,-7175,2893,11540
R,29c3,222983886,2,-14740,10842,11432,-7177,2325,11316
R,29c3,222985076,2,-15065,10713,11489,-7096,1756,11128
R,29c3,222986267,2,-15327,10591,11561,-7051,1193,10955
R,29c3,222987487,2,-15546,10500,11656,-6911,646,10866
R,29c3,222988677,2,-15699,10439,11762,-6899,77,10783
R,29c3,222989868,2,-15815,10354,11816,-6796,-477,10799
R,29c3,222991088,2,-15882,10281,11875,-6743,-998,10783
R,29c3,222992279,2,-15937,10218,11923,-6740,-1536,10873
R,29c3,222993469,2,-15963,10152,11939,-6641,-2218,11114
R,29c3,222994659,2,-15930,10115,11946,-6499,-3060,11542
R,29c3,222995880,2,-15827,10088,11945,-6626,-3815,11991
R,29c3,222997070,2,-15696,10021,11931,-6810,-4620,12436
R,29c3,222998260,2,-15468,9889,11869,-6999,-5418,13003
R,29c3,222999481,2,-15175,9748,11771,-7209,-6217,13560
R,29c3,223000671,2,-14795,9555,11631,-7538,-6974,14110
R,aa2c,223000976,36,-134989,-95049,235267,-4802,-8387,5412
R,29c3,223001861,2,-14352,9258,11472,-7974,-7713,14646
R,29c3,223003051,2,-13802,8868,11292,-8320,-8429,15027
R,29c3,223004241,2,-13180,8411,11108,-8556,-9047,15422
R,aa2c,223004577,6,-26411,-16784,38102,-4920,-10678,5181
R,29c3,223005462,2,-12467,7877,10931,-8711,-9458,15794
R,29c3,223006652,2,-11702,7350,10750,-8957,-9647,16004
R,29c3,223007873,2,-10985,6773,10545,-8962,-9853,16216
R,aa2c,223008239,6,-25297,-17333,37126,-5014,-12579,4891
R,29c3,223009063,2,-10252,6175,10304,-8788,-9922,16455
R,29c3,223010253,2,-9574,5603,10075,-8469,-9863,16530
R,29c3,223011474,2,-8942,5093,9853,-8115,-9580,16591
R,29c3,223012664,2,-8417,4650,9653,-7606,-9312,16714
R,29c3,223013854,2,-7964,4271,9477,-7248,-8941,16742
R,aa2c,223015472,12,-42867,-35444,69460,-4082,-14287,4656
R,29c3,223017456,6,-22156,10977,27226,-6545,-8320,16468
R,29c3,223018646,2,-6988,3190,8712,-6500,-8094,16266
R,aa2c,223019042,6,-17947,-17577,31901,-3801,-15099,4294
R,29c3,223019836,2,-6866,2990,8570,-6389,-7953,16073
R,29c3,223021057,2,-6732,2797,8439,-6236,-7861,15924
R,29c3,223022247,2,-6648,2600,8332,-6088,-7789,15784
R,aa2c,223022705,6,-16858,-17395,29539,-4062,-15680,3806
R,29c3,223023468,2,-6594,2462,8240,-5843,-7869,15605
R,29c3,223024627,2,-6489,2328,8168,-5613,-8004,15483
R,29c3,223025848,2,-6375,2255,8107,-5458,-8088,15440
R,aa2c,223026306,6,-16247,-17459,27507,-4012,-16053,3847
R,29c3,223027038,2,-6268,2193,8037,-5352,-8305,15372
R,29c3,223028259,2,-6091,2167,7965,-5246,-8514,15310
R,29c3,223029449,2,-5909,2131,7883,-5201,-8717,15294
R,29c3,223030639,2,-5701,2104,7841,-5234,-8850,15383
R,29c3,223033050,4,-10759,4051,15594,-5289,-9142,15477
R,aa2c,223033569,12,-30036,-32437,49922,-3732,-16625,3496
R,29c3,223035430,4,-10072,3762,15313,-5302,-9428,15607
R,29c3,223036651,2,-4800,1752,7528,-5229,-9643,15723
R,aa2c,223037200,6,-13480,-14554,22810,-3801,-17018,3340
R,29c3,223037841,2,-4650,1648,7431,-5206,-9893,15764
R,29c3,223040252,4,-8842,3003,14567,-5159,-10499,15741
R,aa2c,223040802,6,-11979,-13521,21427,-3991,-17413,3161
R,29c3,223041412,2,-4167,1331,7081,-5076,-10761,15713
R,29c3,223042633,2,-3974,1236,6966,-5018,-11019,15689
R,29c3,223043823,2,-3756,1138,6798,-4898,-11303,15549
R,aa2c,223044433,6,-9751,-12630,20633,-3602,-17619,3083
R,29c3,223045013,2,-3512,1060,6661,-4787,-11573,15475
R,29c3,223046234,2,-3230,972,6522,-4631,-11838,15392
R,29c3,223047424,2,-2928,920,6381,-4480,-12021,15280
R,aa2c,223048034,6,-7333,-11521,19568,-3742,-17774,2638
R,29c3,223048614,2,-2592,875,6224,-4450,-12210,15167
R,29c3,223049835,2,-2262,806,6074,-4358,-12349,15066
R,aa2c,223051666,6,-5078,-10907,18580,-3875,-17938,2482
R,29c3,223052246,4,-3499,1527,11718,-4134,-12514,14937
R,29c3,223053436,2,-1242,766,5624,-4032,-12493,14907
R,29c3,223054626,2,-917,758,5442,-3938,-12501,14904
R,aa2c,223055267,6,-3344,-10530,17704,-3369,-17976,2460
R,29c3,223055816,2,-610,788,5270,-3912,-12425,14933
R,29c3,223057006,2,-336,811,5074,-3868,-12338,14974
R,29c3,223058227,2,-87,830,4895,-3883,-12282,14927
R,aa2c,223058868,6,-1386,-9768,16354,-3405,-17720,2669
R,29c3,223059417,2,154,843,4710,-3906,-12180,14976
R,29c3,223060607,2,364,836,4548,-3934,-12134,14946
R,29c3,223061828,2,580,814,4367,-3947,-12092,14997
R,aa2c,223062530,6,740,-9034,15189,-3704,-17370,2628
R,29c3,223063018,2,806,798,4189,-3962,-12023,14949
R,29c3,223064239,2,1052,747,4004,-4070,-11958,14979
R,29c3,223065399,2,1296,685,3826,-4063,-11906,14968
R,29c3,223067810,4,3406,1134,7151,-4124,-11667,14970
R,29c3,223069000,2,2130,452,3331,-4098,-11392,14940
R,29c3,223070220,2,2375,360,3172,-4066,-11153,14871
R,29c3,223071411,2,2608,285,3028,-3949,-10845,14864
R,29c3,223072601,2,2806,245,2886,-4007,-10496,14786
R,aa2c,223073394,18,12415,-23622,38227,-3199,-15793,2015
R,29c3,223073822,2,2928,159,2752,-3938,-10079,14751
R,29c3,223075012,2,2997,93,2604,-3852,-9744,14674
R,29c3,223076202,2,3011,32,2437,-3816,-9462,14582
R,aa2c,223076995,6,5586,-6499,10332,-3207,-15391,1834
R,29c3,223077392,2,2984,-10,2291,-3756,-9203,14472
R,29c3,223078613,2,2953,-68,2153,-3739,-8989,14350
R,29c3,223079803,2,2897,-92,2040,-3740,-8851,14167
R,aa2c,223080627,6,5786,-5632,8760,-3146,-15064,1585
R,29c3,223080993,2,2870,-136,1936,-3824,-8691,13935
R,29c3,223082214,2,2837,-166,1820,-3788,-8526,13782
R,29c3,223083404,2,2813,-209,1698,-3797,-8368,13584
R,29c3,223084594,2,2799,-277,1570,-3766,-8210,13391
R,29c3,223085784,2,2755,-300,1521,-3697,-8087,13184
R,29c3,223087036,2,2730,-341,1461,-3648,-7974,12953
R,29c3,223088195,2,2731,-351,1347,-3554,-7906,12779
R,29c3,223089385,2,2749,-342,1305,-3499,-7830,12578
R,29c3,223090606,2,2778,-318,1219,-3516,-7657,12417
R,aa2c,223091491,18,16818,-10952,19247,-3196,-13499,2008
R,29c3,223091796,2,2791,-302,1154,-3462,-7516,12277
R,29c3,223092987,2,2805,-305,1065,-3436,-7373,12090
R,29c3,223094177,2,2821,-278,1011,-3456,-7250,11974
R,29c3,223095397,2,2828,-257,930,-3455,-7136,11872
R,29c3,223096588,2,2831,-251,885,-3465,-7037,11772
R,29c3,223097778,2,2825,-217,833,-3481,-6927,11649
R,aa2c,223098693,12,10828,-3105,8108,-3774,-12642,1966
R,29c3,223100189,4,5626,-428,1468,-3574,-6670,11459
R,29c3,223101379,2,2780,-212,622,-3572,-6603,11365
R,aa2c,223102325,6,5580,-1082,3007,-3705,-12105,1845
R,29c3,223103790,4,5520,-427,1072,-3594,-6363,11168
R,29c3,223104980,2,2736,-198,452,-3631,-6317,11085
R,aa2c,223105957,6,5574,-718,2633,-3927,-11618,1780
R,29c3,223107391,4,5420,-458,708,-3622,-6094,10917
R,29c3,223108581,2,2697,-238,234,-3667,-5967,10805
R,aa2c,223109558,6,5480,-460,2079,-3941,-11181,1905
R,29c3,223110992,4,5328,-493,271,-3689,-5761,10688
R,29c3,223112182,2,2637,-262,51,-3694,-5627,10559
R,aa2c,223113189,6,5350,-547,1712,-4083,-10755,2104
R,29c3,223114593,4,5193,-583,-16,-3629,-5388,10451
R,29c3,223116973,4,5088,-623,-254,-3624,-5229,10308
R,29c3,223118164,2,2521,-325,-226,-3646,-5100,10238
R,29c3,223119384,2,2509,-321,-301,-3654,-5015,10234
R,29c3,223121765,4,4965,-637,-721,-3690,-4771,10114
R,29c3,223122955,2,2449,-339,-417,-3721,-4599,10042
R,29c3,223125366,4,4809,-709,-955,-3765,-4244,9979
R,29c3,223126556,2,2300,-383,-531,-3812,-4088,9869
R,29c3,223130157,6,6495,-1169,-1959,-3858,-3658,9708
R,29c3,223132568,4,3827,-766,-1480,-3851,-3333,9626
R,29c3,223133758,2,1729,-391,-776,-3911,-3173,9536
R,29c3,223136169,4,2962,-834,-1648,-3853,-3026,9366
R,29c3,223137359,2,1268,-417,-886,-3883,-2959,9292
R,29c3,223139770,4,2184,-822,-1885,-3858,-2859,9074
R,29c3,223140960,2,945,-395,-940,-3801,-2832,9000
R,29c3,223143341,4,1696,-704,-1896,-3785,-2746,8833
R,29c3,223146972,6,2353,-773,-2765,-3828,-2574,8699
R,29c3,223148132,2,774,-165,-899,-3832,-2482,8703
R,29c3,223150543,4,1545,-203,-1747,-3848,-2248,8743
R,29c3,223151733,2,728,-34,-819,-3894,-2113,8765
R,29c3,223152954,2,684,-1,-761,-3885,-2021,8811
R,29c3,223154144,2,625,40,-735,-3877,-1909,8822
R,29c3,223155334,2,550,85,-736,-3858,-1815,8857
R,29c3,223156555,2,460,149,-717,-3931,-1763,8895
R,29c3,223157745,2,367,149,-692,-3935,-1695,8936
R,29c3,223158935,2,234,186,-653,-3871,-1666,9003
R,29c3,223160125,2,131,220,-622,-3907,-1700,9037
R,29c3,223161346,2,14,256,-566,-3936,-1721,9068
R,29c3,223162536,2,-75,292,-538,-3917,-1767,9126
R,29c3,223163726,2,-181,313,-543,-3952,-1822,9173
R,29c3,223164916,2,-267,347,-519,-3925,-1846,9223
R,29c3,223166107,2,-339,364,-485,-3926,-1913,9290
R,29c3,223167327,2,-413,407,-458,-3900,-1984,9351
R,29c3,223168548,2,-471,422,-450,-3906,-2036,9412
R,29c3,223169738,2,-522,465,-414,-3870,-2108,9485
R,29c3,223170928,2,-565,508,-405,-3868,-2175,9505
R,29c3,223172119,2,-609,534,-383,-3878,-2243,9602
R,29c3,223173309,2,-645,569,-392,-3857,-2311,9593
R,29c3,223174530,2,-675,610,-397,-3890,-2389,9676
R,29c3,223175720,2,-703,630,-401,-3914,-2461,9724
R,29c3,223176910,2,-728,662,-402,-3917,-2519,9768
R,29c3,223178131,2,-737,681,-414,-3924,-2542,9856
R,29c3,223179321,2,-770,710,-419,-3879,-2572,9927
R,29c3,223180511,2,-768,731,-444,-3913,-2647,9975
R,29c3,223181732,2,-783,762,-459,-3941,-2658,10035
R,29c3,223182922,2,-785,770,-489,-4014,-2660,10106
R,29c3,223184112,2,-776,783,-512,-3998,-2690,10198
R,29c3,223185302,2,-779,777,-518,-3971,-2685,10305
R,29c3,223187713,4,-1510,1566,-1041,-4042,-2701,10655
R,29c3,223188903,2,-717,755,-567,-4080,-2791,10863
R,aa2c,223189178,126,11824,12691,25251,-4773,-9258,4260
R,29c3,223190124,2,-687,740,-530,-4138,-2818,11111
R,29c3,223191314,2,-630,681,-516,-4223,-2886,11414
R,aa2c,223192810,6,-2204,577,2371,-4653,-9586,4450
R,29c3,223193695,4,-1050,1124,-998,-4364,-2950,12030
R,29c3,223194915,2,-426,430,-469,-4395,-2975,12353
R,29c3,223196105,2,-374,308,-451,-4410,-2925,12680
R,aa2c,223196441,6,-2398,24,2520,-4573,-9979,4561
R,29c3,223197296,2,-360,181,-449,-4491,-2949,12988
R,29c3,223198516,2,-337,50,-479,-4504,-2979,13299
R,29c3,223199707,2,-337,-88,-492,-4478,-3039,13581
R,aa2c,223200042,6,-2471,-597,2520,-4338,-10406,4640
R,29c3,223200897,2,-329,-226,-484,-4493,-3069,13928
R,29c3,223202117,2,-327,-401,-463,-4466,-3143,14282
R,29c3,223203277,2,-327,-579,-467,-4509,-3199,14619
R,aa2c,223203674,6,-2427,-1067,2312,-4168,-10714,4748
R,29c3,223204498,2,-335,-760,-470,-4591,-3301,15050
R,29c3,223205688,2,-354,-948,-476,-4674,-3429,15396
R,29c3,223206909,2,-378,-1192,-532,-4804,-3563,15811
R,29c3,223208099,2,-365,-1413,-567,-4862,-3723,16200
R,29c3,223209289,2,-385,-1703,-596,-4926,-3931,16603
R,29c3,223210510,2,-377,-1975,-642,-5002,-4042,16992
R,aa2c,223210906,12,-5085,-3730,3381,-3957,-10990,4966
R,29c3,223211700,2,-363,-2269,-696,-5094,-4186,17389
R,29c3,223212890,2,-351,-2601,-755,-5209,-4314,17682
R,29c3,223214080,2,-324,-2937,-851,-5222,-4423,17974
R,aa2c,223214569,6,-3025,-2750,906,-4122,-10932,5190
R,29c3,223215301,2,-291,-3267,-938,-5272,-4510,18304
R,29c3,223216491,2,-253,-3631,-1035,-5354,-4635,18587
R,29c3,223217681,2,-209,-3995,-1131,-5427,-4735,18859
R,aa2c,223218139,6,-3894,-3690,267,-4490,-11227,5457
R,29c3,223218872,2,-141,-4365,-1208,-5508,-4799,19093
R,29c3,223220092,2,-52,-4736,-1275,-5574,-4892,19336
R,29c3,223221282,2,44,-5124,-1348,-5633,-4985,19580
R,aa2c,223221771,6,-4765,-5390,-232,-5003,-11446,5951
R,29c3,223222473,2,178,-5493,-1431,-5719,-5049,19810
R,29c3,223223693,2,328,-5875,-1511,-5720,-5146,20140
R,29c3,223224884,2,505,-6260,-1621,-5752,-5258,20533
R,aa2c,223225372,6,-5950,-7901,-774,-5338,-12013,6239
R,29c3,223226074,2,725,-6649,-1709,-5833,-5369,20945
R,29c3,223227294,2,972,-7040,-1779,-5958,-5492,21417
R,29c3,223228485,2,1232,-7454,-1847,-6100,-5662,21867
R,aa2c,223229034,6,-7152,-10700,-1664,-4770,-12615,6861
R,29c3,223229675,2,1516,-7880,-1890,-6331,-5730,22399
R,29c3,223230865,2,1862,-8360,-1957,-6450,-5825,22895
R,29c3,223232086,2,2172,-8839,-2057,-6594,-5885,23479
R,aa2c,223232635,6,-7780,-12630,-2457,-4661,-13045,7387
R,29c3,223233276,2,2526,-9350,-2160,-6747,-5918,24009
R,29c3,223234466,2,2864,-9876,-2255,-6820,-5969,24601
R,29c3,223235687,2,3223,-10417,-2355,-6986,-6025,25242
R,aa2c,223236267,6,-7904,-14430,-3451,-4655,-13477,7870
R,29c3,223236877,2,3596,-10964,-2444,-7167,-6077,25966
R,29c3,223238067,2,3951,-11545,-2513,-7487,-6116,26712
R,29c3,223239288,2,4330,-12168,-2619,-7957,-6239,27437
R,aa2c,223239898,6,-7886,-16014,-4348,-4467,-13838,8462
R,29c3,223240447,2,4693,-12863,-2739,-8383,-6353,28205
R,29c3,223241668,2,5045,-13612,-2892,-8678,-6538,29064
R,29c3,223242858,2,5428,-14408,-3067,-8923,-6730,29939
R,aa2c,223243499,6,-7723,-17126,-5635,-4531,-14573,8751
R,29c3,223245269,4,11994,-31228,-6756,-9484,-6955,31467
R,29c3,223246459,2,6591,-16897,-3728,-9780,-6992,32048
R,aa2c,223247100,6,-6954,-18033,-7370,-4674,-15178,9296
R,29c3,223247650,2,6965,-17822,-3941,-10142,-6950,32445
R,29c3,223248870,2,7359,-18697,-4236,-10538,-6748,32700
R,29c3,223250061,2,7696,-19635,-4535,-10798,-6448,32749
R,aa2c,223250732,6,-5765,-19127,-8966,-4867,-15461,10279
R,29c3,223251281,2,7985,-20636,-4818,-10909,-6124,32617
R,29c3,223252471,2,8228,-21607,-5050,-10911,-5826,32311
R,29c3,223253662,2,8465,-22535,-5298,-10913,-5379,31808
R,aa2c,223254333,6,-4394,-20589,-11042,-4925,-15695,11128
R,29c3,223254852,2,8655,-23423,-5547,-10932,-4967,31159
R,29c3,223256072,2,8805,-24274,-5792,-10861,-4564,30424
R,29c3,223257263,2,8930,-25046,-6017,-10762,-4114,29531
R,aa2c,223257965,6,-3494,-22289,-13263,-5087,-15563,11992
R,29c3,223258453,2,9048,-25764,-6227,-10636,-3674,28585
R,29c3,223259643,2,9154,-26388,-6429,-10509,-3225,27571
R,29c3,223260864,2,9260,-26961,-6614,-10415,-2705,26601
R,aa2c,223261596,6,-3803,-23918,-15645,-5237,-15204,12872
R,29c3,223262054,2,9320,-27463,-6786,-10284,-2173,25592
R,29c3,223263275,2,9379,-27906,-6941,-10074,-1680,24600
R,29c3,223264434,2,9401,-28295,-7097,-9836,-1224,23600
R,aa2c,223265197,6,-5188,-25346,-18424,-5648,-15221,13623
R,29c3,223265625,2,9423,-28602,-7229,-9608,-896,22594
R,29c3,223266845,2,9480,-28827,-7361,-9428,-490,21574
R,29c3,223268035,2,9553,-28980,-7499,-9224,-42,20506
R,aa2c,223268829,6,-6676,-26702,-21190,-6388,-15446,14210
R,29c3,223269226,2,9662,-29092,-7602,-9010,430,19513
R,29c3,223270446,2,9795,-29162,-7663,-8798,886,18503
R,29c3,223271636,2,10016,-29167,-7713,-8641,1403,17417
R,aa2c,223272460,6,-7163,-28511,-24217,-6918,-15484,14554
R,29c3,223272857,2,10234,-29124,-7729,-8497,1992,16411
R,29c3,223274047,2,10489,-29036,-7718,-8264,2648,15380
R,29c3,223275268,2,10796,-28924,-7690,-8121,3336,14479
R,aa2c,223276062,6,-6020,-30231,-27518,-7262,-14917,14581
R,29c3,223277648,4,22563,-57251,-15085,-7735,4847,12713
R,29c3,223278839,2,11805,-28280,-7285,-7588,5664,12022
R,29c3,223280029,2,12169,-28020,-7052,-7319,6610,11309
R,29c3,223282440,4,25386,-55175,-13251,-6673,8578,10345
R,aa2c,223283294,12,-4535,-61971,-60240,-6620,-10490,14860
R,29c3,223283630,2,13133,-27064,-6124,-6453,9504,9898
R,29c3,223284820,2,13390,-26667,-5754,-6240,10448,9477
R,29c3,223286010,2,13618,-26261,-5320,-6036,11481,9111
R,aa2c,223286926,6,-1485,-29726,-31297,-5544,-8405,14274
R,29c3,223287231,2,13764,-25817,-4861,-5899,12583,8772
R,29c3,223288421,2,13847,-25368,-4337,-5746,13632,8501
R,29c3,223289642,2,13829,-24904,-3813,-5604,14687,8242
R,aa2c,223290557,6,-3746,-26345,-31456,-5336,-7120,12698
R,29c3,223293243,6,40473,-72029,-8076,-5436,17503,7528
R,29c3,223294433,2,12828,-23146,-1529,-5376,18312,7376
R,29c3,223295623,2,12347,-22720,-895,-5310,18968,7187
R,29c3,223296813,2,11797,-22325,-234,-5241,19607,6993
R,29c3,223298034,2,11174,-21921,436,-5113,20071,6835
R,29c3,223299224,2,10502,-21532,1054,-5001,20406,6709
R,29c3,223300415,2,9776,-21134,1697,-4851,20601,6706
R,aa2c,223301422,18,-24150,-44981,-97944,-5195,-6999,10708
R,29c3,223302825,4,17311,-41105,5204,-4762,20458,6771
R,29c3,223304016,2,7545,-19971,3485,-4788,20162,6869
R,29c3,223306396,4,13099,-38973,8691,-5101,19212,6879
R,29c3,223307617,2,5661,-19079,5186,-5360,18627,6807
R,29c3,223310028,4,9865,-37698,11907,-5804,17481,6649
R,29c3,223311218,2,4329,-18740,6583,-5811,16892,6437
R,29c3,223313629,4,7890,-37389,14535,-5382,15837,5777
R,29c3,223314819,2,3721,-18640,7985,-4945,15374,5499
R,29c3,223317199,4,7157,-36925,17368,-4405,14561,4821
R,29c3,223318420,2,3456,-18216,9295,-4162,14227,4488
R,29c3,223320800,4,6517,-35844,19587,-3837,13610,3814
R,29c3,223321990,2,2978,-17632,10232,-3697,13235,3540
R,29c3,223324401,4,5177,-34723,21255,-3385,12427,2751
R,29c3,223325592,2,2117,-17057,10968,-3172,11946,2323
R,29c3,223328002,4,3270,-33552,22328,-2622,10938,1395
R,29c3,223329193,2,1119,-16412,11295,-2240,10360,941
R,29c3,223332794,6,1565,-47374,34188,-1410,8440,-418
R,29c3,223335205,4,-74,-29924,22914,-1157,7082,-1539
R,29c3,223336395,2,-206,-14489,11422,-1006,6435,-2060
R,29c3,223338806,4,-438,-28026,22677,-412,5352,-3139
R,29c3,223339996,2,-109,-13477,11248,-73,4913,-3650
R,29c3,223342376,4,140,-25781,22356,592,4252,-4502
R,29c3,223343597,2,265,-12248,11089,890,3935,-4869
R,29c3,223345977,4,907,-23173,21901,1508,3573,-5484
R,29c3,223347198,2,585,-10899,10780,1703,3424,-5668
R,29c3,223349578,4,1296,-20352,21167,2109,3072,-6000
R,29c3,223350769,2,637,-9465,10384,2304,2861,-6074
R,29c3,223353179,4,1192,-17531,20334,2592,2466,-6019
R,29c3,223354370,2,546,-8090,9944,2701,2302,-5881
R,29c3,223356781,4,895,-14984,19399,2741,1977,-5620
R,29c3,223357971,2,311,-6932,9433,2809,1818,-5439
R,29c3,223359161,2,205,-6589,9258,2908,1608,-5286
R,29c3,223360382,2,92,-6279,9071,2985,1466,-5163
R,29c3,223361572,2,-15,-5943,8897,3194,1291,-5000
R,29c3,223362762,2,-126,-5630,8735,3365,1134,-4855
R,29c3,223363983,2,-231,-5278,8556,3584,1036,-4662
R,29c3,223365173,2,-359,-4925,8376,3739,936,-4498
R,29c3,223366333,2,-468,-4586,8183,3893,889,-4348
R,29c3,223367553,2,-611,-4240,7994,4020,865,-4169
R,29c3,223368774,2,-780,-3846,7796,4079,797,-4062
R,29c3,223369964,2,-959,-3507,7638,4185,653,-4073
R,29c3,223371154,2,-1110,-3151,7481,4312,501,-4048
R,29c3,223372344,2,-1258,-2774,7327,4521,439,-3979
R,29c3,223373565,2,-1409,-2407,7156,4668,417,-3958
R,29c3,223374755,2,-1557,-2027,6969,4773,472,-3917
R,29c3,223375946,2,-1742,-1649,6787,4820,476,-3951
R,29c3,223377166,2,-1932,-1252,6611,4871,493,-3970
R,29c3,223378356,2,-2174,-896,6436,4867,448,-4105
R,29c3,223379547,2,-2421,-517,6281,4936,420,-4169
R,29c3,223380767,2,-2654,-144,6082,5032,398,-4315
R,29c3,223381958,2,-2921,220,5933,5171,345,-4382
R,29c3,223383148,2,-3165,648,5762,5272,332,-4424
R,29c3,223385559,4,-7169,2504,11001,5313,89,-4580
R,29c3,223386749,2,-3982,1847,5225,5304,-58,-4550
R,29c3,223389160,4,-8591,4890,9925,5197,-400,-4346
R,29c3,223390350,2,-4561,3008,4733,5081,-630,-4223
R,29c3,223391540,2,-4697,3354,4613,4924,-828,-4060
R,29c3,223392761,2,-4769,3680,4502,4855,-1085,-3907
R,29c3,223395141,4,-9673,8298,8577,4778,-1467,-3373
R,aa2c,223395507,156,-39243,-445194,-368010,3223,-654,-933
R,29c3,223396331,2,-4821,4606,4050,4769,-1648,-3110
R,aa2c,223399139,6,-16008,-4140,1256,3331,-872,-1123
R,29c3,223399932,6,-14271,15574,11368,4591,-1893,-2170
R,29c3,223401153,2,-4652,5762,3593,4515,-1954,-1828
R,29c3,223402313,2,-4618,6002,3474,4386,-1965,-1548
R,aa2c,223402740,6,-17816,-1581,1807,3269,-1087,-1072
R,29c3,223403533,2,-4581,6248,3330,4297,-1970,-1255
R,29c3,223405914,4,-9136,13136,6279,4099,-1934,-622
R,aa2c,223406372,6,-19171,667,2610,2807,-1374,-633
R,29c3,223407135,2,-4598,6851,2955,3990,-1920,-349
R,29c3,223408325,2,-4598,7048,2793,3878,-1923,-2
R,29c3,223409545,2,-4639,7195,2707,3716,-1957,300
R,29c3,223410736,2,-4647,7342,2628,3557,-2043,667
R,29c3,223411926,2,-4669,7451,2565,3404,-2115,1071
R,29c3,223413116,2,-4657,7536,2472,3175,-2213,1526
R,aa2c,223413604,12,-41028,4100,8621,1534,-2966,1265
R,29c3,223414337,2,-4651,7586,2359,2952,-2340,1998
R,29c3,223415527,2,-4604,7597,2233,2732,-2491,2465
R,29c3,223416717,2,-4564,7549,2112,2453,-2622,2932
R,29c3,223417938,2,-4499,7491,2003,2308,-2701,3381
R,29c3,223419128,2,-4419,7393,1922,2129,-2764,3795
R,29c3,223420318,2,-4334,7256,1854,1990,-2756,4220
R,aa2c,223420867,12,-42322,1974,10559,580,-4590,2424
R,29c3,223421508,2,-4267,7109,1751,1860,-2726,4535
R,29c3,223422729,2,-4205,6927,1641,1810,-2663,4879
R,29c3,223423919,2,-4182,6743,1512,1753,-2631,5159
R,aa2c,223424468,6,-20911,-968,4574,480,-5260,2564
R,29c3,223425109,2,-4175,6542,1359,1739,-2576,5386
R,29c3,223426330,2,-4175,6343,1228,1732,-2488,5500
R,29c3,223427520,2,-4216,6126,1116,1718,-2412,5579
R,aa2c,223428070,6,-20003,-2362,3870,564,-5715,2372
R,29c3,223428710,2,-4261,5953,1027,1763,-2320,5624
R,29c3,223429901,2,-4340,5741,924,1846,-2242,5521
R,29c3,223431121,2,-4425,5581,832,1938,-2172,5476
R,29c3,223432312,2,-4525,5406,712,2016,-2100,5245
R,29c3,223433502,2,-4664,5272,569,2079,-2080,5065
R,29c3,223434722,2,-4799,5154,437,2229,-2003,4810
R,aa2c,223435333,12,-35452,-8008,5329,1012,-5759,1582
R,29c3,223435913,2,-4923,5067,285,2391,-1998,4512
R,29c3,223437103,2,-5053,5007,166,2480,-1993,4173
R,29c3,223438323,2,-5162,4978,65,2634,-2037,3827
R,aa2c,223438934,6,-15277,-4763,1797,1197,-5507,1096
R,29c3,223439514,2,-5242,4969,-17,2759,-2047,3489
R,29c3,223440704,2,-5318,4988,-122,2846,-2070,3109
R,29c3,223441894,2,-5371,5036,-215,3012,-2110,2720
R,aa2c,223442565,6,-13938,-4662,1390,1333,-5183,709
R,29c3,223443084,2,-5400,5114,-325,3080,-2142,2390
R,29c3,223444305,2,-5397,5210,-423,3214,-2155,2074
R,29c3,223445495,2,-5378,5357,-510,3264,-2184,1784
R,aa2c,223446197,6,-12881,-4026,1238,1432,-4859,445
R,29c3,223446716,2,-5348,5505,-559,3359,-2188,1567
R,29c3,223447906,2,-5289,5691,-628,3435,-2217,1330
R,29c3,223449096,2,-5236,5882,-641,3507,-2201,1013
R,aa2c,223449798,6,-12098,-3008,1035,1472,-4465,382
R,29c3,223450317,2,-5194,6087,-673,3569,-2174,622
R,29c3,223451507,2,-5194,6352,-723,3700,-2022,130
R,29c3,223452697,2,-5272,6626,-806,3957,-1848,-433
R,29c3,223453887,2,-5420,6993,-948,4249,-1638,-1157
R,aa2c,223457031,12,-23092,-2428,2132,1232,-3889,467
R,29c3,223457489,6,-18152,24053,-3789,5681,-1060,-3637
R,29c3,223458679,2,-6970,9391,-1601,6216,-1013,-4442
R,29c3,223459899,2,-7533,10279,-1785,6654,-1046,-5285
R,29c3,223461090,2,-8112,11231,-1974,7005,-1160,-6127
R,29c3,223462310,2,-8686,12270,-2214,7208,-1396,-6932
R,29c3,223463500,2,-9230,13360,-2444,7368,-1645,-7689
R,aa2c,223464324,12,-23989,1403,2293,727,-3319,749
R,29c3,223464660,2,-9720,14518,-2679,7408,-1930,-8449
R,29c3,223465881,2,-10173,15681,-2874,7346,-2330,-9130
R,29c3,223467071,2,-10557,16854,-3042,7296,-2699,-9781
R,aa2c,223467895,6,-13203,1576,1209,503,-3104,909
R,29c3,223468292,2,-10856,18067,-3237,7125,-3123,-10330
R,29c3,223469482,2,-11087,19260,-3397,6992,-3542,-10756
R,29c3,223470672,2,-11215,20449,-3592,6779,-3969,-11172
R,aa2c,223471527,6,-14259,1814,1406,283,-2913,1057
R,29c3,223471862,2,-11272,21627,-3780,6553,-4315,-11516
R,29c3,223473083,2,-11244,22777,-3955,6260,-4692,-11847
R,29c3,223474304,2,-11147,23923,-4115,5967,-4976,-12102
R,29c3,223475463,2,-11005,25046,-4278,5704,-5240,-12324
R,29c3,223476684,2,-10837,26154,-4409,5466,-5445,-12472
R,29c3,223477874,2,-10608,27261,-4554,5196,-5660,-12559
R,aa2c,223478759,12,-31363,3435,4327,61,-2739,1284
R,29c3,223479064,2,-10358,28333,-4699,4850,-5840,-12630
R,29c3,223482666,6,-29357,91349,-15143,3856,-6162,-12521
R,29c3,223483856,2,-9129,32453,-5363,3477,-6256,-12311
R,29c3,223485046,2,-8752,33372,-5491,2959,-6345,-12055
R,aa2c,223485992,12,-34505,2511,6722,-137,-2661,1221
R,29c3,223487487,4,-16250,69219,-11257,1788,-6389,-11497
R,29c3,223488677,2,-7438,35670,-5800,1174,-6368,-11159
R,aa2c,223489624,6,-18294,643,4207,-165,-2689,1200
R,29c3,223491058,4,-13397,73010,-11855,-198,-6245,-10306
R,29c3,223492279,2,-5963,37182,-6033,-847,-6188,-9941
R,aa2c,223493255,6,-18798,79,4934,-196,-2637,1234
R,29c3,223494659,4,-10322,75218,-12214,-1954,-5973,-9060
R,aa2c,223496856,6,-19217,-549,5863,-285,-2558,1270
R,29c3,223498260,6,-11481,114146,-18436,-3254,-5599,-7570
R,29c3,223499450,2,-2736,38248,-6193,-3647,-5419,-7092
R,29c3,223501861,4,-3878,76634,-12435,-4558,-4923,-6055
R,29c3,223503051,2,-1247,38372,-6239,-5067,-4657,-5493
R,29c3,223506622,6,-1409,114850,-18995,-6388,-3822,-3836
R,29c3,223509063,4,471,76162,-13171,-7320,-2993,-2738
R,29c3,223510253,2,389,37903,-6807,-7782,-2521,-2168
R,29c3,223512664,4,664,75290,-14066,-8431,-1563,-1090
R,29c3,223513854,2,79,37370,-7279,-8604,-1067,-557
R,29c3,223516235,4,-764,74219,-15014,-8807,94,503
R,29c3,223517425,2,-1019,36867,-7697,-8860,638,959
R,29c3,223519836,4,-3709,73403,-15663,-8907,1571,1905
R,29c3,223521026,2,-2775,36609,-7879,-9023,1968,2299
R,29c3,223522247,2,-3447,36508,-7854,-9080,2354,2722
R,29c3,223523437,2,-4123,36427,-7804,-9147,2729,3098
R,29c3,223524627,2,-4829,36340,-7705,-9343,3015,3488
R,29c3,223527069,4,-11892,72387,-15005,-9701,3462,4153
R,29c3,223528228,2,-7085,35964,-7231,-9832,3631,4504
R,29c3,223531829,6,-25802,107061,-20404,-10160,3831,5387
R,29c3,223534240,4,-20864,70538,-12263,-10387,3681,5955
R,29c3,223535430,2,-11458,34908,-5630,-10526,3569,6178
R,29c3,223536621,2,-12079,34676,-5263,-10702,3427,6422
R,29c3,223537841,2,-12682,34432,-4899,-10879,3315,6690
R,29c3,223539031,2,-13287,34174,-4549,-11094,3231,6946
R,29c3,223540222,2,-13901,33848,-4184,-11246,3037,7174
R,29c3,223541442,2,-14496,33483,-3826,-11307,2727,7383
R,29c3,223542633,2,-15026,33132,-3459,-11396,2433,7567
R,29c3,223543823,2,-15542,32766,-3075,-11509,2071,7717
R,29c3,223545013,2,-16006,32369,-2671,-11522,1857,7973
R,29c3,223546203,2,-16469,31969,-2272,-11597,1520,8193
R,29c3,223547393,2,-16933,31550,-1875,-11578,1145,8401
R,29c3,223548614,2,-17381,31129,-1466,-11578,680,8530
R,29c3,223549804,2,-17779,30679,-1075,-11655,124,8750
R,29c3,223551025,2,-18161,30192,-658,-11643,-354,8931
R,29c3,223552215,2,-18491,29712,-296,-11646,-894,9160
R,29c3,223553405,2,-18841,29255,44,-11641,-1488,9291
R,29c3,223554626,2,-19111,28776,354,-11686,-2172,9411
R,29c3,223555816,2,-19372,28320,652,-11683,-2845,9541
R,29c3,223557006,2,-19581,27809,904,-11679,-3463,9746
R,29c3,223558197,2,-19767,27329,1155,-11685,-4148,9862
R,29c3,223560607,4,-39902,53276,2828,-11623,-5640,10136
R,29c3,223561798,2,-20035,25910,1617,-11625,-6337,10228
R,29c3,223563018,2,-20020,25428,1763,-11594,-7089,10309
R,29c3,223564208,2,-19930,24954,1907,-11451,-7911,10416
R,aa2c,223565643,114,-446062,-119390,290834,-1125,-11219,-1660
R,29c3,223566619,4,-39352,48502,4200,-11263,-9497,10664
R,29c3,223567810,2,-19236,23550,2231,-11128,-10334,10787
R,29c3,223569000,2,-18854,23097,2291,-10954,-11072,10921
R,29c3,223570190,2,-18408,22637,2328,-10888,-11827,11030
R,29c3,223571380,2,-17897,22230,2327,-10806,-12549,11124
R,29c3,223572601,2,-17334,21827,2328,-10636,-13222,11224
R,29c3,223573791,2,-16704,21384,2367,-10551,-13883,11354
R,29c3,223574981,2,-16025,20982,2318,-10400,-14504,11494
R,29c3,223576202,2,-15268,20557,2293,-10325,-15120,11578
R,aa2c,223576477,18,-46883,-23344,45415,-1066,-11406,-1291
R,29c3,223577392,2,-14459,20152,2227,-10242,-15611,11635
R,29c3,223578582,2,-13572,19741,2159,-10113,-16013,11768
R,29c3,223579803,2,-12684,19331,2087,-10059,-16434,11920
R,aa2c,223580108,6,-11848,-6021,11913,-881,-11236,-1062
R,29c3,223582183,4,-22638,37505,3762,-9951,-17213,12185
R,29c3,223583374,2,-9909,18163,1428,-9933,-17464,12324
R,29c3,223588195,8,-29638,68712,1363,-9939,-17813,12538
R,29c3,223589385,2,-4800,16138,-786,-9949,-17621,12622
R,29c3,223590576,2,-3727,15670,-1201,-10030,-17349,12658
R,29c3,223592987,4,-4219,29835,-3427,-10090,-16459,12714
R,29c3,223594177,2,-559,14121,-2121,-10103,-15941,12781
R,aa2c,223594573,24,-29227,-13790,37370,-1260,-10169,-431
R,29c3,223595367,2,433,13527,-2358,-10013,-15276,12827
R,29c3,223596588,2,1350,12946,-2569,-9975,-14576,12882
R,29c3,223597778,2,2207,12348,-2772,-9906,-13818,12889
R,aa2c,223598205,6,-3753,-1727,7660,-1090,-10026,-487
R,29c3,223598968,2,3012,11761,-2955,-9824,-13055,12932
R,29c3,223600189,2,3709,11156,-3110,-9773,-12191,12917
R,29c3,223601348,2,4340,10578,-3242,-9664,-11386,12950
R,aa2c,223601806,6,-3016,-1316,7187,-983,-9961,-599
R,29c3,223603790,4,10262,19431,-6785,-9490,-9783,12861
R,29c3,223604949,2,5761,8869,-3485,-9463,-8974,12793
R,aa2c,223605438,6,-2271,-1084,6826,-919,-9964,-858
R,29c3,223606140,2,6058,8320,-3500,-9397,-8177,12677
R,29c3,223608581,4,12759,15031,-7055,-9428,-6769,12456
R,aa2c,223609069,6,-1498,-1037,6659,-786,-10039,-1132
R,29c3,223609741,2,6591,6718,-3520,-9420,-6111,12337
R,29c3,223610961,2,6667,6168,-3504,-9369,-5433,12157
R,29c3,223612152,2,6704,5626,-3428,-9278,-4890,11951
R,aa2c,223612701,6,-702,-1081,6499,-653,-10047,-1515
R,29c3,223613372,2,6715,5126,-3299,-9154,-4357,11828
R,29c3,223614562,2,6692,4608,-3127,-9067,-3776,11602
R,29c3,223615753,2,6620,4124,-2907,-8918,-3250,11474
R,aa2c,223616333,6,-28,-1140,6479,-577,-10137,-1788
R,29c3,223616943,2,6503,3648,-2656,-8774,-2741,11332
R,29c3,223619354,4,12414,5976,-4546,-8571,-1889,10983
R,29c3,223620544,2,5833,2353,-1881,-8421,-1631,10793
R,29c3,223621765,2,5522,1945,-1569,-8325,-1393,10610
R,29c3,223622955,2,5204,1547,-1237,-8177,-1167,10480
R,aa2c,223623565,12,1546,-2398,12704,-376,-10496,-2120
R,29c3,223624145,2,4820,1208,-907,-8076,-980,10337
R,29c3,223625335,2,4398,839,-598,-7994,-1007,10186
R,29c3,223626556,2,3973,508,-324,-7817,-974,10011
R,aa2c,223627166,6,1392,-1163,5994,-308,-10731,-2309
R,29c3,223628967,4,6596,95,93,-7701,-1409,9650
R,29c3,223630157,2,2676,-378,407,-7607,-1736,9483
R,aa2c,223630798,6,1749,-959,5595,-285,-10912,-2458
R,29c3,223631347,2,2285,-668,626,-7551,-2089,9314
R,29c3,223632537,2,1931,-907,846,-7512,-2613,9229
R,29c3,223633758,2,1637,-1148,1047,-7484,-3119,9168
R,aa2c,223634399,6,2273,-578,5271,-324,-11085,-2661
R,29c3,223634948,2,1405,-1378,1179,-7474,-3587,9221
R,29c3,223636138,2,1233,-1597,1334,-7459,-4119,9296
R,29c3,223637359,2,1087,-1812,1437,-7556,-4684,9436
R,29c3,223638549,2,1020,-2031,1525,-7637,-5235,9650
R,29c3,223639739,2,1004,-2250,1611,-7758,-5755,9919
R,29c3,223640930,2,1009,-2514,1726,-7927,-6264,10237
R,aa2c,223641662,12,6350,251,9224,-255,-11392,-2834
R,29c3,223642120,2,1046,-2805,1807,-8072,-6744,10544
R,29c3,223643371,2,1128,-3087,1820,-8239,-7261,10871
R,29c3,223644531,2,1238,-3421,1841,-8365,-7748,11290
R,aa2c,223645263,6,4161,1086,3758,-271,-11428,-2809
R,29c3,223645721,2,1365,-3780,1820,-8571,-8186,11648
R,29c3,223646942,2,1496,-4171,1780,-8711,-8582,12028
R,29c3,223648132,2,1681,-4562,1757,-8892,-9007,12462
R,aa2c,223648895,6,4947,1855,3252,-347,-11460,-2629
R,29c3,223649353,2,1869,-4984,1681,-9052,-9413,12885
R,29c3,223650543,2,2073,-5438,1640,-9211,-9890,13382
R,29c3,223651733,2,2307,-5892,1598,-9457,-10335,13795
R,29c3,223652923,2,2592,-6410,1549,-9700,-10783,14241
R,29c3,223654144,2,2895,-6951,1464,-9936,-11252,14620
R,29c3,223655334,2,3240,-7525,1384,-10107,-11710,15013
R,aa2c,223656127,12,12599,4642,5361,-620,-11372,-1917
R,29c3,223656524,2,3600,-8113,1308,-10188,-12116,15392
R,29c3,223657714,2,3992,-8695,1209,-10266,-12488,15750
R,29c3,223658935,2,4390,-9272,1138,-10330,-12869,16142
R,29c3,223661315,4,10079,-20181,1871,-10562,-13407,16636
R,29c3,223662536,2,5701,-10905,669,-10775,-13616,16873
R,aa2c,223663360,12,15514,3679,4661,-690,-11411,-1178
R,29c3,223663726,2,6149,-11488,466,-11036,-13724,17042
R,29c3,223664916,2,6579,-12063,254,-11249,-13794,17125
R,29c3,223666107,2,7024,-12690,42,-11456,-13841,17190
R,aa2c,223666992,6,8472,885,2271,-700,-11608,-975
R,29c3,223667297,2,7428,-13330,-158,-11540,-13825,17267
R,29c3,223669708,4,16077,-28604,-902,-11720,-13706,17311
R,aa2c,223670593,6,8893,298,2138,-587,-11769,-797
R,29c3,223670898,2,8603,-15255,-750,-11768,-13609,17291
R,29c3,223672119,2,8955,-15870,-957,-11857,-13523,17196
R,29c3,223673339,2,9311,-16496,-1137,-11959,-13444,17098
R,aa2c,223674224,6,9218,-90,2061,-640,-12022,-694
R,29c3,223674499,2,9670,-17101,-1346,-12070,-13331,16963
R,29c3,223675720,2,10034,-17719,-1499,-12209,-13225,16792
R,29c3,223676910,2,10386,-18342,-1619,-12254,-13110,16665
R,aa2c,223677825,6,9523,-507,2045,-824,-12417,-524
R,29c3,223680511,6,33282,-58555,-5557,-12479,-12671,16026
R,aa2c,223681457,6,9852,-1114,1709,-947,-12920,-314
R,29c3,223682922,4,23819,-41807,-4213,-12527,-12284,15477
R,29c3,223684082,2,12348,-21657,-2262,-12606,-12113,15228
R,29c3,223686492,4,25415,-44753,-4809,-12746,-11628,14660
R,29c3,223687713,2,13009,-23048,-2560,-12836,-11414,14404
R,aa2c,223688690,12,20912,-4533,1922,-1371,-13861,96
R,29c3,223690093,4,26520,-47373,-5481,-12993,-10933,13985
R,29c3,223691314,2,13423,-24314,-2901,-13170,-10687,13850
R,29c3,223693695,4,27010,-49907,-6106,-13401,-10290,13588
R,29c3,223694885,2,13516,-25603,-3184,-13514,-10148,13398
R,29c3,223697296,4,26996,-52503,-6738,-13600,-9949,13076
R,29c3,223698486,2,13438,-26875,-3596,-13598,-9869,12898
R,29c3,223700897,4,26787,-54896,-7629,-13550,-9556,12442
R,29c3,223702087,2,13328,-27967,-4017,-13567,-9433,12383
R,29c3,223704498,4,26548,-56931,-8392,-13728,-9187,12140
R,29c3,223705688,2,13244,-28945,-4345,-13814,-9135,12173
R,29c3,223708099,4,26616,-58994,-9000,-14111,-8983,12195
R,29c3,223709289,2,13441,-30083,-4597,-14283,-8922,12209
R,29c3,223711700,4,27247,-61447,-9193,-14656,-8747,12413
R,29c3,223712890,2,13824,-31414,-4581,-14799,-8724,12535
R,29c3,223715270,4,28036,-64251,-9192,-15048,-8800,12631
R,29c3,223716491,2,14220,-32833,-4667,-15155,-8823,12644
R,29c3,223718872,4,28920,-67033,-9607,-15383,-8905,12814
R,29c3,223720062,2,14773,-34137,-4940,-15523,-8960,13017
R,29c3,223722473,4,30295,-69583,-10088,-15977,-9050,13514
R,29c3,223723663,2,15554,-35486,-5099,-16212,-9144,13740
R,29c3,223726074,4,31957,-72503,-10362,-16595,-9175,14035
R,29c3,223727264,2,16367,-37023,-5305,-16752,-9169,14014
R,29c3,223729675,4,33431,-75599,-11062,-16732,-9053,13684
R,29c3,223733276,6,51621,-116719,-17917,-16432,-8588,12808
R,29c3,223734466,2,17570,-39624,-6353,-16301,-8338,12464
R,29c3,223736877,4,35641,-80125,-13151,-16134,-7752,11772
R,29c3,223738067,2,18047,-40482,-6778,-16172,-7491,11367
R,29c3,223740478,4,36507,-81855,-13836,-16361,-6900,10376
R,29c3,223741668,2,18420,-41391,-7042,-16461,-6673,9802
R,29c3,223745239,6,55851,-126060,-21683,-16428,-5852,7770
R,29c3,223747650,4,37607,-85474,-14942,-16119,-5207,6302
R,29c3,223748840,2,18854,-43046,-7682,-15919,-4852,5538
R,29c3,223750061,2,18866,-43204,-7808,-15707,-4555,4779
R,29c3,223751251,2,18847,-43308,-7950,-15452,-4203,4021
R,29c3,223752441,2,18809,-43378,-8103,-15161,-3951,3310
R,29c3,223753662,2,18765,-43401,-8268,-14907,-3588,2616
R,29c3,223754852,2,18684,-43390,-8458,-14616,-3245,1826
R,29c3,223756072,2,18586,-43352,-8649,-14372,-2817,1016
R,29c3,223757232,2,18455,-43298,-8847,-14109,-2380,283
R,29c3,223758453,2,18311,-43188,-9051,-13841,-1967,-511
R,29c3,223759643,2,18116,-43069,-9238,-13649,-1500,-1324
R,29c3,223760833,2,17891,-42947,-9446,-13475,-1012,-2108
R,29c3,223762054,2,17613,-42815,-9644,-13233,-499,-2931
R,29c3,223763244,2,17290,-42674,-9869,-13044,45,-3716
R,29c3,223764404,2,16913,-42523,-10116,-12810,565,-4495
R,29c3,223765625,2,16490,-42381,-10339,-12527,1004,-5248
R,29c3,223766815,2,16047,-42193,-10575,-12211,1461,-6052
R,29c3,223768035,2,15597,-41979,-10817,-11898,1936,-6790
R,aa2c,223768310,132,437253,-28213,-693237,-6430,-344,7563
R,29c3,223769226,2,15140,-41734,-11058,-11411,2333,-7465
R,29c3,223770416,2,14669,-41429,-11255,-10924,2724,-8275
R,29c3,223771636,2,14236,-41068,-11472,-10491,3152,-8884
R,aa2c,223771942,6,29653,-1249,-60016,-6284,2160,8195
R,29c3,223775238,6,40303,-120761,-35354,-8927,4051,-10760
R,aa2c,223775543,6,27770,-5098,-57670,-6310,4329,8509
R,29c3,223777618,4,25461,-77928,-24121,-7870,4482,-11650
R,29c3,223778839,2,12523,-38038,-12031,-7473,4665,-12013
R,aa2c,223779174,6,25762,-8675,-54112,-5811,6368,8694
R,29c3,223780029,2,12472,-37400,-11971,-7029,4847,-12280
R,29c3,223781219,2,12480,-36737,-11877,-6737,4964,-12486
R,aa2c,223782806,6,23163,-11635,-49604,-4948,8025,8736
R,29c3,223784820,6,37993,-105965,-35174,-6083,5724,-12922
R,29c3,223786010,2,12930,-33881,-11588,-5822,6109,-13048
R,aa2c,223786407,6,19668,-12991,-44574,-4034,9226,9056
R,29c3,223789611,6,39448,-97160,-34073,-5031,7682,-13264
R,aa2c,223790039,6,15176,-13080,-39529,-3286,9602,9404
R,29c3,223790802,2,13274,-30845,-11084,-4752,8343,-13289
R,29c3,223793212,4,26385,-59306,-21638,-4104,9570,-13241
R,aa2c,223793670,6,10602,-12243,-34635,-3106,9142,9710
R,29c3,223794403,2,12991,-28442,-10518,-3884,10138,-13223
R,29c3,223796813,4,25256,-54329,-20325,-3488,11249,-13083
R,aa2c,223797271,6,6968,-11699,-30236,-3012,8015,9899
R,29c3,223798004,2,12164,-25907,-9763,-3319,11742,-13027
R,29c3,223799224,2,11805,-25074,-9493,-3139,12097,-12917
R,29c3,223800384,2,11407,-24212,-9231,-2996,12467,-12662
R,29c3,223801605,2,11029,-23358,-9016,-2898,12725,-12409
R,aa2c,223804534,12,8603,-25244,-48514,-3013,5480,9768
R,29c3,223806396,8,40863,-85215,-32776,-2803,12758,-10737
R,29c3,223807617,2,9659,-19352,-7194,-2969,12596,-10179
R,aa2c,223808166,6,3698,-14786,-19725,-2774,4346,9443
R,29c3,223808776,2,9585,-18622,-6840,-3151,12459,-9612
R,aa2c,223811767,6,3998,-16578,-17748,-2296,3403,9019
R,29c3,223812408,6,28758,-51990,-18331,-3667,12185,-7552
R,aa2c,223815399,6,4351,-17922,-16556,-1755,2491,8451
R,29c3,223817199,8,39049,-62131,-18906,-4446,12554,-4515
R,aa2c,223819000,6,4832,-18527,-16059,-1214,1806,7741
R,29c3,223821990,8,37565,-56956,-13226,-5155,13145,-1898
R,29c3,223823181,2,8661,-13778,-2580,-5263,13210,-1368
R,29c3,223824401,2,8241,-13682,-2272,-5339,13286,-893
R,aa2c,223826263,12,11896,-36456,-33317,-374,1317,6144
R,29c3,223826782,4,15000,-27131,-3667,-5384,13265,-242
R,29c3,223829193,4,12813,-26925,-2689,-5436,13062,188
R,aa2c,223829864,6,7185,-17338,-17942,-38,1589,5341
R,29c3,223830383,2,5511,-13432,-1062,-5540,12859,195
R,29c3,223831573,2,4927,-13420,-855,-5574,12576,157
R,29c3,223832794,2,4372,-13407,-643,-5595,12249,50
R,aa2c,223833465,6,7898,-16389,-19104,228,2076,4447
R,29c3,223833984,2,3837,-13416,-430,-5602,11910,-171
R,29c3,223835174,2,3345,-13442,-239,-5590,11588,-473
R,aa2c,223837097,6,8561,-15272,-20244,616,2761,3461
R,29c3,223837585,4,5425,-26912,-67,-5472,10905,-1244
R,29c3,223838775,2,2151,-13477,169,-5346,10511,-1667
R,aa2c,223840728,6,9272,-13763,-21161,1082,3626,2630
R,29c3,223841186,4,3429,-26924,749,-5050,9896,-2766
R,29c3,223842407,2,1342,-13408,601,-4899,9589,-3324
R,aa2c,223844329,6,10050,-11913,-21922,1447,4647,2024
R,29c3,223844787,4,2115,-26605,1595,-4457,9014,-4540
R,29c3,223845947,2,824,-13134,944,-4249,8772,-5212
R,29c3,223847167,2,668,-12962,1007,-3982,8589,-5838
R,aa2c,223847961,6,10731,-9786,-22177,1738,5849,1636
R,29c3,223848388,2,552,-12737,1077,-3720,8354,-6478
R,29c3,223849578,2,434,-12465,1119,-3493,8201,-7133
R,29c3,223854370,8,634,-46610,5019,-2618,7469,-9441
R,aa2c,223855194,12,21283,-12575,-43869,1722,8176,1420
R,29c3,223855560,2,-73,-10678,1313,-2400,7256,-9974
R,29c3,223857971,4,-392,-19994,2560,-2059,6923,-10934
R,29c3,223860351,4,-552,-18002,2507,-1732,6571,-11687
R,aa2c,223862457,12,16825,-5235,-41569,1531,9709,1468
R,29c3,223862762,4,-604,-15799,2508,-1523,6234,-12299
R,29c3,223863952,2,-300,-7060,1202,-1469,6113,-12520
R,29c3,223865142,2,-292,-6471,1160,-1439,5995,-12694
R,aa2c,223866058,6,6185,-321,-18845,1607,10175,1750
R,29c3,223867553,4,-569,-11195,2175,-1433,5793,-12890
R,29c3,223868743,2,-268,-4726,987,-1502,5679,-12935
R,29c3,223871154,4,-497,-7773,1782,-1481,5525,-12960
R,29c3,223872375,2,-229,-3049,801,-1516,5527,-12907
R,aa2c,223873291,12,6910,2596,-33598,1513,10357,1792
R,29c3,223874755,4,-489,-4494,1417,-1558,5577,-12848
R,29c3,223877136,4,-656,-2372,1069,-1500,5695,-12716
R,29c3,223878356,2,-438,-369,412,-1405,5772,-12598
R,29c3,223879547,2,-552,176,320,-1325,5814,-12538
R,aa2c,223880554,12,1671,6237,-27767,1651,10025,1676
R,29c3,223881958,4,-1430,2054,442,-1275,5884,-12386
R,29c3,223883148,2,-903,1867,132,-1334,5916,-12357
R,29c3,223885528,4,-2245,5355,32,-1410,5997,-12364
R,29c3,223886718,2,-1362,3468,-93,-1383,6097,-12434
R,29c3,223889129,4,-3252,8550,-371,-1203,6290,-12771
R,29c3,223890350,2,-1943,5100,-282,-1045,6452,-13019
R,29c3,223892730,4,-4695,11970,-703,-485,6782,-13785
R,29c3,223893920,2,-2822,6970,-416,-184,6938,-14204
R,29c3,223897521,6,-10739,25585,-1658,769,7203,-15589
R,29c3,223899932,4,-9160,21509,-1386,1265,7164,-16514
R,29c3,223901123,2,-5159,12240,-711,1465,7127,-16990
R,29c3,223903533,4,-11468,27659,-1412,1857,6936,-17778
R,29c3,223904724,2,-6256,15496,-721,1992,6756,-18162
R,29c3,223907165,4,-13460,34462,-1514,2169,6438,-18732
R,29c3,223908325,2,-7125,18989,-788,2146,6233,-18907
R,29c3,223910736,4,-14959,41560,-1449,1986,5754,-19274
R,29c3,223911926,2,-7779,22509,-689,1792,5496,-19364
R,29c3,223914306,4,-16068,48370,-1305,1365,4899,-19477
R,29c3,223915527,2,-8242,25848,-689,1110,4632,-19550
R,29c3,223917907,4,-16866,54873,-1542,611,3980,-19583
R,29c3,223919097,2,-8592,28987,-850,430,3709,-19567
R,29c3,223922698,6,-25998,92805,-2901,-248,2751,-19116
R,29c3,223925109,4,-17097,66327,-2234,-913,2063,-18702
R,29c3,223926300,2,-8334,34388,-1161,-1328,1682,-18533
R,29c3,223928710,4,-16068,70871,-2391,-2158,1009,-18243
R,29c3,223929901,2,-7650,36395,-1280,-2489,687,-18162
R,29c3,223932312,4,-14334,74599,-2784,-2924,172,-17882
R,29c3,223933502,2,-6661,38213,-1523,-3016,-41,-17716
R,29c3,223935913,4,-12171,78324,-3278,-3217,-573,-17368
R,29c3,223937103,2,-5436,40162,-1729,-3410,-860,-17114
R,29c3,223939514,4,-9339,82344,-3638,-3897,-1337,-16728
R,29c3,223940704,2,-3811,42197,-1925,-4248,-1549,-16477
R,29c3,223941894,2,-3184,42847,-1991,-4645,-1789,-16290
R,29c3,223944274,4,-4313,87551,-4160,-5435,-2070,-15774
R,29c3,223945465,2,-1057,44652,-2163,-5790,-2153,-15503
R,29c3,223949096,6,1504,137091,-6869,-6981,-2156,-14527
R,29c3,223950286,2,2104,46646,-2476,-7324,-2023,-14225
R,29c3,223952697,4,6622,94474,-5315,-7888,-1585,-13440
R,29c3,223953887,2,4473,47790,-2795,-8147,-1224,-12966
R,29c3,223955078,2,5186,48153,-2895,-8468,-954,-12539
R,29c3,223956268,2,5873,48474,-3023,-8804,-532,-12148
R,29c3,223957458,2,6496,48750,-3137,-9080,-11,-11586
R,29c3,223958679,2,7033,48984,-3323,-9343,548,-11068
R,29c3,223959869,2,7475,49205,-3512,-9571,1199,-10455
R,aa2c,223960174,132,-69528,426919,-67666,2814,-1053,4403
R,29c3,223961090,2,7824,49381,-3712,-9801,1762,-9868
R,29c3,223962280,2,8124,49543,-3925,-10023,2402,-9303
R,29c3,223963470,2,8293,49697,-4117,-10200,3140,-8684
R,aa2c,223963775,6,5453,31644,-1128,3194,-1217,4487
R,29c3,223964660,2,8379,49824,-4306,-10430,3952,-7973
R,29c3,223965850,2,8315,49929,-4558,-10671,4805,-7229
R,29c3,223967041,2,8109,50049,-4827,-10921,5659,-6434
R,aa2c,223967407,6,8511,32318,-1484,3452,-1528,4412
R,29c3,223968261,2,7789,50131,-5140,-11085,6547,-5604
R,29c3,223969451,2,7380,50177,-5457,-11225,7240,-4801
R,29c3,223970672,2,6882,50199,-5707,-11361,7830,-4082
R,aa2c,223971038,6,11579,32344,-939,3336,-1714,4397
R,29c3,223971862,2,6415,50211,-5878,-11616,8465,-3421
R,29c3,223973052,2,5915,50143,-5967,-11873,9086,-2610
R,29c3,223974273,2,5355,50048,-6031,-12060,9703,-1801
R,aa2c,223974639,6,14791,31785,-838,3625,-1628,4505
R,29c3,223975463,2,4768,49959,-6126,-12254,10299,-1048
R,29c3,223976654,2,4152,49799,-6213,-12455,10876,-212
R,29c3,223977874,2,3483,49612,-6239,-12481,11392,637
R,aa2c,223978240,6,17772,31241,-771,3943,-1270,4757
R,29c3,223980255,4,4980,98544,-12412,-12507,12459,2376
R,aa2c,223981872,6,20160,30620,-729,4186,-715,5086
R,29c3,223982666,4,2215,97446,-11902,-12631,13292,4106
R,29c3,223983856,2,38,48157,-5634,-12894,13470,4893
R,29c3,223985046,2,-698,47664,-5418,-13070,13545,5622
R,aa2c,223985504,6,21820,29914,-377,4388,-81,5367
R,29c3,223986236,2,-1390,47140,-5135,-13347,13342,6277
R,29c3,223987457,2,-1984,46461,-4855,-13482,13057,6760
R,29c3,223988647,2,-2481,45723,-4504,-13553,12793,7425
R,aa2c,223989105,6,22786,28915,143,4702,526,5727
R,29c3,223989868,2,-2894,44966,-4104,-13661,12375,8079
R,aa2c,223992736,6,23082,27737,1291,4869,1058,6020
R,29c3,223994659,8,-14055,171750,-13106,-13889,10654,10818
R,29c3,223995849,2,-3651,40863,-2591,-13777,10267,11661
R,aa2c,223996368,6,22804,26437,2781,5058,1375,6264
R,29c3,223998260,4,-6918,79350,-4281,-13955,9780,13470
R,29c3,223999420,2,-3177,38476,-1711,-14285,9511,14243
R,aa2c,224000030,6,21991,25602,4204,5191,1705,6801
R,29c3,224001861,4,-5626,74380,-2748,-14918,8981,15923
R,29c3,224003051,2,-2341,35828,-1072,-15268,8606,16643
R,aa2c,224003601,6,20156,24852,6045,4840,1582,7560
R,29c3,224004211,2,-1914,34809,-839,-15673,8323,17442
R,29c3,224005432,2,-1419,33734,-590,-16043,8044,18290
R,29c3,224006652,2,-857,32576,-313,-16319,7775,19069
R,aa2c,224007202,6,17660,23788,7415,4557,851,8209
R,29c3,224007843,2,-226,31383,-34,-16522,7620,20015
R,29c3,224009033,2,469,30142,254,-16709,7583,20928
R,29c3,224010223,2,1131,28865,554,-16791,7713,21961
R,aa2c,224010833,6,15379,22899,7674,4495,147,8923
R,aa2c,224014465,6,13532,22189,7805,4294,-366,9513
R,29c3,224015045,8,9841,102456,4270,-17000,8397,25872
R,29c3,224017425,4,6819,43489,2781,-17464,8844,27262
R,aa2c,224018066,6,12025,20885,8497,4518,-1203,10069
R,29c3,224018615,2,3515,19635,1394,-17625,8835,27840
R,29c3,224019805,2,3554,18046,1333,-17499,8863,28341
R,29c3,224021026,2,3573,16544,1331,-17263,8992,28773
R,aa2c,224021697,6,11078,18959,9446,4739,-1820,10139
R,29c3,224022216,2,3552,15096,1414,-16876,9217,29221
R,29c3,224023437,2,3440,13633,1529,-16548,9286,29633
R,29c3,224024627,2,3259,12219,1570,-16278,9344,29957
R,29c3,224025817,2,2961,10847,1588,-16141,9128,30121
R,29c3,224027038,2,2645,9519,1536,-15892,8787,30051
R,29c3,224028228,2,2385,8158,1510,-15613,8458,30067
R,aa2c,224028961,12,16898,36287,15394,5497,-2365,10612
R,29c3,224029449,2,2163,6818,1475,-15293,8074,29910
R,29c3,224030609,2,1941,5519,1486,-14986,7645,29687
R,29c3,224031829,2,1807,4234,1468,-14597,7121,29346
R,aa2c,224032562,6,5078,17105,7381,5990,-3277,10629
R,29c3,224034210,4,3446,4786,2998,-13995,6071,28649
R,29c3,224039031,8,7251,-4038,5675,-12798,4481,26915
R,aa2c,224039825,12,6453,31400,16274,6181,-5221,10287
R,29c3,224040222,2,2044,-3611,1295,-12543,4064,26337
R,29c3,224041442,2,2201,-4563,1277,-12324,3641,25791
R,29c3,224042602,2,2383,-5472,1229,-12180,3266,25182
R,aa2c,224043426,6,1951,14197,8515,6247,-6308,9968
R,29c3,224043792,2,2589,-6317,1159,-12028,2911,24591
R,29c3,224049804,10,16320,-43380,3656,-10837,1400,20988
R,29c3,224050994,2,4142,-10724,287,-10349,1079,20226
R,29c3,224053405,4,9375,-23046,200,-9529,690,18585
R,29c3,224057006,6,17140,-37670,-999,-8299,405,16102
R,aa2c,224057891,24,-507,51544,29575,6072,-10191,9346
R,29c3,224058197,2,6578,-13165,-687,-7942,431,15261
R,29c3,224059417,2,6992,-13383,-863,-7560,467,14444
R,29c3,224060607,2,7392,-13540,-1009,-7087,570,13608
R,29c3,224064178,6,24448,-40903,-4041,-5848,1047,11367
R,aa2c,224065124,12,-3573,24225,7966,6026,-11848,9211
R,29c3,224066589,4,17973,-26970,-3582,-5188,1464,10003
R,29c3,224067779,2,9417,-13267,-2024,-4839,1667,9367
R,29c3,224069000,2,9703,-13071,-2130,-4504,1917,8756
R,29c3,224070190,2,9954,-12844,-2244,-4153,2130,8179
R,29c3,224073791,6,31321,-36883,-7233,-3172,2965,6759
R,aa2c,224075988,18,-2081,38972,248,5654,-13655,9062
R,29c3,224078582,8,44544,-44352,-10433,-2372,3828,5489
R,29c3,224080993,4,23219,-19782,-5240,-2203,4306,5184
R,29c3,224084564,6,35508,-26685,-7784,-2007,4789,4939
R,29c3,224085754,2,11943,-8122,-2530,-1978,4885,4894
R,29c3,224088165,4,24005,-15073,-4948,-1788,5060,4877
R,29c3,224091766,6,36127,-19655,-7267,-1368,5276,5161
R,29c3,224092956,2,12011,-5715,-2406,-1321,5263,5276
R,29c3,224096557,6,35946,-14854,-7269,-1351,5067,5608
R,29c3,224103759,12,72886,-20516,-15819,-2864,4082,5012
R,29c3,224104949,2,13100,-2444,-2635,-2898,4036,4602
R,29c3,224110961,10,73636,-6019,-9621,-2504,2377,3220
R,29c3,224113342,4,34908,2908,-4671,-3253,2724,3020
R,29c3,224114562,2,18656,2363,-2396,-3614,2979,3159
R,29c3,224116943,4,39099,6321,-8413,-1767,4020,5546
R,29c3,224118133,2,20509,4632,-7404,-2639,5047,5405
R,29c3,224121734,6,63483,23074,-33709,-11306,11388,3926
R,29c3,224122955,2,21109,11600,-15882,-13938,14168,5250
R,29c3,224124145,2,21003,13960,-18584,-16082,18602,7844
R,29c3,224125335,2,20791,16667,-21481,-18130,24196,10837
R,29c3,224126525,2,20228,19519,-24283,-19768,30291,12830
R,29c3,224127746,2,19106,22250,-26711,-20527,32750,15299
R,29c3,224128936,2,17604,25176,-28373,-21549,32750,18305
R,29c3,224130126,2,15676,27961,-28695,-23025,32750,20469
R,29c3,224131347,2,13709,30368,-27557,-28166,32750,23749
R,29c3,224132537,2,12707,31361,-23726,-32763,32750,32764
R,29c3,224133728,2,12495,27703,-16343,-32763,32750,32764
R,29c3,224134948,2,10414,20867,-8388,-32763,32750,32764
R,29c3,224137329,4,6066,10372,-863,-32763,32750,32764
R,29c3,224140930,6,-44542,-50068,-3492,-32279,32750,32764
R,29c3,224142120,2,-24886,-22018,-2376,-21705,32750,32764
R,29c3,224143341,2,-27066,-20891,-949,-14396,32750,32764
R,29c3,224144531,2,-27822,-18722,556,-10203,31121,32764
R,29c3,224145721,2,-27274,-16244,1673,-8239,22586,32764
R,29c3,224146911,2,-25402,-14253,2588,-6984,15161,29855
R,29c3,224149322,4,-41348,-23451,7687,-5124,5583,20074
R,29c3,224150512,2,-14864,-9373,5011,-4533,3170,17795
R,29c3,224151733,2,-10815,-8281,5692,-3700,1939,15250
R,29c3,224152923,2,-6885,-7264,6506,-3103,1646,13841
R,29c3,224155334,4,-3232,-12028,15680,-2549,3189,12246
R,aa2c,224155609,132,-240274,611113,-462503,4032,-25809,23905
R,29c3,224156494,2,2445,-5126,9022,-2569,4590,11997
R,29c3,224158905,4,9438,-9405,19077,-4004,7717,12862
R,aa2c,224159210,6,31859,-9095,-38453,6009,-21201,20938
R,29c3,224160125,2,5531,-4808,9472,-4130,8853,12964
R,29c3,224162506,4,9933,-10622,17892,-2850,10090,12769
R,29c3,224163696,2,3822,-5746,8282,-1611,10085,12491
R,29c3,224164886,2,2881,-5861,7827,-208,9910,12141
R,29c3,224166107,2,1946,-5717,7380,1084,9405,11539
R,aa2c,224166473,12,66198,-7352,-82780,8632,-16228,16096
R,29c3,224168518,4,1828,-10281,13528,3420,8112,10589
R,29c3,224169708,2,305,-4232,6253,4122,7291,10102
R,aa2c,224170104,6,42097,525,-39456,7761,-14010,13978
R,29c3,224170898,2,259,-3510,6037,4604,6539,9662
R,29c3,224172088,2,500,-2740,5898,4755,5696,9235
R,29c3,224173309,2,987,-2032,5878,4828,5218,8979
R,aa2c,224173706,6,52489,466,-35757,6159,-10078,12247
R,29c3,224174499,2,1657,-1342,5908,4687,4817,8831
R,29c3,224176910,4,5775,-972,12100,4137,4766,8799
R,aa2c,224177307,6,60427,-2424,-32070,5178,-5812,10785
R,29c3,224179290,4,9097,638,12525,3471,5274,9091
R,aa2c,224180969,6,64491,-6487,-28476,4778,-1513,9420
R,29c3,224181701,4,11823,1405,12811,2888,6201,9528
R,29c3,224182891,2,6584,736,6401,2664,6651,9836
R,29c3,224184082,2,6816,667,6324,2486,7188,10103
R,aa2c,224184570,6,64574,-10718,-25146,4983,1979,8083
R,29c3,224186492,4,13842,799,12408,2295,7939,10597
R,29c3,224188903,4,13397,-108,12038,2042,8221,11130
R,29c3,224190093,2,6407,-473,5843,1879,8405,11353
R,29c3,224191284,2,6152,-806,5694,1521,8434,11501
R,aa2c,224191802,12,118626,-30135,-40679,5159,6475,5444
R,29c3,224192474,2,5849,-1206,5561,1294,8380,11652
R,29c3,224194885,4,10783,-3716,10677,722,8152,11598
R,aa2c,224195434,6,51855,-17469,-15201,4875,8067,4335
R,29c3,224196075,2,5005,-2591,5090,517,8076,11592
R,29c3,224197296,2,4749,-3122,4945,274,7971,11538
R,29c3,224198455,2,4492,-3665,4783,168,7818,11331
R,aa2c,224199066,6,46432,-18639,-11034,4591,9014,3367
R,29c3,224199676,2,4293,-4223,4636,-75,7636,11196
R,29c3,224200866,2,4132,-4780,4503,-304,7416,10902
R,29c3,224202087,2,4005,-5321,4410,-590,7334,10663
R,aa2c,224202697,6,41264,-19786,-7440,4484,9921,2607
R,29c3,224204467,4,7622,-12374,8473,-1228,7243,10076
R,29c3,224205657,2,3574,-7102,4042,-1542,7225,9779
R,aa2c,224206298,6,36110,-20526,-3789,4383,10844,2121
R,29c3,224206848,2,3401,-7733,3856,-1735,7241,9468
R,29c3,224208068,2,3163,-8356,3661,-2012,7215,9058
R,29c3,224209259,2,2947,-8956,3432,-2119,7310,8722
R,aa2c,224209899,6,30215,-21088,-569,4329,11318,1584
R,29c3,224210449,2,2648,-9561,3204,-2189,7334,8288
R,29c3,224211669,2,2345,-10158,2959,-2195,7384,7884
R,29c3,224216461,8,5961,-45861,9721,-1976,7657,6230
R,aa2c,224217163,12,42321,-42890,7859,4277,12545,807
R,29c3,224217651,2,515,-12633,1910,-1866,7768,5841
R,29c3,224218872,2,83,-13050,1749,-1738,7801,5377
R,29c3,224220062,2,-368,-13420,1594,-1603,7880,5000
R,aa2c,224220764,6,10871,-21353,8514,4178,12615,345
R,29c3,224221252,2,-839,-13771,1463,-1452,7932,4620
R,29c3,224222473,2,-1330,-14088,1321,-1440,7891,4141
R,aa2c,224224395,6,3897,-21215,11849,4227,12467,-36
R,29c3,224224853,4,-4072,-29041,2261,-1210,7692,3224
R,29c3,224226043,2,-2716,-14924,1013,-1039,7543,2737
R,29c3,224227264,2,-3128,-15160,949,-926,7382,2235
R,29c3,224228485,2,-3519,-15309,926,-798,7257,1767
R,29c3,224230865,4,-8110,-31102,1772,-489,6910,907
R,29c3,224232055,2,-4581,-15730,850,-325,6656,507
R,29c3,224233245,2,-4868,-15776,819,-164,6470,72
R,29c3,224234466,2,-5160,-15791,861,-86,6304,-276
R,29c3,224235656,2,-5459,-15794,843,32,6147,-699
R,29c3,224236846,2,-5744,-15750,876,194,6011,-1037
R,29c3,224238037,2,-6052,-15713,849,401,5776,-1393
R,aa2c,224238861,24,-48126,-75684,83249,3553,7930,-955
R,29c3,224239257,2,-6324,-15622,841,626,5437,-1737
R,29c3,224240478,2,-6552,-15506,805,788,5223,-2107
R,29c3,224241638,2,-6741,-15358,799,902,5093,-2358
R,aa2c,224242492,6,-25616,-14923,28090,3246,6151,-954
R,29c3,224242828,2,-6957,-15187,772,1055,4896,-2681
R,29c3,224244049,2,-7176,-15020,735,1230,4793,-2907
R,29c3,224245239,2,-7392,-14817,659,1411,4652,-3123
R,aa2c,224246124,6,-30346,-12694,29284,2978,4065,-997
R,29c3,224246429,2,-7628,-14615,584,1558,4513,-3338
R,29c3,224247650,2,-7852,-14375,502,1755,4372,-3573
R,29c3,224248840,2,-8062,-14103,401,1923,4292,-3778
R,aa2c,224249755,6,-33905,-10280,29520,2644,2121,-732
R,29c3,224250030,2,-8280,-13842,296,2036,4098,-4019
R,29c3,224251251,2,-8481,-13610,205,2311,3999,-4151
R,29c3,224252441,2,-8649,-13358,136,2582,3874,-4320
R,aa2c,224253356,6,-36403,-8166,28892,2255,334,-496
R,29c3,224256072,6,-26858,-38202,-59,3103,3646,-4724
R,29c3,224258422,4,-18624,-23872,-472,3441,3296,-4998
R,29c3,224259643,2,-9446,-11453,-333,3592,3210,-5112
R,29c3,224262023,4,-19072,-21878,-818,3879,3015,-5383
R,aa2c,224264221,18,-112806,-15719,78625,2377,-3103,-148
R,29c3,224265625,6,-28852,-30158,-1734,4364,2664,-5690
R,29c3,224266815,2,-9629,-9282,-692,4482,2514,-5747
R,aa2c,224267822,6,-36026,-2432,23057,2647,-3804,-51
R,29c3,224269226,4,-19207,-17372,-1618,4872,2322,-5975
R,29c3,224270416,2,-9564,-8063,-952,5147,2262,-6062
R,29c3,224272827,4,-19079,-14731,-2203,5674,2318,-6072
R,29c3,224274017,2,-9558,-6623,-1306,5780,2375,-6030
R,29c3,224276428,4,-19342,-11774,-3094,6039,2501,-6120
R,29c3,224277618,2,-9847,-5178,-1802,6229,2548,-6118
R,29c3,224280029,4,-20184,-9011,-4218,6519,2677,-6110
R,29c3,224281219,2,-10393,-3801,-2446,6603,2717,-6155
R,29c3,224283630,4,-21538,-6243,-5598,6756,2509,-6361
R,29c3,224284790,2,-11096,-2421,-3148,6806,2320,-6464
R,29c3,224287200,4,-22702,-3415,-6942,6695,2040,-6781
R,29c3,224288391,2,-11568,-972,-3855,6632,1818,-6913
R,29c3,224290802,4,-23412,-361,-8551,6565,1427,-7089
R,29c3,224291992,2,-11688,656,-4733,6434,1358,-7127
R,29c3,224294403,4,-23122,2962,-10353,5993,1464,-6775
R,29c3,224295593,2,-11266,2267,-5626,5661,1621,-6489
R,29c3,224298004,4,-21550,5813,-11622,4485,2216,-5506
R,29c3,224299194,2,-10161,3389,-5864,3740,2603,-4848
R,29c3,224300384,2,-9682,3627,-5802,2843,2968,-4107
R,29c3,224301605,2,-9179,3766,-5677,1847,3372,-3398
R,29c3,224302795,2,-8645,3829,-5510,659,3705,-2706
R,29c3,224305175,4,-15493,7565,-10526,-2182,4641,-1332
R,29c3,224306396,2,-6718,3547,-5020,-3758,5262,-680
R,29c3,224307586,2,-5952,3276,-4859,-5351,6014,-28
R,29c3,224308807,2,-5101,2885,-4639,-6972,6924,687
R,29c3,224309997,2,-4172,2455,-4364,-8584,7970,1523
R,29c3,224311187,2,-3164,1944,-3955,-10115,9221,2384
R,29c3,224312377,2,-2061,1427,-3427,-11564,10593,3473
R,29c3,224313598,2,-920,829,-2690,-12937,11965,4699
R,29c3,224314788,2,271,197,-1727,-14416,13405,5997
R,29c3,224317199,4,4071,-1648,-104,-17671,16364,8747
R,29c3,224318389,2,3787,-1940,1687,-19383,17920,10105
R,29c3,224319580,2,4874,-2740,2838,-21136,19580,11406
R,29c3,224320770,2,5930,-3571,3981,-22652,21328,12798
R,29c3,224321990,2,6864,-4427,5196,-24172,23060,14392
R,29c3,224323181,2,7684,-5272,6424,-25492,24904,16003
R,29c3,224324371,2,8386,-6178,7701,-26744,26848,17836
R,29c3,224325561,2,8927,-7158,8994,-27988,28966,19798
R,29c3,224326751,2,9220,-8007,10227,-28828,31086,21917
R,29c3,224327972,2,9257,-8898,11491,-29549,32750,24175
R,29c3,224329162,2,9027,-9652,12744,-30130,32750,26322
R,29c3,224330383,2,8565,-10332,14060,-31187,32750,28374
R,29c3,224331573,2,7749,-10982,15362,-32041,32750,30083
R,29c3,224332763,2,6724,-11766,16666,-32598,32750,31858
R,29c3,224333984,2,5438,-12709,18044,-32763,32750,32764
R,29c3,224335174,2,3906,-13824,19419,-32763,32750,32764
R,29c3,224336364,2,2139,-15011,20785,-32763,32750,32764
R,29c3,224337554,2,151,-16352,22177,-32763,32750,32764
R,29c3,224338775,2,-2041,-17913,23648,-32763,32750,32764
R,29c3,224341156,4,-11198,-41104,51895,-32763,32750,32764
R,29c3,224342376,2,-9257,-23352,28368,-32763,32750,32764
R,aa2c,224343841,126,-445299,-547475,727531,-12141,-13262,16648
R,29c3,224344757,4,-26231,-53010,61807,-32763,32750,32688
R,29c3,224345947,2,-16893,-29733,33227,-32763,32750,30852
R,29c3,224348358,4,-40860,-65551,70337,-32763,32750,26081
R,29c3,224349548,2,-23643,-35486,36895,-32763,32750,23407
R,29c3,224350769,2,-25561,-37017,37921,-32763,32750,20591
R,aa2c,224351074,12,22357,-198530,78187,-5990,-6424,6761
R,29c3,224351959,2,-27317,-38327,38880,-32763,32750,17757
R,29c3,224353149,2,-28887,-39383,39740,-32763,30917,14933
R,29c3,224354339,2,-30253,-40150,40498,-32763,28203,12105
R,aa2c,224354705,6,15686,-97455,40255,-2835,-3376,3177
R,29c3,224355529,2,-31421,-40710,41172,-32763,25586,9431
R,29c3,224356750,2,-32408,-41075,41766,-31963,22925,6857
R,29c3,224357940,2,-33252,-41261,42278,-31130,20249,4241
R,aa2c,224358306,6,12433,-91675,42169,-613,-1307,757
R,29c3,224360351,4,-68427,-82370,85620,-29704,15139,-487
R,29c3,224361541,2,-34961,-41111,43151,-28979,12738,-2781
R,aa2c,224361938,6,5299,-83672,43609,1334,-484,-582
R,29c3,224362731,2,-35388,-41060,43299,-28154,10317,-4952
R,29c3,224363952,2,-35756,-41027,43363,-27202,7997,-7042
R,29c3,224365142,2,-36133,-41027,43295,-25988,5686,-8908
R,29c3,224366333,2,-36515,-40978,43124,-24728,3330,-10799
R,29c3,224368743,4,-73940,-81652,85247,-21843,-1531,-14537
R,29c3,224369934,2,-37284,-40645,41954,-20173,-4097,-16401
R,29c3,224372344,4,-74642,-81071,82160,-16303,-9677,-19787
R,29c3,224373535,2,-37132,-40498,40142,-14089,-12991,-21522
R,29c3,224374725,2,-36672,-40392,39388,-11787,-16410,-23174
R,29c3,224375946,2,-35890,-40139,38416,-9453,-19942,-24887
R,29c3,224378326,4,-68043,-79136,73384,-3802,-27046,-27841
R,29c3,224380737,4,-60530,-75635,68432,2041,-32764,-30213
R,29c3,224381927,2,-26358,-35718,32105,5071,-32764,-31358
R,29c3,224383117,2,-23154,-33832,30566,8009,-32764,-32164
R,aa2c,224383666,36,-131742,-336784,250258,1982,-13423,220
R,29c3,224384307,2,-19521,-31551,28945,11295,-32764,-32480
R,29c3,224387939,6,-33569,-76828,76793,18815,-32764,-31967
R,29c3,224390319,4,-442,-33768,43204,21043,-32764,-29622
R,aa2c,224390899,12,-46024,-78542,52281,3060,-14556,782
R,29c3,224391510,2,5812,-11445,19542,20607,-32764,-27943
R,29c3,224393920,4,21004,-13444,35850,17817,-29936,-24081
R,29c3,224397521,6,45544,-2322,46558,13941,-20069,-16894
R,29c3,224398712,2,16776,2686,13660,12950,-17234,-14413
R,aa2c,224401763,18,-11279,-110994,49078,4896,-10803,575
R,29c3,224402313,6,49910,14878,36289,9708,-10519,-7272
R,29c3,224404693,4,30676,13415,20933,7215,-7462,-3054
R,aa2c,224408996,12,23234,-67351,24675,4141,-8633,-103
R,29c3,224410705,10,61905,34312,44613,2563,-3362,4674
R,29c3,224411895,2,9739,5876,8007,2072,-2952,5669
R,aa2c,224412628,6,17868,-30672,10388,3315,-7907,-590
R,29c3,224414306,4,17010,10219,15360,1396,-2378,7265
R,aa2c,224416229,6,22712,-29254,9949,2486,-6819,-1109
R,29c3,224419097,8,25641,14134,28823,788,-2015,8323
R,aa2c,224419830,6,27409,-28472,10131,1945,-5485,-1577
R,29c3,224420318,2,5025,2241,6951,768,-2063,8315
R,29c3,224421508,2,4559,1809,6915,807,-2155,8190
R,29c3,224423889,4,7925,2354,13719,967,-2527,7691
R,29c3,224426300,4,6605,1059,13526,1208,-3152,6916
R,aa2c,224427093,12,62530,-54954,23252,1033,-2397,-2477
R,29c3,224427490,2,2902,161,6663,1340,-3566,6464
R,29c3,224429901,4,5376,-145,13010,1726,-4424,5497
R,aa2c,224430725,6,30182,-26129,13942,777,-1558,-2690
R,29c3,224431091,2,2578,-210,6334,1915,-4822,5026
R,aa2c,224434326,6,26776,-25067,15803,445,-1391,-2801
R,29c3,224434692,6,8027,-567,18381,2375,-5942,3423
R,29c3,224437103,4,6171,81,11605,2768,-6386,2582
R,aa2c,224437927,6,22437,-24135,17796,90,-1864,-2861
R,29c3,224438262,2,3451,308,5620,2962,-6507,2179
R,29c3,224439514,2,3714,530,5505,3123,-6578,1869
R,29c3,224440673,2,3993,799,5372,3340,-6567,1615
R,29c3,224443084,4,8747,2551,10388,3606,-6366,1245
R,29c3,224444274,2,4701,1816,4998,3683,-6198,1086
R,aa2c,224445190,12,32003,-46154,40595,-415,-3888,-2616
R,29c3,224446685,4,9877,4741,9608,3772,-5750,1059
R,29c3,224447875,2,5094,2983,4613,3703,-5484,1138
R,aa2c,224448822,6,10979,-22167,22237,-447,-5133,-2362
R,29c3,224450286,4,10343,7184,8876,3569,-4864,1483
R,29c3,224451477,2,5176,4153,4274,3400,-4547,1806
R,29c3,224452667,2,5133,4501,4219,3276,-4240,2061
R,29c3,224455078,4,10018,9965,8270,2981,-3503,2920
R,29c3,224457458,4,9444,10956,8123,2583,-2909,3835
R,29c3,224461059,6,12303,17798,12099,2220,-2285,5397
R,29c3,224463470,4,6401,12440,8041,2043,-2112,6503
R,29c3,224464660,2,2517,6370,4011,1971,-2144,7075
R,29c3,224465850,2,2030,6410,3995,1916,-2265,7573
R,29c3,224468261,4,2570,12923,7870,1780,-2669,8454
R,29c3,224469482,2,557,6470,3875,1760,-2974,8909
R,29c3,224473052,6,-811,19299,11340,1774,-4139,9798
R,29c3,224475463,4,-2245,12686,7284,1844,-4949,10172
R,29c3,224476654,2,-1500,6300,3518,1973,-5318,10317
R,29c3,224479064,4,-3562,12521,6722,2141,-6006,10367
R,29c3,224480255,2,-1945,6266,3177,2277,-6274,10281
R,29c3,224482666,4,-4008,12560,6072,2462,-6684,10198
R,29c3,224483856,2,-1972,6341,2897,2569,-6781,10170
R,29c3,224486236,4,-3857,12802,5532,2900,-6862,10111
R,29c3,224489837,6,-5774,19870,7492,3180,-6901,10111
R,29c3,224491027,2,-1989,6845,2262,3206,-6890,10196
R,29c3,224493438,4,-4166,14017,4128,3122,-6947,10313
R,29c3,224497039,6,-6743,21621,5291,3083,-7090,10597
R,29c3,224498229,2,-2347,7349,1482,3071,-7115,10734
R,29c3,224501831,6,-7041,22381,3512,2962,-7107,11314
R,29c3,224504241,4,-4503,15081,1754,2737,-6951,11785
R,29c3,224506622,4,-4312,15026,1320,2627,-6754,12445
R,29c3,224507843,2,-2085,7445,479,2597,-6610,12763
R,29c3,224509033,2,-2063,7401,333,2587,-6460,13069
R,29c3,224510223,2,-2041,7336,235,2533,-6321,13370
R,29c3,224511413,2,-2018,7256,117,2520,-6134,13677
R,29c3,224512634,2,-2002,7183,20,2520,-6013,13917
R,29c3,224516235,6,-6018,20905,-254,2555,-5617,14498
R,29c3,224517425,2,-2045,6765,-244,2576,-5560,14650
R,29c3,224519836,4,-4182,13166,-758,2631,-5512,14890
R,29c3,224523406,6,-6393,19029,-1769,2559,-5688,15244
R,29c3,224528228,8,-7856,23753,-3576,2582,-5884,15345
R,29c3,224530609,4,-3109,11215,-2358,2493,-5880,15329
R,29c3,224531799,2,-1224,5440,-1308,2420,-5777,15274
R,29c3,224533020,2,-943,5289,-1366,2269,-5634,15173
R,29c3,224534210,2,-646,5130,-1416,2191,-5378,15201
R,aa2c,224535675,144,-110467,-120224,408875,1241,-16068,4662
R,29c3,224536590,4,-305,9711,-2916,2125,-4795,15183
R,29c3,224539001,4,790,8953,-3069,2224,-4155,15284
R,29c3,224541412,4,1607,8258,-3184,2290,-3539,15402
R,29c3,224544982,6,3277,11184,-5073,2158,-2806,15736
R,aa2c,224546539,18,-8022,31114,-5154,936,-15580,5854
R,29c3,224547393,4,2388,6506,-3636,2022,-2384,15835
R,29c3,224548583,2,1208,2938,-1910,2004,-2301,15829
R,29c3,224552185,6,3622,7417,-5954,1928,-1923,15642
R,29c3,224554595,4,2520,3791,-4166,1944,-1666,15296
R,29c3,224555786,2,1368,1570,-2133,1909,-1501,15016
R,29c3,224558197,4,3096,2497,-4213,1876,-1028,14452
R,29c3,224559387,2,1787,932,-2027,1837,-729,14188
R,29c3,224560577,2,1940,698,-1962,1842,-397,14010
R,aa2c,224561004,24,16011,32411,-36564,1450,-12765,5738
R,29c3,224561767,2,2061,500,-1880,1929,-96,13734
R,29c3,224562988,2,2151,305,-1793,1993,184,13491
R,29c3,224564178,2,2206,136,-1747,2138,487,13259
R,aa2c,224564636,6,8243,6458,-12828,1449,-11717,5548
R,29c3,224565368,2,2205,-4,-1676,2244,729,13028
R,29c3,224567779,4,4271,-346,-3224,2395,1043,12602
R,29c3,224568969,2,2025,-273,-1571,2374,1159,12367
R,29c3,224573791,8,6757,-1903,-5911,2341,1200,11474
R,29c3,224574981,2,1367,-653,-1417,2302,1118,11259
R,aa2c,224575531,18,25814,17904,-44654,1573,-9386,5053
R,29c3,224576171,2,1268,-756,-1386,2366,1005,11067
R,29c3,224577362,2,1195,-821,-1385,2421,873,10850
R,29c3,224580963,6,3318,-2845,-4173,2502,478,10261
R,29c3,224582153,2,1121,-1040,-1390,2468,394,10121
R,29c3,224583374,2,1156,-1096,-1398,2515,324,9977
R,29c3,224584533,2,1216,-1140,-1395,2494,227,9851
R,29c3,224585754,2,1279,-1206,-1411,2418,191,9713
R,aa2c,224586334,18,24886,16566,-49768,1686,-7527,4635
R,29c3,224586944,2,1360,-1276,-1440,2351,193,9587
R,29c3,224588165,2,1440,-1338,-1483,2305,195,9548
R,29c3,224589355,2,1524,-1419,-1472,2317,235,9452
R,aa2c,224589965,6,8139,5254,-17001,1758,-6899,4413
R,29c3,224590545,2,1599,-1532,-1488,2328,285,9327
R,29c3,224591766,2,1655,-1605,-1478,2375,405,9272
R,29c3,224592956,2,1716,-1690,-1507,2446,444,9188
R,aa2c,224593597,6,7995,5092,-16974,1779,-6290,4253
R,29c3,224595367,4,3523,-3574,-3058,2449,620,9072
R,29c3,224596557,2,1787,-1905,-1588,2476,681,8983
R,29c3,224597747,2,1773,-1962,-1613,2413,757,8973
R,29c3,224598937,2,1764,-2039,-1619,2320,808,8913
R,29c3,224601348,4,3456,-4364,-3263,2175,897,8904
R,29c3,224602539,2,1672,-2340,-1634,2126,878,8886
R,29c3,224603759,2,1636,-2489,-1662,2097,876,8835
R,29c3,224604949,2,1585,-2612,-1720,2081,891,8753
R,29c3,224607330,4,3064,-5640,-3526,2043,902,8531
R,29c3,224608551,2,1522,-3021,-1847,1974,971,8300
R,29c3,224609741,2,1580,-3142,-1843,1979,1119,8065
R,29c3,224610931,2,1661,-3282,-1864,2064,1298,7807
R,29c3,224612152,2,1761,-3410,-1814,2108,1564,7597
R,29c3,224613342,2,1867,-3520,-1742,2208,1824,7363
R,29c3,224618133,8,8027,-14723,-6251,2601,2713,6541
R,29c3,224619323,2,1976,-3739,-1402,2627,2887,6347
R,29c3,224621734,4,3650,-7413,-2612,2641,3111,6003
R,29c3,224625335,6,4430,-10891,-3714,2841,3157,5367
R,29c3,224626525,2,1175,-3543,-1178,2894,3125,5171
R,29c3,224627716,2,1050,-3485,-1142,2962,3009,4994
R,29c3,224628936,2,929,-3412,-1086,2997,2904,4801
R,29c3,224632537,6,2398,-9678,-2983,3207,2509,4386
R,29c3,224633728,2,726,-3015,-968,3247,2417,4214
R,29c3,224636108,4,1464,-5669,-1846,3325,2162,4110
R,29c3,224637329,2,759,-2652,-886,3346,2060,4082
R,29c3,224638549,2,779,-2560,-882,3390,1950,4054
R,29c3,224639709,2,787,-2419,-859,3424,1848,4020
R,29c3,224640930,2,801,-2307,-887,3434,1783,4112
R,29c3,224642120,2,819,-2186,-898,3417,1664,4154
R,29c3,224643310,2,820,-2094,-932,3380,1573,4241
R,29c3,224644531,2,831,-1983,-954,3352,1471,4370
R,29c3,224645690,2,830,-1914,-1002,3232,1342,4484
R,29c3,224646911,2,841,-1843,-1022,3194,1239,4634
R,aa2c,224647888,90,88354,34528,-177947,2279,-3033,4704
R,29c3,224650512,6,2595,-5419,-3361,2962,977,5171
R,aa2c,224651519,6,3126,-1329,-4748,2375,-3257,4594
R,29c3,224654113,6,2773,-5672,-4055,3006,798,5565
R,aa2c,224655120,6,2887,-1819,-4262,2616,-3457,4454
R,29c3,224656494,4,2037,-3948,-3053,3027,768,5720
R,29c3,224660095,6,3560,-6066,-5161,2935,846,5801
R,29c3,224661285,2,1379,-2072,-1852,2972,916,5796
R,29c3,224664886,6,4867,-6348,-5777,3047,1314,5947
R,29c3,224667297,4,3722,-4281,-4014,3060,1600,6112
R,29c3,224670898,6,5978,-6462,-6341,2867,2008,6411
R,29c3,224672088,2,2028,-2211,-2209,2876,2085,6545
R,29c3,224674499,4,4003,-4571,-4535,2842,2217,6735
R,29c3,224675689,2,1966,-2344,-2313,2852,2294,6832
R,29c3,224679290,6,5785,-7290,-7140,2950,2299,7059
R,29c3,224685272,10,9798,-12690,-12717,2980,2336,7211
R,29c3,224686462,2,2049,-2634,-2634,2916,2369,7169
R,29c3,224690093,6,6872,-7958,-8118,2662,2848,6481
R,29c3,224692474,4,5751,-5410,-5284,2830,3648,6116
R,29c3,224697265,8,13973,-10547,-8854,3178,5273,6033
R,29c3,224699676,4,7277,-4800,-3790,3054,5915,6225
R,29c3,224700866,2,3502,-2256,-1762,3003,6155,6314
R,29c3,224703277,4,6471,-4299,-3281,2851,6564,6466
R,29c3,224704467,2,2913,-2072,-1513,2832,6684,6620
R,29c3,224706848,4,5170,-4065,-2707,2712,6726,6718
R,29c3,224708068,2,2277,-1993,-1222,2722,6728,6776
R,aa2c,224709411,90,52479,1061,-32061,2159,-5358,7519
R,29c3,224710449,4,4080,-3911,-2118,2777,6610,6786
R,29c3,224711669,2,1865,-1910,-867,2811,6555,6792
R,29c3,224712860,2,1795,-1882,-730,2902,6521,6832
R,29c3,224715270,4,3432,-3606,-1007,2961,6480,6860
R,aa2c,224716674,12,10655,1752,-3955,2145,-4437,8248
R,29c3,224717651,4,3314,-3338,-518,3017,6419,6826
R,29c3,224718841,2,1614,-1573,-101,3029,6450,6858
R,29c3,224720062,2,1629,-1501,36,3020,6497,6801
R,29c3,224721252,2,1623,-1437,190,2992,6608,6795
R,29c3,224722442,2,1600,-1390,360,3044,6684,6808
R,29c3,224723663,2,1572,-1333,523,3130,6791,6842
R,29c3,224724822,2,1503,-1277,668,3178,6831,6893
R,29c3,224727294,4,2697,-2390,1714,3322,6902,7107
R,29c3,224729644,4,2016,-2124,2185,3431,6882,7317
R,29c3,224732055,4,1147,-1875,2678,3365,6608,7519
R,29c3,224733245,2,189,-879,1444,3304,6351,7608
R,29c3,224734436,2,-68,-874,1480,3197,6129,7681
R,aa2c,224734741,30,18251,-9541,1552,2934,-3940,6953
R,29c3,224735626,2,-310,-912,1486,3214,5844,7718
R,29c3,224736846,2,-523,-934,1476,3148,5525,7691
R,29c3,224739227,4,-1456,-2016,3054,3088,5024,7518
R,aa2c,224742004,12,-16,-8068,3764,3243,-4256,6447
R,29c3,224742828,6,-2361,-3510,4874,3217,4598,6990
R,29c3,224744018,2,-629,-1282,1729,3247,4580,6773
R,29c3,224745208,2,-478,-1349,1811,3420,4667,6563
R,aa2c,224745605,6,1528,-4301,2819,3321,-3946,6384
R,29c3,224747619,4,-541,-2747,3864,3717,4977,6182
R,aa2c,224749237,6,2590,-4531,3956,3103,-3554,6311
R,29c3,224751220,6,-108,-3752,6482,3802,5549,5681
R,29c3,224752410,2,-21,-1125,2348,3786,5700,5510
R,aa2c,224752838,6,2757,-4927,4728,3065,-3298,6192
R,29c3,224753601,2,-111,-1061,2412,3829,5814,5354
R,29c3,224754821,2,-198,-1003,2451,3852,5954,5154
R,29c3,224757232,4,-822,-1776,5116,3911,6046,4816
R,29c3,224758422,2,-648,-747,2673,3927,6028,4589
R,aa2c,224760101,12,3297,-10577,11861,3076,-3332,5807
R,29c3,224760833,4,-1781,-1118,5557,3909,5961,4190
R,29c3,224762023,2,-1095,-358,2845,3837,5909,3974
R,29c3,224763214,2,-1185,-223,2878,3804,5829,3643
R,29c3,224770416,12,-4908,2379,19329,3647,7415,1479
R,29c3,224771606,2,237,1055,4058,3646,8110,1165
R,29c3,224772796,2,527,1303,4423,3753,8805,1049
R,29c3,224774017,2,727,1543,4772,3819,9468,986
R,29c3,224776397,4,1452,3886,10546,3902,10584,804
R,29c3,224777587,2,454,2398,5778,3891,10969,829
R,aa2c,224778167,30,4110,-29882,41107,1502,-5427,4909
R,29c3,224779998,4,-406,5753,12380,3698,11356,785
R,29c3,224781188,2,-1020,3364,6526,3610,11347,752
R,29c3,224785980,8,-9739,16369,28269,3307,10116,346
R,29c3,224789581,6,-11992,15398,23613,3538,8426,237
R,29c3,224791992,4,-9302,12071,16705,3432,7317,5
R,aa2c,224792663,24,21079,-26097,35428,2504,-3688,5480
R,29c3,224793182,2,-4780,6608,8631,3331,6843,-112
R,29c3,224794403,2,-4811,6958,8812,3305,6435,-221
R,aa2c,224796295,6,6826,-5090,9827,2600,-2972,5799
R,29c3,224796783,4,-9643,15032,18174,3383,5762,-379
R,29c3,224797973,2,-4845,8117,9304,3495,5456,-521
R,29c3,224799194,2,-4908,8540,9414,3615,5178,-636
R,aa2c,224803527,12,8585,-9979,22972,2509,-2434,5993
R,29c3,224805175,10,-26503,50463,47735,3939,3635,-1612
R,29c3,224806365,2,-5786,11787,9598,3979,3303,-1818
R,aa2c,224807159,6,169,-5471,12940,2442,-2694,5725
R,29c3,224808776,4,-12167,25383,19138,4054,2609,-2228
R,29c3,224809967,2,-6397,13638,9543,4051,2180,-2446
R,aa2c,224810760,6,-3235,-6068,13563,2483,-3267,5158
R,29c3,224812377,4,-13288,29179,18874,3855,1385,-2951
R,29c3,224813568,2,-6845,15551,9342,3676,1029,-3218
R,aa2c,224814392,6,-6552,-6752,13678,2933,-4366,4698
R,29c3,224814758,2,-6941,16163,9301,3566,741,-3375
R,29c3,224815979,2,-7038,16776,9233,3459,396,-3445
R,29c3,224817169,2,-7140,17402,9134,3383,91,-3516
R,29c3,224819580,4,-14531,36780,17902,3235,-631,-3398
R,29c3,224820770,2,-7359,19358,8776,3043,-1023,-3201
R,aa2c,224821624,12,-18521,-13688,27285,2265,-6607,4281
R,29c3,224821960,2,-7414,20012,8638,2776,-1369,-2974
R,29c3,224824371,4,-14736,41928,16815,2008,-2051,-2565
R,aa2c,224825256,6,-7790,-6724,12745,2081,-6956,4665
R,29c3,224825561,2,-7166,21842,8153,1590,-2204,-2402
R,29c3,224826782,2,-6917,22379,8021,1198,-2265,-2229
R,29c3,224829162,4,-12903,46067,15907,659,-2055,-1708
R,29c3,224831573,4,-11567,47669,15835,120,-1697,-1250
R,aa2c,224832489,12,-3080,-14492,26552,1402,-5967,6454
R,29c3,224835174,6,-14908,74751,23444,-962,-547,-1012
R,29c3,224836364,2,-4365,25759,7780,-1228,1,-853
R,29c3,224838745,4,-8231,52747,15590,-1429,1058,-420
R,29c3,224841156,4,-7869,54725,15370,-1613,2195,-131
R,29c3,224842346,2,-3905,28108,7798,-1739,2716,167
R,aa2c,224843353,18,14694,-31418,48898,527,-5205,9174
R,29c3,224844757,4,-8239,57640,16077,-2304,3325,997
R,29c3,224845947,2,-4538,29556,8026,-2699,3436,1371
R,aa2c,224846954,6,3208,-15633,16717,590,-5768,9227
R,29c3,224848358,4,-10086,60526,15830,-3582,3280,2268
R,29c3,224849548,2,-5535,30883,7906,-4051,3182,2912
R,29c3,224851959,4,-12002,62743,16031,-4989,2724,4541
R,29c3,224853149,2,-6519,31736,8157,-5451,2405,5498
R,29c3,224855529,4,-14261,63779,16332,-6226,1389,7440
R,29c3,224863952,14,-59339,219991,53064,-9018,-3672,15188
R,29c3,224867523,6,-24793,87463,20462,-10051,-5368,19723
R,29c3,224869934,4,-14604,53978,13322,-10827,-6317,23427
R,29c3,224871124,2,-6645,25398,6379,-11234,-6802,25191
R,29c3,224873535,4,-11732,46999,11742,-12024,-7196,28410
R,29c3,224877136,6,-13149,59049,15489,-12883,-6477,32474
R,29c3,224884307,12,-9438,67705,27303,-12960,-2514,32764
R,29c3,224885498,2,563,4399,4718,-12765,-1348,32764
R,29c3,224887908,4,2473,3369,9825,-12135,1279,32764
R,29c3,224889099,2,1579,-870,5093,-11779,2627,32764
R,29c3,224891510,4,2960,-6633,10806,-11869,5212,32202
R,29c3,224892700,2,995,-5748,5792,-12120,6279,30604
R,29c3,224896301,6,-895,-27046,19344,-11161,7563,24600
R,29c3,224898712,4,-4333,-24974,14830,-8827,6986,20381
R,29c3,224899902,2,-3226,-13853,7992,-7431,6343,18303
R,29c3,224902313,4,-8211,-29059,16917,-4762,4552,14341
R,29c3,224903503,2,-4857,-14675,8843,-3733,3564,12532
R,29c3,224904693,2,-5274,-14536,9053,-2937,2493,10793
R,29c3,224905883,2,-5658,-14237,9196,-2357,1347,9194
R,29c3,224907073,2,-5979,-13855,9262,-1993,89,7639
R,29c3,224910705,6,-19166,-38884,27580,-978,-3898,3636
R,29c3,224911895,2,-6490,-11989,9026,-576,-5226,2525
R,29c3,224914306,4,-12545,-22335,17712,416,-7775,636
R,29c3,224915496,2,-5868,-10265,8557,986,-8986,-97
R,29c3,224917907,4,-10447,-18403,16263,2178,-11055,-1462
R,29c3,224919097,2,-4334,-7967,7618,2801,-11920,-1925
R,29c3,224920288,2,-3662,-7066,7295,3285,-12615,-2239
R,29c3,224921478,2,-2906,-6092,6974,3753,-13161,-2416
R,29c3,224922698,2,-2116,-5063,6630,4045,-13555,-2535
R,aa2c,224922973,126,96416,-443646,270753,2379,-11969,4884
R,29c3,224925079,4,-1699,-6910,12063,4379,-13882,-2372
R,29c3,224926269,2,423,-1856,5414,4341,-13814,-2121
R,29c3,224927490,2,1271,-839,5030,4205,-13575,-1681
R,29c3,224928680,2,2059,124,4667,3991,-13131,-1099
R,29c3,224929870,2,2783,1029,4334,3746,-12538,-441
R,29c3,224931091,2,3414,1847,4013,3416,-11847,347
R,29c3,224932281,2,3971,2578,3734,3050,-11038,1211
R,29c3,224934692,4,9065,6918,6665,1900,-9655,2884
R,29c3,224935882,2,4860,4111,2938,1314,-9093,3576
R,29c3,224937072,2,4945,4405,2672,897,-8554,4244
R,aa2c,224937438,24,43965,-72866,13126,2839,-10592,1217
R,29c3,224938262,2,4968,4632,2431,668,-8118,4904
R,29c3,224939483,2,4946,4838,2195,626,-7736,5468
R,29c3,224940673,2,4892,5037,2024,630,-7430,6039
R,aa2c,224941070,6,13066,-15329,751,2793,-10002,579
R,29c3,224944274,6,14243,16199,5021,345,-6910,7580
R,aa2c,224944702,6,13535,-13531,-96,2987,-9361,-28
R,29c3,224946655,4,9243,11504,2532,-106,-6896,8438
R,aa2c,224948303,6,13444,-11249,-682,3067,-8777,-452
R,29c3,224949066,4,9151,11717,2017,-663,-7023,9208
R,29c3,224950256,2,4608,5855,771,-863,-7107,9548
R,29c3,224951446,2,4637,5787,614,-1040,-7198,9922
R,29c3,224952667,2,4695,5642,475,-1175,-7309,10295
R,29c3,224953857,2,4736,5507,364,-1250,-7411,10669
R,29c3,224955047,2,4786,5319,239,-1343,-7526,10982
R,aa2c,224955535,12,24400,-15365,-2434,3088,-8329,-921
R,29c3,224956237,2,4841,5104,67,-1453,-7714,11226
R,29c3,224957458,2,4892,4869,-114,-1524,-7881,11540
R,29c3,224958648,2,4928,4609,-306,-1567,-8097,11731
R,aa2c,224959136,6,10158,-4211,-1766,2983,-8278,-1084
R,29c3,224959869,2,4975,4349,-532,-1657,-8284,11982
R,29c3,224961059,2,5010,4080,-744,-1676,-8523,12202
R,29c3,224962249,2,5078,3769,-975,-1728,-8750,12469
R,aa2c,224962768,6,8642,-2074,-2386,2911,-8358,-1102
R,29c3,224963439,2,5132,3476,-1172,-1746,-9047,12721
R,29c3,224965850,4,10453,5974,-3074,-1694,-9576,13182
R,29c3,224967041,2,5351,2524,-1967,-1658,-9829,13434
R,29c3,224968261,2,5458,2204,-2292,-1708,-10101,13593
R,29c3,224969451,2,5587,1897,-2634,-1703,-10272,13774
R,aa2c,224970031,12,13295,1067,-6728,2380,-8231,-638
R,29c3,224971862,4,11608,2811,-6163,-1962,-10627,14134
R,29c3,224973052,2,6048,867,-3523,-2082,-10754,14343
R,aa2c,224973632,6,4823,2166,-4472,2142,-8157,-235
R,29c3,224974243,2,6214,457,-3831,-2200,-10887,14578
R,29c3,224980255,10,34007,-4325,-24233,-3044,-10957,15577
R,29c3,224981445,2,7453,-2350,-5852,-3199,-10918,15767
R,29c3,224986236,8,32165,-15181,-26456,-3776,-10051,16722
R,29c3,224987426,2,8646,-5294,-7372,-3946,-9737,16987
R,29c3,224991027,6,27275,-19698,-23572,-4912,-8494,17826
R,aa2c,224991729,30,4793,12616,-31808,1251,-7834,1041
R,29c3,224992218,2,9346,-7961,-8223,-5157,-8056,18051
R,29c3,224993438,2,9364,-8710,-8360,-5329,-7724,18294
R,aa2c,224995361,6,-2842,1352,-7895,1471,-7785,1039
R,29c3,224997039,6,27567,-30661,-26193,-5351,-6700,18522
R,29c3,224998229,2,8881,-11669,-9145,-5334,-6468,18539
R,aa2c,224998992,6,-4402,1145,-8259,1667,-7830,1013
R,29c3,224999420,2,8684,-12351,-9343,-5343,-6308,18547
R,29c3,225000610,2,8486,-13014,-9512,-5381,-6125,18524
R,29c3,225001831,2,8303,-13639,-9608,-5424,-5977,18489
R,aa2c,225002624,6,-6126,1250,-8543,1747,-8045,984
R,29c3,225003021,2,8170,-14280,-9729,-5579,-5835,18453
R,29c3,225005401,4,15862,-30505,-19652,-5910,-5560,18316
R,aa2c,225006225,6,-7775,1485,-8691,1766,-8452,1063
R,29c3,225006622,2,7676,-16253,-9959,-6072,-5563,18264
R,29c3,225007812,2,7520,-16917,-10099,-6129,-5516,18246
R,29c3,225009002,2,7387,-17577,-10217,-6209,-5520,18190
R,aa2c,225009857,6,-9163,1771,-8928,1782,-8918,1271
R,29c3,225010223,2,7312,-18239,-10340,-6289,-5468,18139
R,29c3,225011413,2,7259,-18907,-10439,-6317,-5338,18001
R,29c3,225012634,2,7206,-19592,-10551,-6373,-5176,17824
R,aa2c,225013458,6,-10266,1930,-9230,1873,-9600,1345
R,29c3,225013793,2,7180,-20189,-10693,-6494,-5004,17565
R,29c3,225016204,4,14379,-42212,-21703,-6854,-4606,16904
R,aa2c,225017089,6,-10639,2081,-9749,2223,-10221,1462
R,29c3,225017395,2,7217,-22042,-10926,-6961,-4406,16637
R,29c3,225019805,4,14485,-45816,-21915,-6912,-3946,16010
R,aa2c,225020690,6,-10618,2394,-10433,2745,-10644,1567
R,29c3,225022216,4,14363,-47840,-21946,-6318,-3340,15680
R,aa2c,225024322,6,-10501,3098,-11180,3318,-10962,1716
R,29c3,225025787,6,20631,-74347,-32970,-5792,-2772,15616
R,29c3,225026977,2,6487,-25283,-10966,-5818,-2691,15586
R,aa2c,225027954,6,-10666,4455,-11956,3389,-11366,1883
R,29c3,225029388,4,12236,-51354,-21976,-5663,-2656,15643
R,29c3,225030609,2,5713,-26031,-11034,-5538,-2704,15618
R,aa2c,225031585,6,-11143,5745,-12958,3438,-11912,2136
R,29c3,225034210,6,15636,-79416,-33043,-5533,-3173,15956
R,aa2c,225035186,6,-11740,6971,-14142,3362,-12615,2467
R,29c3,225037780,6,13466,-81895,-33035,-6029,-4168,15959
R,aa2c,225038787,6,-12006,7897,-15415,3030,-13621,2928
R,29c3,225040191,4,7848,-56348,-22512,-5908,-5192,15613
R,29c3,225041381,2,3699,-28656,-11487,-5805,-5580,15356
R,29c3,225043792,4,7266,-58183,-23654,-5405,-6309,14655
R,29c3,225044982,2,3650,-29443,-12182,-5160,-6567,14230
R,29c3,225047393,4,7520,-59363,-25069,-4888,-6971,13302
R,29c3,225048614,2,3923,-29880,-12947,-4731,-7070,12840
R,29c3,225050994,4,8302,-59924,-26606,-4362,-7243,11828
R,29c3,225052185,2,4400,-29961,-13643,-4207,-7312,11393
R,29c3,225054565,4,9270,-59790,-28043,-3865,-7530,10474
R,29c3,225055786,2,4892,-29731,-14444,-3626,-7574,10123
R,29c3,225058166,4,10379,-59001,-29719,-3099,-7607,9350
R,29c3,225059387,2,5465,-29168,-15265,-2892,-7602,9069
R,29c3,225061767,4,11512,-57557,-31532,-2362,-7604,8396
R,29c3,225062957,2,6067,-28299,-16236,-2110,-7611,8125
R,29c3,225065368,4,12783,-55515,-33328,-1873,-7526,7502
R,29c3,225066558,2,6723,-27192,-17070,-1778,-7513,7131
R,29c3,225068969,4,14146,-53263,-35052,-1625,-7185,6439
R,29c3,225072570,6,22852,-76874,-54597,-1195,-6554,5722
R,29c3,225077362,8,32901,-96736,-76092,-1063,-5972,4675
R,29c3,225079772,4,17369,-45780,-39509,-962,-5798,4315
R,29c3,225083343,6,27258,-65372,-61154,-749,-5515,4061
R,29c3,225084533,2,9482,-20852,-20860,-728,-5381,3927
R,29c3,225086944,4,19754,-40387,-42329,-1001,-4981,3739
R,29c3,225090545,6,32094,-57693,-64775,-1945,-4025,3110
R,29c3,225091735,2,11409,-18750,-21798,-1964,-3577,2944
R,29c3,225094146,4,23692,-36900,-43768,-1585,-2590,2630
R,29c3,225095336,2,12219,-18045,-22006,-1320,-2165,2435
R,29c3,225097747,4,25011,-35111,-44248,-791,-1280,1935
R,29c3,225100128,4,25646,-33420,-44485,-500,-516,1496
R,29c3,225101348,2,13029,-15982,-22254,-481,-172,1413
R,29c3,225103729,4,26532,-30591,-44426,-927,436,1390
R,29c3,225107330,6,41028,-43251,-66206,-1704,1382,1502
R,29c3,225108520,2,14019,-13955,-21863,-1784,1685,1538
R,29c3,225109741,2,14157,-13753,-21761,-1784,2034,1523
R,29c3,225110931,2,14281,-13556,-21641,-1695,2364,1562
R,29c3,225113342,4,28839,-26399,-42996,-1565,3088,1502
R,29c3,225116943,6,43592,-37791,-63548,-1820,3905,1500
R,29c3,225118133,2,14553,-12153,-20899,-2054,4163,1470
R,aa2c,225118408,132,-63209,296489,-984066,-656,-10255,5385
R,29c3,225119323,2,14556,-12005,-20739,-2213,4424,1415
R,29c3,225120513,2,14544,-11897,-20558,-2366,4673,1365
R,aa2c,225122039,6,13603,29073,-70084,-951,-9262,5145
R,29c3,225122924,4,28964,-23525,-40636,-2508,5154,1168
R,29c3,225124114,2,14391,-11664,-20098,-2537,5359,986
R,29c3,225125305,2,14308,-11567,-19932,-2530,5557,828
R,29c3,225126495,2,14222,-11474,-19769,-2491,5828,684
R,29c3,225127716,2,14110,-11398,-19572,-2435,6017,530
R,29c3,225128906,2,14018,-11308,-19445,-2306,6177,332
R,aa2c,225129272,12,37551,61517,-142933,-1897,-6652,5089
R,29c3,225131317,4,27734,-22271,-38461,-2188,6534,17
R,29c3,225132507,2,13727,-10979,-19008,-2190,6682,-213
R,29c3,225133697,2,13610,-10847,-18853,-2210,6855,-411
R,29c3,225136108,4,26934,-21378,-37167,-2305,7161,-849
R,29c3,225137298,2,13306,-10554,-18335,-2374,7359,-1070
R,29c3,225138519,2,13190,-10480,-18169,-2336,7553,-1316
R,29c3,225139709,2,13046,-10412,-18019,-2352,7788,-1510
R,29c3,225142120,4,25656,-20635,-35559,-2371,8160,-1996
R,29c3,225143310,2,12590,-10224,-17508,-2366,8375,-2196
R,29c3,225144500,2,12416,-10149,-17320,-2291,8493,-2408
R,29c3,225145690,2,12249,-10052,-17140,-2208,8665,-2613
R,29c3,225146881,2,12065,-9948,-16973,-2161,8792,-2759
R,29c3,225148101,2,11888,-9832,-16809,-2068,8837,-2809
R,29c3,225149291,2,11756,-9686,-16637,-2084,8842,-2958
R,29c3,225150482,2,11630,-9508,-16493,-2142,8883,-3003
R,aa2c,225151000,36,177942,174635,-418371,-2561,4624,4691
R,29c3,225151672,2,11554,-9366,-16345,-2251,8936,-3057
R,29c3,225152893,2,11515,-9250,-16174,-2401,9020,-3087
R,29c3,225154083,2,11495,-9135,-15974,-2522,9193,-3105
R,aa2c,225154663,6,33207,23502,-61784,-2430,6487,5187
R,29c3,225155273,2,11498,-9065,-15778,-2667,9416,-3113
R,29c3,225156494,2,11504,-9018,-15592,-2797,9675,-3154
R,29c3,225157684,2,11495,-9020,-15388,-2783,9984,-3124
R,29c3,225158905,2,11457,-9020,-15185,-2871,10360,-3203
R,29c3,225160095,2,11404,-9030,-14971,-2825,10768,-3303
R,29c3,225161285,2,11304,-9050,-14741,-2784,11210,-3387
R,aa2c,225161865,12,62937,38259,-111127,-1649,9888,5938
R,29c3,225162475,2,11160,-9052,-14504,-2708,11628,-3443
R,29c3,225163665,2,10970,-9033,-14269,-2563,12004,-3500
R,29c3,225164886,2,10743,-9009,-14033,-2280,12380,-3538
R,aa2c,225165466,6,27417,14269,-48313,-949,11187,6215
R,29c3,225166076,2,10467,-8915,-13786,-2179,12723,-3740
R,29c3,225167327,2,10159,-8824,-13538,-2046,13158,-3828
R,aa2c,225169097,6,23370,11206,-42947,-302,11903,6075
R,29c3,225169677,4,19361,-17271,-26379,-1656,13817,-4024
R,29c3,225170867,2,9178,-8413,-12726,-1528,14050,-4074
R,29c3,225172088,2,8820,-8265,-12417,-1483,14231,-4139
R,aa2c,225172729,6,18907,8534,-37460,357,12199,5844
R,29c3,225173278,2,8474,-8069,-12097,-1416,14384,-4155
R,29c3,225174468,2,8150,-7920,-11806,-1368,14465,-4210
R,29c3,225175659,2,7847,-7746,-11462,-1232,14588,-4252
R,aa2c,225176330,6,14188,6312,-31930,1020,11962,5486
R,29c3,225176879,2,7566,-7555,-11124,-1161,14691,-4312
R,29c3,225179290,4,14365,-14512,-21149,-1070,14872,-4236
R,aa2c,225179931,6,9658,4658,-26600,1418,11331,5170
R,29c3,225181671,4,13408,-13728,-19667,-951,15009,-4129
R,29c3,225182861,2,6367,-6556,-9272,-923,15073,-4084
R,29c3,225186462,6,17722,-18513,-25554,-702,15262,-3769
R,29c3,225188873,4,10671,-11354,-15152,-575,15246,-3475
R,aa2c,225190826,18,7170,7281,-52555,2583,7654,4443
R,29c3,225193664,8,18662,-20406,-25866,-658,14995,-2668
R,29c3,225194854,2,4141,-4707,-5544,-713,14891,-2437
R,29c3,225196075,2,3936,-4583,-5206,-663,14772,-2196
R,29c3,225198455,4,7199,-8814,-9436,-582,14620,-1787
R,29c3,225199645,2,3259,-4248,-4235,-581,14538,-1585
R,29c3,225200866,2,3032,-4169,-3917,-576,14467,-1446
R,aa2c,225201660,18,-10134,6040,-23075,3166,3661,4701
R,29c3,225203247,4,5348,-8084,-6939,-536,14260,-1125
R,29c3,225205657,4,4315,-7788,-5807,-355,13931,-876
R,29c3,225206878,2,1775,-3802,-2522,-184,13719,-799
R,29c3,225208038,2,1517,-3696,-2263,-84,13469,-673
R,29c3,225210449,4,2379,-7105,-3853,137,12916,-606
R,29c3,225211669,2,888,-3388,-1633,273,12668,-625
R,aa2c,225212554,18,-13912,11530,-9369,3650,1382,5572
R,29c3,225212829,2,732,-3250,-1409,307,12380,-577
R,29c3,225214050,2,574,-3136,-1221,435,12111,-614
R,aa2c,225216156,6,-4133,5404,-1720,3792,1083,5977
R,29c3,225216430,4,792,-5889,-1938,650,11568,-666
R,29c3,225217651,2,232,-2745,-744,789,11287,-656
R,29c3,225218841,2,164,-2587,-625,920,11005,-699
R,29c3,225221252,4,168,-4659,-887,1168,10418,-677
R,aa2c,225223388,12,-7606,13044,-1898,3845,732,6858
R,29c3,225224822,6,289,-5501,-555,1425,9390,-451
R,29c3,225226013,2,217,-1402,-55,1449,9103,-313
R,aa2c,225227020,6,-3887,7282,-276,3817,557,7379
R,29c3,225228424,4,781,-2202,-44,1349,8652,-16
R,29c3,225229644,2,585,-836,6,1292,8503,161
R,aa2c,225230651,6,-4281,7538,-45,3720,268,7854
R,29c3,225232025,4,1486,-1288,135,1240,8488,522
R,29c3,225233215,2,867,-482,57,1268,8494,703
R,29c3,225234436,2,907,-385,15,1329,8537,887
R,29c3,225235626,2,923,-315,-16,1314,8535,1078
R,29c3,225236816,2,902,-236,-47,1301,8571,1212
R,29c3,225238037,2,864,-183,-53,1355,8625,1365
R,29c3,225239227,2,804,-121,-49,1358,8663,1449
R,29c3,225240417,2,745,-92,-71,1390,8736,1568
R,29c3,225242828,4,1236,6,-259,1651,8777,1725
R,29c3,225244018,2,489,108,-196,1772,8765,1789
R,29c3,225246398,4,819,474,-486,1895,8626,1960
R,29c3,225247619,2,397,383,-216,1851,8537,2109
R,29c3,225250030,4,941,1033,-340,1772,8312,2457
R,29c3,225251220,2,616,604,-187,1672,8258,2623
R,29c3,225253601,4,1603,1312,-379,1611,8345,3006
R,29c3,225254821,2,1003,695,-169,1593,8466,3145
R,29c3,225257202,4,2292,1367,-261,1652,8882,3426
R,29c3,225258422,2,1209,685,-87,1669,9055,3531
R,29c3,225259613,2,1219,658,-62,1736,9286,3661
R,29c3,225260803,2,1182,652,-43,1821,9469,3680
R,29c3,225261993,2,1112,630,-27,1858,9667,3748
R,29c3,225264404,4,1934,1245,70,1969,9927,3711
R,29c3,225265594,2,769,596,124,2008,9984,3655
R,29c3,225268005,4,1115,1204,390,2105,10084,3466
R,29c3,225269195,2,360,622,265,2198,10048,3344
R,29c3,225270385,2,266,644,328,2298,10035,3214
R,29c3,225271606,2,165,668,405,2351,9990,3025
R,29c3,225272796,2,88,694,495,2431,9909,2951
R,29c3,225275207,4,48,1525,1252,2592,9816,2717
R,29c3,225276397,2,-15,848,782,2582,9686,2560
R,29c3,225277587,2,-7,908,872,2586,9629,2498
R,29c3,225278808,2,17,983,960,2582,9574,2414
R,29c3,225279998,2,33,1033,1061,2564,9551,2399
R,29c3,225281188,2,63,1085,1148,2590,9552,2372
R,29c3,225282379,2,71,1129,1253,2621,9548,2310
R,29c3,225284790,4,147,2422,2767,2707,9636,2268
R,29c3,225285980,2,24,1277,1533,2773,9637,2215
R,29c3,225287200,2,-30,1339,1611,2857,9682,2212
R,29c3,225288360,2,-92,1407,1691,2857,9686,2168
R,29c3,225289581,2,-214,1451,1779,2901,9702,2141
R,29c3,225290771,2,-313,1495,1838,2958,9633,2077
R,29c3,225291992,2,-413,1557,1918,2957,9624,2088
R,29c3,225293182,2,-540,1620,2013,2998,9565,1983
R,29c3,225294372,2,-662,1659,2099,3021,9507,1914
R,29c3,225295562,2,-778,1715,2197,3090,9431,1857
R,29c3,225296783,2,-886,1783,2294,3124,9369,1770
R,29c3,225297973,2,-971,1828,2367,3199,9315,1716
R,29c3,225299163,2,-1085,1893,2429,3282,9257,1623
R,29c3,225300384,2,-1189,1965,2505,3330,9171,1534
R,29c3,225301574,2,-1289,2042,2611,3406,9085,1424
R,29c3,225302764,2,-1381,2125,2684,3444,9043,1345
R,29c3,225306365,6,-4709,6935,8635,3593,8764,1114
R,29c3,225307556,2,-1749,2520,3007,3643,8689,1052
R,29c3,225308776,2,-1819,2640,3085,3715,8555,942
R,29c3,225311157,4,-3851,5641,6473,3772,8376,849
R,29c3,225312377,2,-2008,3019,3355,3801,8270,819
R,29c3,225313568,2,-2054,3130,3435,3785,8167,795
R,aa2c,225313873,138,-56287,42604,72600,4753,-1097,5237
R,29c3,225314758,2,-2105,3267,3498,3804,8096,770
R,29c3,225315948,2,-2165,3384,3551,3794,8007,776
R,29c3,225317169,2,-2218,3501,3605,3762,7996,750
R,aa2c,225317504,6,-3499,-894,8740,4718,-1131,5213
R,29c3,225318359,2,-2289,3618,3671,3752,7944,754
R,29c3,225320770,4,-4820,7503,7579,3704,7884,750
R,aa2c,225321105,6,-3859,-1032,9405,4644,-1270,5283
R,29c3,225321960,2,-2550,3909,3887,3759,7796,807
R,29c3,225323150,2,-2636,3979,3961,3771,7701,899
R,29c3,225324340,2,-2729,4086,4025,3788,7517,960
R,29c3,225326751,4,-5633,8503,8179,3716,7036,1312
R,29c3,225327941,2,-2835,4421,4171,3618,6801,1608
R,29c3,225329162,2,-2790,4542,4259,3526,6519,1841
R,29c3,225330352,2,-2714,4604,4318,3358,6334,2161
R,29c3,225331542,2,-2596,4670,4355,3243,6152,2452
R,aa2c,225331970,18,-14288,-6451,31650,4073,-2207,6094
R,29c3,225332733,2,-2459,4709,4407,3120,6035,2799
R,29c3,225333953,2,-2326,4733,4411,3001,5994,3208
R,29c3,225335144,2,-2189,4709,4443,2935,5943,3582
R,aa2c,225335601,6,-5659,-4363,11081,4079,-2680,6290
R,29c3,225336334,2,-2089,4680,4470,2840,5969,3934
R,29c3,225337554,2,-2007,4606,4493,2796,6022,4245
R,29c3,225338745,2,-1963,4533,4530,2697,6129,4579
R,29c3,225342346,6,-6126,12899,13656,2531,6580,5078
R,aa2c,225342834,12,-11826,-12107,21455,4289,-3316,6176
R,29c3,225343536,2,-2361,4030,4513,2580,6732,5027
R,29c3,225345916,4,-5768,7620,8923,2869,6953,4748
R,aa2c,225346496,6,-5819,-7228,10190,4464,-3414,5996
R,29c3,225349548,6,-12237,10970,12639,3706,6710,3868
R,aa2c,225350097,6,-5761,-7776,9830,4603,-3487,6039
R,29c3,225351928,4,-10713,7555,7761,4114,6080,3204
R,29c3,225353118,2,-5979,3953,3711,4276,5710,2859
R,29c3,225354339,2,-6287,4096,3629,4405,5297,2465
R,29c3,225355529,2,-6505,4264,3535,4507,4940,2082
R,29c3,225356719,2,-6658,4439,3454,4630,4596,1724
R,aa2c,225357299,12,-12610,-16848,18486,4983,-3713,6011
R,29c3,225357910,2,-6738,4635,3345,4847,4308,1333
R,29c3,225359130,2,-6772,4873,3244,5066,4121,917
R,aa2c,225360931,6,-7739,-8809,8453,5379,-3792,5909
R,29c3,225362731,6,-20403,16384,9119,5735,3963,-570
R,29c3,225363922,2,-6929,6206,2834,5978,4079,-1133
R,29c3,225366302,4,-14565,13785,5262,6599,4456,-2767
R,aa2c,225368194,12,-20790,-17173,15598,5970,-4974,5695
R,29c3,225368713,4,-16481,16065,4489,7459,4980,-4732
R,29c3,225369903,2,-9372,9102,1823,7953,5140,-5850
R,aa2c,225371795,6,-13386,-7803,6499,6234,-5869,5565
R,29c3,225372314,4,-21578,20841,2716,9297,5091,-8082
R,29c3,225374725,4,-25733,25204,1555,10640,4345,-10565
R,29c3,225375915,2,-14353,14564,332,11195,3747,-11955
R,29c3,225377105,2,-15221,16011,63,11561,2961,-13335
R,29c3,225378295,2,-15894,17562,-190,11817,2105,-14713
R,aa2c,225379028,12,-30993,-13247,9685,6659,-7798,5472
R,29c3,225379486,2,-16392,19216,-441,11904,1065,-16112
R,29c3,225380706,2,-16628,20936,-651,12001,18,-17387
R,29c3,225381896,2,-16642,22712,-800,11922,-1012,-18689
R,aa2c,225382690,6,-16239,-5382,3028,6680,-8699,5705
R,29c3,225387908,10,-74945,141919,-5199,10484,-4770,-23452
R,aa2c,225389892,12,-30091,-9181,2126,6684,-10635,6146
R,29c3,225390289,4,-22990,70729,-2373,9410,-5326,-24427
R,29c3,225391510,2,-9666,38471,-1206,8675,-5509,-24688
R,29c3,225392700,2,-8462,40546,-1204,7808,-5552,-24790
R,29c3,225393890,2,-7262,42599,-1250,6767,-5568,-24790
R,29c3,225395080,2,-6077,44572,-1327,5718,-5588,-24692
R,aa2c,225397155,12,-21380,-8972,-3458,6480,-12484,6486
R,29c3,225397491,4,-8830,94816,-2894,3260,-5591,-24089
R,29c3,225398681,2,-2806,50057,-1599,1896,-5568,-23636
R,29c3,225399902,2,-1789,51656,-1731,589,-5522,-22985
R,aa2c,225400756,6,-5136,-4883,-4684,6534,-13128,6446
R,29c3,225401062,2,-799,53179,-1850,-785,-5489,-21996
R,29c3,225403503,4,1271,110630,-4207,-3716,-5727,-18637
R,aa2c,225404388,6,-229,-5127,-6868,6098,-13348,6206
R,29c3,225404693,2,2119,57142,-2322,-5469,-6049,-16258
R,aa2c,225407989,6,5250,-5206,-9452,5327,-13247,5858
R,29c3,225408264,6,12425,175946,-7588,-11705,-7346,-7340
R,29c3,225413085,8,27441,236204,-16151,-17540,-6736,7861
R,29c3,225414276,2,7858,58376,-6239,-18358,-6337,11967
R,aa2c,225415222,12,26577,-10315,-28443,4083,-11987,4846
R,29c3,225416687,4,16234,115491,-15127,-20128,-5466,20057
R,29c3,225417877,2,8328,56920,-8762,-21139,-5088,24017
R,aa2c,225418853,6,21150,-4288,-20413,3897,-10274,4166
R,29c3,225420288,4,17546,111274,-19643,-23523,-4459,31419
R,29c3,225421478,2,9627,53880,-10707,-24617,-3814,32764
R,29c3,225423889,4,21855,102903,-22550,-26428,-1579,32764
R,aa2c,225426086,12,53922,-3611,-52065,4089,-5082,2861
R,29c3,225427459,6,41405,138538,-33915,-28563,3529,32764
R,29c3,225428680,2,16419,40877,-10571,-29297,5622,32764
R,29c3,225435852,12,118879,169482,-48984,-32762,17179,32764
R,29c3,225441864,10,108764,11820,-12923,-29063,22506,32764
R,29c3,225446655,8,70085,-67406,2765,-16170,23508,32428
R,29c3,225449066,4,24319,-47163,3710,-11164,22227,26169
R,29c3,225450256,2,9473,-25074,2404,-9350,21184,23035
R,29c3,225452636,4,14225,-51418,5842,-6826,18567,17001
R,29c3,225459838,12,17251,-150714,23414,-2808,10186,4989
R,aa2c,225473144,78,207435,97379,-267601,5183,-2735,8449
R,aa2c,225476776,6,1142,5053,-9740,4984,-3685,8708
R,aa2c,225484008,12,5105,7994,-19093,4633,-5299,8921
R,aa2c,225487640,6,6212,2673,-9938,4461,-5446,8730
R,aa2c,225498474,18,37228,1551,-31916,4974,-3621,7033
R,aa2c,225502105,6,16902,-949,-10644,5060,-2761,6271
R,29c3,225503021,72,203561,-771992,92542,-2314,3858,7186
R,29c3,225505401,4,17439,-48543,265,-2315,4291,6649
R,aa2c,225505706,6,17756,-1291,-10432,5330,-2063,5569
R,29c3,225506591,2,8454,-24567,-34,-2244,4417,6349
R,29c3,225507812,2,8238,-24744,-124,-2166,4550,5997
R,29c3,225510192,4,15825,-49884,-498,-1973,4805,5345
R,29c3,225511413,2,7547,-25041,-365,-1872,4894,4952
R,29c3,225512603,2,7284,-25078,-436,-1817,5003,4595
R,29c3,225516204,6,19988,-75065,-1947,-1328,5196,3393
R,aa2c,225516571,18,52038,-2219,-28303,5596,-1753,3962
R,29c3,225517395,2,6022,-24817,-895,-1204,5216,2999
R,29c3,225519805,4,11058,-49198,-2087,-924,5401,2222
R,29c3,225522186,4,9743,-48502,-2498,-672,5283,1367
R,29c3,225524597,4,8555,-47627,-2828,-478,5211,581
R,29c3,225525756,2,3860,-23459,-1558,-304,5104,246
R,29c3,225528198,4,7000,-46117,-3442,43,4794,-479
R,29c3,225529388,2,3200,-22595,-1881,255,4653,-812
R,29c3,225530578,2,3039,-22238,-1997,454,4503,-1187
R,29c3,225531768,2,2898,-21873,-2106,670,4355,-1545
R,29c3,225532989,2,2798,-21468,-2234,898,4215,-1864
R,29c3,225534179,2,2719,-21040,-2357,1152,3977,-2187
R,aa2c,225534698,30,69335,12250,-47036,4994,-3083,3400
R,29c3,225535369,2,2679,-20578,-2466,1315,3825,-2515
R,29c3,225536590,2,2677,-20075,-2579,1514,3677,-2794
R,29c3,225537780,2,2696,-19553,-2716,1655,3492,-3076
R,aa2c,225538299,6,10046,5933,-11737,4539,-3537,3517
R,29c3,225538970,2,2739,-19017,-2856,1744,3305,-3401
R,29c3,225540161,2,2797,-18472,-3006,1898,3197,-3653
R,29c3,225541381,2,2885,-17916,-3152,2043,3054,-3954
R,aa2c,225541931,6,9461,6987,-12542,4096,-3841,3886
R,29c3,225542572,2,3017,-17322,-3322,2250,2893,-4204
R,aa2c,225545532,6,9480,7775,-13574,3757,-3879,4374
R,29c3,225546173,6,10147,-48314,-10739,2854,2668,-4809
R,29c3,225548583,4,7817,-29006,-7876,3186,2675,-5055
R,aa2c,225549163,6,9782,8323,-14496,3513,-3657,5008
R,29c3,225549743,2,4235,-13468,-4180,3352,2606,-5155
R,29c3,225550964,2,4482,-12799,-4313,3410,2535,-5191
R,29c3,225552154,2,4736,-12108,-4449,3454,2604,-5228
R,aa2c,225552764,6,9926,8676,-15298,3249,-3226,5697
R,29c3,225553344,2,4984,-11425,-4588,3477,2691,-5168
R,29c3,225554565,2,5228,-10764,-4732,3452,2752,-5128
R,aa2c,225556396,6,9670,8800,-16295,3134,-2759,6375
R,29c3,225558166,6,17017,-28531,-15052,3356,3095,-4687
R,29c3,225559356,2,6089,-8324,-5271,3259,3242,-4418
R,aa2c,225559997,6,9073,8620,-16937,3027,-2122,6933
R,29c3,225560546,2,6284,-7766,-5407,3264,3360,-4122
R,29c3,225561737,2,6458,-7232,-5509,3217,3426,-3769
R,29c3,225562957,2,6632,-6702,-5595,3180,3545,-3476
R,aa2c,225563629,6,8082,8158,-17402,2926,-1775,7262
R,29c3,225564147,2,6818,-6199,-5708,3073,3600,-3067
R,29c3,225565338,2,6982,-5725,-5794,2931,3710,-2699
R,29c3,225566528,2,7188,-5311,-5903,2812,3862,-2241
R,aa2c,225567260,6,7167,7520,-17732,3022,-1510,7463
R,29c3,225568969,4,14881,-9432,-12046,2310,4308,-1252
R,29c3,225570159,2,7682,-4243,-6092,1933,4688,-740
R,29c3,225571350,2,7805,-4055,-6165,1530,5138,-258
R,29c3,225573760,4,15690,-7832,-12370,989,6087,508
R,aa2c,225578094,18,18970,19489,-52161,3553,-812,7223
R,29c3,225578552,8,30005,-15440,-25122,1278,7393,1852
R,29c3,225579742,2,6987,-3698,-6348,1311,7563,2103
R,29c3,225580932,2,6791,-3597,-6333,1272,7730,2394
R,aa2c,225581726,6,6111,5916,-16527,3508,-626,7147
R,29c3,225582122,2,6605,-3507,-6301,1066,7875,2612
R,29c3,225584533,4,12754,-6895,-12546,618,8096,3132
R,aa2c,225585357,6,6263,5588,-16049,3578,-587,7058
R,29c3,225586944,4,12311,-7031,-12355,293,8344,3550
R,29c3,225588134,2,6035,-3623,-6063,236,8467,3755
R,aa2c,225588958,6,6691,5034,-15415,3760,-381,6944
R,29c3,225589324,2,5989,-3679,-5965,210,8511,3908
R,29c3,225590545,2,5945,-3761,-5856,210,8625,4069
R,aa2c,225592590,6,7048,4636,-14772,3989,-241,6845
R,29c3,225592926,4,11841,-7681,-11446,166,8774,4363
R,29c3,225594116,2,5917,-3899,-5573,68,8849,4439
R,29c3,225595336,2,5929,-3983,-5496,-10,9019,4583
R,aa2c,225596221,6,7099,4334,-14108,4124,-53,6825
R,29c3,225596527,2,5936,-4043,-5396,-155,9141,4640
R,29c3,225598937,4,11822,-8350,-10490,-345,9485,4730
R,aa2c,225599822,6,6626,4281,-13559,4234,-132,6851
R,29c3,225600128,2,5866,-4329,-5102,-379,9691,4758
R,29c3,225601318,2,5764,-4464,-4992,-403,9892,4753
R,29c3,225602539,2,5665,-4577,-4913,-413,10059,4759
R,aa2c,225603454,6,5964,4265,-13162,4201,-483,6971
R,29c3,225604919,4,10909,-9549,-9556,-423,10419,4542
R,29c3,225607330,4,10171,-10037,-9191,-267,10719,4264
R,29c3,225608520,2,4787,-5149,-4481,-148,10795,4064
R,29c3,225609741,2,4567,-5199,-4361,-25,10855,3877
R,29c3,225613311,6,12468,-15685,-12530,206,10741,3148
R,aa2c,225614318,18,17100,12162,-38442,4328,-1012,7660
R,29c3,225615722,4,7489,-10299,-7973,404,10640,2606
R,29c3,225616912,2,3591,-5027,-3821,534,10611,2388
R,29c3,225619323,4,6974,-9758,-7327,718,10471,1898
R,29c3,225620513,2,3428,-4684,-3514,781,10461,1733
R,29c3,225622924,4,6871,-8979,-6731,894,10297,1368
R,29c3,225624114,2,3475,-4266,-3192,932,10198,1268
R,29c3,225626495,4,7050,-8051,-5987,941,10057,1045
R,29c3,225627716,2,3584,-3775,-2851,937,10056,976
R,29c3,225631317,6,10904,-10336,-8116,1034,10104,878
R,29c3,225633697,4,7241,-6204,-5022,1042,10157,790
R,29c3,225634887,2,3548,-2923,-2372,1063,10123,726
R,29c3,225637298,4,6847,-5454,-4470,1095,9976,576
R,29c3,225638488,2,3282,-2539,-2163,1105,9881,489
R,29c3,225640899,4,6232,-4682,-4280,1160,9632,304
R,29c3,225642089,2,2980,-2136,-2135,1151,9441,166
R,29c3,225644470,4,5742,-3862,-4149,1202,9100,-35
R,29c3,225648101,6,8409,-4728,-5980,1268,8597,-398
R,29c3,225649291,2,2844,-1274,-2037,1309,8459,-541
R,29c3,225652893,6,8951,-2884,-6027,1415,8109,-812
R,29c3,225655273,4,6479,-1070,-3870,1408,7893,-841
R,29c3,225656494,2,3436,-273,-1904,1338,7783,-836
R,29c3,225660095,6,11284,173,-5729,1005,7511,-573
R,29c3,225666076,10,21547,2541,-9674,589,7771,81
R,29c3,225667297,2,4493,686,-2003,570,7846,163
R,29c3,225670867,6,13255,2267,-6369,437,8048,366
R,29c3,225673278,4,8466,1621,-4476,346,8071,352
R,29c3,225674468,2,4103,823,-2264,330,8067,314
R,29c3,225675659,2,4010,805,-2327,357,8092,262
R,29c3,225676879,2,3928,811,-2360,370,8079,196
R,29c3,225678070,2,3846,824,-2417,358,8066,105
R,29c3,225679260,2,3764,842,-2501,418,8049,-40
R,29c3,225680450,2,3706,865,-2527,411,8012,-144
R,29c3,225681671,2,3678,917,-2540,474,8046,-290
R,29c3,225682861,2,3627,956,-2535,526,8036,-435
R,29c3,225685241,4,7185,2031,-5142,520,8111,-743
R,29c3,225686431,2,3546,1099,-2599,555,8181,-893
R,29c3,225687652,2,3536,1172,-2627,576,8246,-1059
R,29c3,225688842,2,3497,1243,-2676,658,8309,-1187
R,29c3,225690063,2,3460,1321,-2663,706,8375,-1345
R,29c3,225691253,2,3415,1432,-2646,697,8475,-1458
R,29c3,225692443,2,3360,1515,-2641,760,8564,-1686
R,29c3,225693634,2,3295,1624,-2656,778,8633,-1766
R,aa2c,225693939,132,220042,93815,-299681,3884,3539,6355
R,29c3,225694824,2,3222,1758,-2654,796,8678,-1899
R,29c3,225696075,2,3140,1874,-2667,837,8773,-2057
R,29c3,225697235,2,3047,2005,-2679,833,8806,-2167
R,aa2c,225697540,6,12740,3103,-8606,3890,3622,6243
R,29c3,225698455,2,2971,2133,-2685,813,8821,-2262
R,29c3,225699645,2,2886,2277,-2682,836,8836,-2336
R,29c3,225700836,2,2802,2436,-2675,845,8829,-2432
R,aa2c,225701171,6,12377,2920,-7839,3912,3683,6113
R,29c3,225702026,2,2738,2569,-2636,869,8815,-2490
R,29c3,225703247,2,2686,2736,-2629,875,8778,-2510
R,29c3,225704437,2,2645,2881,-2609,905,8745,-2588
R,aa2c,225704803,6,12027,2785,-7036,3953,3737,6035
R,29c3,225705627,2,2618,3018,-2583,867,8760,-2642
R,29c3,225706817,2,2600,3188,-2587,831,8734,-2647
R,29c3,225708038,2,2625,3358,-2573,770,8742,-2607
R,aa2c,225708404,6,11685,2757,-6306,3942,3776,5945
R,29c3,225709228,2,2638,3530,-2541,655,8752,-2589
R,29c3,225711639,4,5350,7458,-4927,509,8851,-2470
R,aa2c,225712036,6,11474,2789,-5506,3922,3820,5895
R,29c3,225712829,2,2723,3917,-2373,397,8836,-2317
R,29c3,225714019,2,2760,4022,-2341,300,8806,-2164
R,29c3,225715240,2,2812,4135,-2292,221,8728,-1990
R,aa2c,225715637,6,11221,2832,-4700,3868,3877,5922
R,29c3,225716430,2,2875,4236,-2251,116,8657,-1791
R,29c3,225717620,2,2960,4342,-2201,-11,8573,-1585
R,29c3,225718841,2,3077,4437,-2164,-139,8577,-1340
R,aa2c,225719238,6,10898,2901,-4002,3748,3905,5989
R,29c3,225720031,2,3192,4507,-2117,-347,8599,-1068
R,29c3,225721221,2,3317,4570,-2072,-478,8700,-811
R,29c3,225722412,2,3446,4598,-2024,-670,8795,-469
R,aa2c,225722869,6,10462,2925,-3349,3664,3901,6111
R,29c3,225723632,2,3536,4582,-1968,-839,8955,-197
R,29c3,225724792,2,3609,4566,-1928,-999,9097,56
R,29c3,225726013,2,3640,4494,-1886,-1106,9242,311
R,aa2c,225726531,6,10080,2878,-2774,3611,3913,6288
R,29c3,225727203,2,3654,4401,-1861,-1195,9402,546
R,29c3,225728424,2,3649,4338,-1826,-1223,9599,809
R,29c3,225729614,2,3613,4264,-1773,-1267,9738,1023
R,aa2c,225730133,6,9754,2775,-2205,3598,3969,6463
R,29c3,225730804,2,3531,4177,-1724,-1301,9926,1190
R,29c3,225732025,2,3452,4098,-1684,-1319,10081,1366
R,29c3,225733215,2,3336,4000,-1643,-1381,10167,1467
R,aa2c,225733764,6,9441,2585,-1604,3580,4016,6663
R,29c3,225734405,2,3216,3909,-1619,-1422,10282,1602
R,29c3,225735626,2,3086,3804,-1603,-1483,10389,1703
R,aa2c,225737365,6,9000,2359,-987,3627,4100,6831
R,29c3,225738006,4,5767,7290,-3043,-1447,10543,1754
R,aa2c,225740997,6,8385,2028,-313,3697,4098,7017
R,29c3,225742828,8,9925,13382,-5303,-1272,10804,1648
R,aa2c,225744628,6,7600,1614,264,3756,4051,7242
R,29c3,225745208,4,4236,6190,-2222,-1103,10848,1589
R,29c3,225747619,4,3865,6021,-1796,-1020,10768,1615
R,aa2c,225748199,6,6648,1099,761,3871,3915,7380
R,29c3,225748779,2,1825,2963,-740,-1022,10739,1573
R,29c3,225751220,4,3481,5823,-1236,-1010,10765,1617
R,aa2c,225751861,6,5630,639,1252,3977,3742,7523
R,29c3,225752380,2,1650,2876,-493,-1042,10769,1614
R,29c3,225753601,2,1588,2819,-428,-1067,10756,1637
R,29c3,225754791,2,1512,2771,-328,-1050,10745,1692
R,aa2c,225755462,6,4499,254,1532,4030,3447,7554
R,29c3,225755981,2,1446,2718,-245,-1030,10761,1729
R,29c3,225757202,2,1343,2672,-153,-1041,10737,1746
R,29c3,225758392,2,1249,2601,-78,-1030,10765,1803
R,aa2c,225759094,6,3535,-17,1738,4070,3060,7569
R,29c3,225760803,4,2155,4992,38,-1005,10763,1816
R,29c3,225761993,2,886,2384,107,-968,10698,1854
R,aa2c,225762725,6,2924,-316,1827,4138,2734,7525
R,29c3,225763214,2,751,2315,156,-950,10622,1822
R,29c3,225765594,4,1105,4467,460,-864,10560,1776
R,aa2c,225766326,6,2636,-566,1904,4170,2449,7490
R,29c3,225766784,2,330,2128,337,-812,10446,1741
R,29c3,225767974,2,185,2074,370,-785,10348,1684
R,29c3,225769195,2,72,2011,408,-744,10252,1615
R,29c3,225771575,4,-198,3925,876,-589,10048,1432
R,aa2c,225773590,12,5286,-1612,3799,4317,2300,7271
R,29c3,225774017,4,-572,3802,948,-483,9846,1246
R,29c3,225777587,6,-1305,5699,1629,-281,9476,1009
R,29c3,225778778,2,-510,1915,581,-194,9391,1056
R,29c3,225779968,2,-497,1932,603,-187,9258,1021
R,29c3,225781188,2,-472,1955,649,-202,9100,1081
R,29c3,225783569,4,-732,3935,1394,-249,8755,1222
R,aa2c,225784423,18,6368,-2220,5608,4378,2287,7268
R,29c3,225784759,2,-218,1972,748,-307,8678,1365
R,29c3,225785949,2,-107,1948,768,-325,8639,1466
R,29c3,225789550,6,374,5685,2504,-424,8740,1812
R,29c3,225790771,2,294,1790,871,-394,8796,1970
R,aa2c,225791687,12,1864,-1414,3804,4383,1992,7302
R,29c3,225791961,2,332,1727,881,-370,8921,2090
R,29c3,225793151,2,319,1675,883,-295,8985,2158
R,29c3,225794372,2,289,1604,875,-244,9044,2218
R,aa2c,225795288,6,647,-762,1995,4356,1699,7420
R,29c3,225796783,4,374,2997,1787,-225,9071,2323
R,aa2c,225798889,6,934,-888,2148,4390,1490,7454
R,29c3,225800354,6,-139,3976,2720,-167,9035,2397
R,aa2c,225802520,6,1485,-1054,2217,4422,1377,7420
R,29c3,225803955,6,-1037,3252,2742,17,8764,2279
R,29c3,225805145,2,-499,949,941,146,8645,2202
R,aa2c,225806152,6,1988,-1131,2389,4460,1328,7323
R,29c3,225807556,4,-1175,1743,1914,310,8379,2045
R,29c3,225808776,2,-603,870,935,347,8224,1932
R,29c3,225811157,4,-1199,1696,1891,476,8045,1768
R,29c3,225812347,2,-579,841,960,533,7951,1647
R,29c3,225815948,6,-1586,2628,2852,721,7747,1309
R,29c3,225821960,10,-2461,4960,4312,1070,7575,582
R,29c3,225823150,2,-536,1153,789,1179,7515,483
R,29c3,225825531,4,-1151,2538,1482,1277,7362,314
R,29c3,225826751,2,-608,1387,684,1313,7228,167
R,29c3,225829132,4,-1218,3069,1210,1358,7032,23
R,29c3,225830322,2,-588,1713,542,1399,6907,-24
R,29c3,225832733,4,-1079,3762,988,1460,6667,-100
R,29c3,225833923,2,-456,2070,433,1443,6604,-99
R,29c3,225837524,6,-914,6933,978,1360,6309,64
R,29c3,225839935,4,-91,5198,446,1234,6137,234
R,29c3,225841125,2,146,2751,142,1159,6104,403
R,29c3,225843536,4,632,5756,157,991,6081,589
R,29c3,225844726,2,485,2984,-36,972,6094,776
R,29c3,225845916,2,562,3042,-96,934,6127,849
R,29c3,225847106,2,647,3087,-175,903,6156,996
R,29c3,225848327,2,717,3159,-234,860,6178,1111
R,29c3,225849517,2,777,3209,-306,801,6218,1207
R,29c3,225850738,2,833,3246,-365,731,6249,1283
R,29c3,225851928,2,880,3286,-426,690,6259,1425
R,29c3,225853118,2,936,3324,-493,627,6283,1551
R,29c3,225854309,2,981,3376,-556,580,6232,1655
R,29c3,225855529,2,1025,3388,-642,493,6210,1763
R,29c3,225856719,2,1106,3410,-718,395,6214,1920
R,29c3,225857910,2,1181,3427,-772,309,6207,2023
R,29c3,225859100,2,1261,3439,-824,199,6186,2115
R,29c3,225861511,4,2793,6851,-1818,84,6332,2314
R,29c3,225862701,2,1531,3391,-994,59,6478,2427
R,29c3,225863922,2,1598,3384,-1049,-11,6570,2506
R,29c3,225865112,2,1656,3339,-1112,-40,6722,2537
R,29c3,225866302,2,1688,3293,-1133,-66,6823,2683
R,29c3,225867492,2,1701,3236,-1192,-113,6947,2721
R,29c3,225868713,2,1713,3219,-1227,-133,7055,2778
R,29c3,225869903,2,1727,3159,-1288,-168,7137,2828
R,29c3,225871093,2,1738,3121,-1316,-247,7193,2909
R,29c3,225872314,2,1727,3075,-1328,-300,7244,2972
R,29c3,225873504,2,1731,3037,-1336,-367,7269,3069
R,29c3,225874694,2,1741,2950,-1368,-413,7319,3150
R,29c3,225875915,2,1761,2881,-1356,-556,7389,3243
R,29c3,225877105,2,1779,2790,-1395,-598,7443,3297
R,29c3,225878295,2,1778,2677,-1415,-680,7528,3361
R,29c3,225879486,2,1799,2582,-1421,-675,7622,3420
R,29c3,225881896,4,3577,4826,-2845,-719,7783,3500
R,29c3,225883087,2,1780,2254,-1435,-741,7860,3511
R,29c3,225884277,2,1754,2140,-1431,-703,7899,3508
R,29c3,225885467,2,1738,2039,-1437,-683,7957,3496
R,aa2c,225885772,132,69513,24327,52473,4085,1194,6766
R,29c3,225887878,4,3409,3834,-2845,-682,8081,3445
R,29c3,225889099,2,1694,1803,-1424,-708,8126,3434
R,aa2c,225889373,6,1325,3166,1806,4027,956,6876
R,29c3,225892700,6,4924,4916,-4282,-809,8284,3290
R,aa2c,225893005,6,1286,3159,1456,3999,814,6863
R,29c3,225895080,4,3229,2813,-2753,-789,8376,3066
R,29c3,225896270,2,1592,1235,-1332,-730,8456,3011
R,aa2c,225896636,6,1442,3144,1135,4101,791,6937
R,29c3,225897460,2,1566,1141,-1302,-707,8525,2898
R,29c3,225898681,2,1543,1048,-1291,-632,8587,2755
R,29c3,225899871,2,1494,969,-1275,-600,8673,2596
R,aa2c,225900268,6,1576,3244,747,4084,817,6907
R,29c3,225901092,2,1447,894,-1271,-519,8713,2453
R,29c3,225903472,4,2722,1683,-2430,-346,8758,2131
R,aa2c,225903869,6,1765,3353,494,4106,866,6929
R,29c3,225904663,2,1307,790,-1172,-334,8767,1996
R,29c3,225905853,2,1252,764,-1139,-301,8797,1910
R,29c3,225907073,2,1223,726,-1104,-296,8850,1755
R,aa2c,225907470,6,1939,3496,188,4049,901,7010
R,29c3,225908264,2,1184,710,-1073,-304,8843,1649
R,29c3,225909484,2,1176,683,-1029,-317,8839,1568
R,29c3,225910675,2,1168,639,-990,-261,8764,1425
R,aa2c,225911102,6,2138,3526,-55,3950,873,7119
R,29c3,225911865,2,1162,640,-925,-287,8727,1329
R,29c3,225913055,2,1177,628,-895,-235,8732,1208
R,29c3,225914276,2,1189,607,-832,-217,8682,1188
R,aa2c,225914733,6,2391,3358,-198,3875,878,7343
R,29c3,225916656,4,2457,1254,-1571,-146,8658,1075
R,29c3,225917877,2,1256,639,-743,-190,8646,1063
R,29c3,225919067,2,1299,663,-722,-232,8612,1092
R,29c3,225920257,2,1307,649,-682,-298,8651,1078
R,29c3,225921447,2,1322,654,-639,-411,8665,1113
R,aa2c,225921997,12,5932,5815,-1159,3623,891,7644
R,29c3,225922668,2,1339,599,-609,-451,8683,1179
R,aa2c,225925598,6,3690,2201,-844,3599,1072,7779
R,29c3,225927459,8,5255,1692,-2108,-645,8880,1340
R,29c3,225928649,2,1248,219,-487,-524,8922,1337
R,aa2c,225929199,6,4040,1645,-1053,3721,1325,7837
R,29c3,225929840,2,1182,172,-466,-414,8918,1355
R,29c3,225931060,2,1137,173,-463,-318,8963,1354
R,29c3,225932250,2,1097,163,-462,-255,8979,1387
R,aa2c,225932830,6,4212,1221,-1153,3780,1515,7875
R,29c3,225933441,2,1050,172,-447,-213,8934,1421
R,29c3,225934661,2,1034,201,-438,-224,8940,1449
R,29c3,225935852,2,1008,216,-413,-248,8914,1470
R,aa2c,225936431,6,4258,901,-1102,3873,1708,7779
R,29c3,225937042,2,1009,217,-384,-279,8861,1526
R,29c3,225938232,2,1018,229,-373,-311,8806,1633
R,aa2c,225940063,6,4316,699,-985,3987,1861,7707
R,29c3,225941833,6,3319,705,-1035,-514,8673,1924
R,29c3,225943054,2,1239,224,-261,-527,8650,2084
R,29c3,225945434,4,2682,397,-472,-686,8716,2295
R,29c3,225950256,8,5955,317,-922,-882,9104,2809
R,29c3,225955047,8,5979,-768,-860,-1013,9384,3119
R,29c3,225956237,2,1432,-411,-220,-1047,9421,3151
R,29c3,225957427,2,1392,-504,-219,-1100,9502,3155
R,aa2c,225958160,30,16665,2476,-1389,4029,1840,7978
R,29c3,225959838,4,2670,-1340,-403,-1083,9606,3136
R,29c3,225961029,2,1284,-806,-177,-1060,9661,3088
R,aa2c,225961791,6,2078,332,227,3989,1757,8114
R,29c3,225962219,2,1236,-913,-165,-1047,9734,3100
R,29c3,225963439,2,1198,-985,-132,-1013,9803,3029
R,29c3,225964599,2,1157,-1061,-117,-976,9861,2980
R,aa2c,225965423,6,1794,106,384,3957,1737,8223
R,29c3,225965820,2,1125,-1129,-104,-931,9917,2889
R,29c3,225967010,2,1105,-1185,-81,-913,9978,2832
R,29c3,225968231,2,1073,-1223,-49,-852,10040,2759
R,aa2c,225969024,6,1465,-192,495,3894,1689,8370
R,29c3,225970611,4,2084,-2592,11,-771,10176,2707
R,aa2c,225972656,6,1094,-543,587,3880,1603,8446
R,29c3,225973022,4,1988,-2718,275,-755,10212,2631
R,29c3,225974212,2,969,-1369,229,-754,10233,2629
R,29c3,225975402,2,953,-1415,287,-749,10253,2640
R,aa2c,225976257,6,700,-978,592,3846,1535,8528
R,29c3,225976593,2,954,-1445,345,-761,10277,2718
R,aa2c,225979888,6,291,-1432,555,3799,1476,8506
R,29c3,225980194,6,2803,-4488,1435,-828,10346,2900
R,29c3,225981414,2,915,-1568,633,-849,10350,2975
R,aa2c,225983520,6,-91,-1982,624,3748,1388,8494
R,29c3,225983795,4,1767,-3335,1559,-916,10402,3177
R,29c3,225988616,8,2999,-7657,4003,-873,10411,3551
R,29c3,225992218,6,1474,-6773,3792,-930,10373,3904
R,29c3,225993408,2,323,-2506,1416,-954,10301,4062
R,29c3,225994598,2,252,-2674,1485,-1010,10200,4203
R,29c3,225995788,2,173,-2821,1585,-1027,10116,4378
R,29c3,225997009,2,110,-3018,1642,-1042,10032,4540
R,29c3,225999389,4,4,-6578,3495,-951,9947,4847
R,29c3,226000610,2,-118,-3565,1852,-847,9942,4983
R,aa2c,226001617,30,-4088,-19784,3407,4193,1020,8066
R,29c3,226002990,4,-540,-7690,3877,-562,9960,5257
R,29c3,226004180,2,-468,-4103,1997,-389,9974,5405
R,29c3,226006591,4,-1351,-8681,4168,-136,9814,5649
R,29c3,226007812,2,-897,-4579,2206,-13,9664,5736
R,29c3,226010192,4,-2177,-9614,4657,211,9271,5950
R,29c3,226014984,8,-5420,-20962,10090,692,8240,6216
R,29c3,226016174,2,-1453,-5596,2646,739,7969,6254
R,29c3,226018585,4,-2896,-11585,5425,976,7433,6307
R,29c3,226020996,4,-2861,-12065,5527,1263,7040,6283
R,29c3,226022186,2,-1396,-6216,2777,1425,6848,6267
R,29c3,226024566,4,-2773,-12731,5560,1770,6441,6176
R,29c3,226025787,2,-1382,-6522,2759,1977,6246,6055
R,29c3,226028167,4,-2733,-13254,5479,2468,5807,5768
R,29c3,226029357,2,-1368,-6685,2677,2654,5548,5665
R,29c3,226031768,4,-2737,-13339,5211,3156,5032,5290
R,29c3,226032958,2,-1367,-6607,2524,3393,4680,5121
R,29c3,226040161,12,-6683,-37499,13420,4344,2150,4413
R,29c3,226042572,4,-853,-11382,3617,4487,1306,4225
R,29c3,226043792,2,-23,-5451,1599,4530,905,4183
R,29c3,226046142,4,846,-10455,2678,4597,244,4038
R,29c3,226048553,4,2027,-9800,1825,4623,-285,3962
R,29c3,226050964,4,3196,-9145,835,4560,-732,3802
R,29c3,226052154,2,2013,-4348,-6,4537,-968,3720
R,29c3,226053344,2,2261,-4205,-275,4568,-1136,3622
R,29c3,226054565,2,2515,-4051,-590,4532,-1310,3523
R,29c3,226055755,2,2764,-3915,-927,4511,-1506,3424
R,29c3,226058166,4,6210,-7331,-2880,4444,-1828,3153
R,29c3,226059356,2,3469,-3423,-2011,4456,-1967,3013
R,29c3,226060546,2,3694,-3271,-2391,4429,-2056,2846
R,29c3,226061737,2,3935,-3105,-2769,4444,-2121,2668
R,29c3,226062957,2,4162,-2954,-3134,4457,-2175,2482
R,29c3,226064147,2,4382,-2792,-3515,4493,-2202,2322
R,29c3,226065338,2,4602,-2616,-3923,4526,-2210,2178
R,29c3,226066528,2,4797,-2432,-4315,4516,-2247,2050
R,29c3,226067749,2,5017,-2249,-4707,4474,-2332,1960
R,29c3,226068939,2,5238,-2035,-5117,4374,-2415,1806
R,29c3,226072540,6,17184,-4845,-17628,4144,-2863,1729
R,29c3,226073730,2,6307,-1166,-6676,3949,-3031,1771
R,29c3,226074920,2,6647,-965,-7079,3574,-3264,1828
R,29c3,226076110,2,7005,-796,-7477,3184,-3431,1844
R,aa2c,226077606,126,138463,-103148,-160859,5367,-6655,4430
R,29c3,226079742,6,23360,-1771,-24982,2336,-3625,2091
R,29c3,226080932,2,8619,-440,-9193,2103,-3685,2118
R,aa2c,226081207,6,28766,8203,-33038,4896,-6056,4436
R,29c3,226083343,4,18522,-725,-19656,1672,-3562,2243
R,29c3,226084503,2,9881,-280,-10472,1424,-3502,2334
R,aa2c,226084869,6,31003,9216,-35567,4316,-5231,4491
R,29c3,226085723,2,10289,-230,-10919,1136,-3387,2367
R,29c3,226086944,2,10680,-186,-11353,813,-3225,2369
R,29c3,226088134,2,11082,-157,-11798,517,-3040,2368
R,aa2c,226088470,6,33298,10046,-37614,3768,-4230,4672
R,29c3,226089324,2,11484,-134,-12258,159,-2789,2381
R,29c3,226090515,2,11878,-145,-12669,-212,-2540,2433
R,29c3,226091735,2,12253,-171,-13089,-599,-2196,2379
R,aa2c,226092071,6,35478,10697,-39526,3146,-3183,5039
R,29c3,226092895,2,12646,-241,-13473,-1016,-1853,2357
R,29c3,226094116,2,13014,-324,-13855,-1348,-1399,2281
R,29c3,226095306,2,13395,-429,-14212,-1672,-929,2198
R,aa2c,226095703,6,37342,11054,-41236,2550,-2113,5452
R,29c3,226096496,2,13737,-553,-14576,-1962,-379,2082
R,29c3,226098907,4,28434,-1470,-30102,-2540,688,1819
R,29c3,226100128,2,14672,-943,-15483,-2934,1247,1530
R,29c3,226101318,2,14939,-1093,-15718,-3292,1871,1243
R,29c3,226102508,2,15151,-1240,-15943,-3533,2546,965
R,29c3,226103698,2,15344,-1337,-16178,-3662,3241,708
R,29c3,226104888,2,15483,-1397,-16402,-3876,3908,471
R,29c3,226106109,2,15595,-1431,-16604,-4230,4520,285
R,aa2c,226106567,18,118361,33002,-131088,523,1640,6408
R,29c3,226107330,2,15694,-1449,-16778,-4757,5157,14
R,29c3,226109710,4,31646,-2893,-34036,-5866,6434,-518
R,29c3,226110900,2,15943,-1536,-17209,-6472,7112,-679
R,29c3,226113311,4,32176,-3341,-34603,-7753,8482,-1119
R,29c3,226114501,2,16256,-1866,-17354,-8471,9234,-1351
R,29c3,226115692,2,16383,-2074,-17403,-9075,10028,-1511
R,29c3,226116912,2,16547,-2298,-17402,-9591,10925,-1690
R,aa2c,226117431,18,116634,32414,-140373,-2598,7582,6825
R,29c3,226118072,2,16717,-2559,-17378,-10105,11896,-1854
R,29c3,226119293,2,16890,-2835,-17274,-10507,12940,-2044
R,29c3,226120483,2,17073,-3159,-17110,-10873,14138,-2252
R,aa2c,226121063,6,36133,8974,-48169,-3467,10360,7062
R,29c3,226121673,2,17240,-3498,-16896,-11217,15431,-2456
R,29c3,226122894,2,17384,-3862,-16643,-11502,16841,-2629
R,29c3,226124084,2,17469,-4232,-16317,-11723,18287,-2873
R,aa2c,226124664,6,34044,6133,-47460,-3956,13400,7129
R,29c3,226125274,2,17487,-4653,-15908,-12016,19805,-3074
R,29c3,226126495,2,17390,-5037,-15446,-12202,21299,-3292
R,29c3,226127685,2,17210,-5403,-14926,-12359,22788,-3575
R,aa2c,226128295,6,31234,2546,-45465,-4036,16658,7188
R,29c3,226128875,2,16921,-5749,-14381,-12412,24290,-3883
R,29c3,226130096,2,16556,-6094,-13765,-12475,25784,-4142
R,29c3,226131286,2,16109,-6417,-13119,-12433,27206,-4390
R,29c3,226132476,2,15547,-6718,-12431,-12264,28525,-4619
R,29c3,226133697,2,14931,-6941,-11690,-12091,29765,-4918
R,29c3,226134887,2,14302,-7092,-10830,-12005,31139,-5128
R,aa2c,226135528,12,47427,-6534,-80929,-3395,21691,7101
R,29c3,226136108,2,13544,-7273,-9848,-11846,32429,-5429
R,29c3,226137268,2,12692,-7410,-8837,-11722,32750,-5688
R,29c3,226138488,2,11723,-7520,-7829,-11541,32750,-5843
R,aa2c,226139129,6,15100,-8690,-31979,-3706,24269,7066
R,29c3,226139678,2,10660,-7666,-6761,-11321,32750,-5936
R,29c3,226140869,2,9592,-7773,-5629,-11181,32750,-6134
R,29c3,226142089,2,8437,-7857,-4476,-11001,32750,-6346
R,aa2c,226142791,6,7936,-12472,-25035,-3289,26165,6926
R,29c3,226143310,2,7186,-7923,-3272,-10823,32750,-6449
R,29c3,226144470,2,5856,-7981,-2005,-10730,32750,-6598
R,29c3,226145660,2,4463,-8000,-778,-10615,32750,-6684
R,29c3,226146850,2,3028,-7978,494,-10540,32750,-6666
R,29c3,226148071,2,1491,-7960,1774,-10489,32750,-6643
R,29c3,226149261,2,-92,-7941,3040,-10531,32750,-6625
R,29c3,226150482,2,-1704,-7953,4316,-10603,32750,-6716
R,29c3,226151672,2,-3323,-8013,5579,-10769,32750,-6759
R,29c3,226152862,2,-4934,-8129,6802,-10798,32750,-6980
R,29c3,226154083,2,-6462,-8259,7979,-10656,32750,-7180
R,29c3,226155273,2,-7912,-8400,9143,-10420,32750,-7415
R,29c3,226156463,2,-9269,-8498,10250,-10193,32750,-7684
R,29c3,226157653,2,-10497,-8569,11279,-9911,31416,-8106
R,29c3,226158843,2,-11603,-8590,12249,-9639,29657,-8386
R,29c3,226160064,2,-12592,-8529,13146,-9331,27875,-8697
R,29c3,226161254,2,-13465,-8409,13932,-9102,26071,-8984
R,29c3,226162475,2,-14220,-8255,14662,-8983,24298,-9224
R,29c3,226163665,2,-14863,-8098,15313,-8945,22693,-9496
R,29c3,226164825,2,-15403,-7928,15912,-8948,21139,-9757
R,29c3,226166046,2,-15852,-7816,16437,-8923,19759,-10003
R,29c3,226167236,2,-16250,-7716,16913,-8825,18425,-10294
R,29c3,226168457,2,-16579,-7638,17342,-8635,17119,-10518
R,29c3,226169647,2,-16868,-7548,17752,-8307,15928,-10764
R,29c3,226174468,8,-69243,-29164,74252,-6785,11808,-11696
R,29c3,226176849,4,-35212,-13638,38400,-5986,9992,-12280
R,29c3,226179260,4,-35344,-12738,38844,-5095,8239,-12720
R,29c3,226180450,2,-17633,-5963,19539,-4643,7398,-12884
R,29c3,226181640,2,-17565,-5642,19575,-4191,6529,-13031
R,29c3,226182830,2,-17436,-5311,19585,-3801,5660,-13066
R,29c3,226185241,4,-34249,-9530,39047,-3065,3870,-13053
R,29c3,226186431,2,-16704,-4211,19371,-2760,3045,-13078
R,29c3,226187652,2,-16364,-3850,19276,-2479,2258,-13013
R,29c3,226188842,2,-15954,-3456,19139,-2156,1473,-12924
R,29c3,226191253,4,-30551,-5770,37744,-1575,131,-12613
R,29c3,226192443,2,-14524,-2319,18556,-1257,-457,-12429
R,29c3,226193634,2,-13971,-1966,18265,-974,-1026,-12242
R,29c3,226194824,2,-13435,-1575,17997,-638,-1511,-12011
R,29c3,226196075,2,-12874,-1210,17697,-322,-1940,-11699
R,29c3,226197235,2,-12332,-812,17383,11,-2305,-11386
R,29c3,226199645,4,-23130,-447,33675,526,-2859,-10731
R,29c3,226200836,2,-10868,398,16202,764,-3105,-10445
R,29c3,226202026,2,-10437,792,15744,985,-3314,-10055
R,29c3,226203216,2,-10036,1185,15264,1186,-3460,-9642
R,29c3,226204437,2,-9672,1588,14789,1315,-3607,-9313
R,29c3,226205627,2,-9320,1964,14264,1461,-3764,-8928
R,29c3,226206848,2,-9001,2317,13747,1671,-3886,-8530
R,29c3,226208038,2,-8697,2660,13231,1790,-4007,-8219
R,29c3,226209228,2,-8368,2994,12660,1969,-4155,-7894
R,29c3,226210418,2,-8067,3303,12124,2102,-4255,-7579
R,29c3,226217620,12,-41338,26281,61471,2936,-4698,-5769
R,29c3,226221221,6,-15373,17361,23535,3094,-4962,-4662
R,29c3,226222412,2,-4114,6423,6838,3073,-5045,-4255
R,29c3,226223602,2,-3538,6739,6351,3017,-5108,-3808
R,29c3,226224822,2,-2924,7036,5859,2876,-5109,-3308
R,29c3,226227203,4,-3851,14860,10244,2534,-4937,-2185
R,29c3,226228393,2,-915,7772,4417,2328,-4713,-1618
R,29c3,226229614,2,-236,7959,3953,2133,-4476,-980
R,29c3,226231994,4,1462,16228,6530,1677,-3580,116
R,29c3,226233215,2,1599,8196,2602,1562,-3095,681
R,29c3,226234405,2,2085,8197,2198,1415,-2581,1233
R,29c3,226235595,2,2519,8172,1767,1273,-2039,1742
R,29c3,226236816,2,2871,8124,1354,1037,-1556,2127
R,29c3,226238006,2,3169,8027,934,830,-971,2523
R,29c3,226239196,2,3376,7918,525,785,-428,2856
R,29c3,226240386,2,3524,7783,142,810,126,3186
R,29c3,226242797,4,7339,15307,-832,956,1066,3987
R,29c3,226243988,2,3753,7549,-867,980,1410,4330
R,29c3,226245178,2,3810,7488,-1168,919,1658,4699
R,29c3,226246368,2,3881,7448,-1434,754,1878,5035
R,29c3,226247589,2,3951,7384,-1683,597,2123,5356
R,29c3,226248809,2,4095,7321,-1940,408,2311,5613
R,29c3,226250000,2,4239,7224,-2164,225,2599,5963
R,29c3,226251190,2,4402,7073,-2366,-9,2973,6250
R,29c3,226252380,2,4564,6894,-2547,-177,3417,6542
R,29c3,226253601,2,4698,6656,-2719,-284,3871,6831
R,29c3,226257202,6,14620,18324,-8905,-416,5375,7292
R,29c3,226259582,4,9796,10757,-6390,-159,6392,7464
R,29c3,226263183,6,13866,14277,-9895,294,7624,7476
R,29c3,226265563,4,8353,8605,-6621,516,8230,7349
R,29c3,226266784,2,3847,4094,-3269,571,8449,7254
R,29c3,226267974,2,3607,3972,-3243,642,8653,7184
R,29c3,226269165,2,3375,3895,-3219,671,8817,7069
R,29c3,226270385,2,3141,3784,-3198,659,8972,6940
R,29c3,226271575,2,2900,3680,-3141,591,9057,6799
R,29c3,226272766,2,2685,3585,-3077,526,9114,6680
R,aa2c,226273071,216,-370068,-474410,776214,6827,-2611,5182
R,29c3,226273956,2,2488,3480,-3025,444,9172,6525
R,29c3,226275177,2,2295,3364,-2953,420,9174,6381
R,aa2c,226276702,6,5667,-1192,9707,6660,-2841,5131
R,29c3,226278778,6,6014,9454,-8483,234,8960,5956
R,aa2c,226280364,6,5643,72,7112,6478,-2966,5359
R,29c3,226281158,4,3611,5826,-5436,61,8761,5710
R,29c3,226282348,2,1774,2772,-2643,-30,8707,5599
R,29c3,226283569,2,1801,2644,-2581,-127,8681,5509
R,aa2c,226283905,6,6026,947,4419,6142,-2896,5801
R,29c3,226284759,2,1831,2525,-2519,-254,8664,5426
R,29c3,226285949,2,1863,2371,-2453,-349,8673,5293
R,aa2c,226287567,6,6722,1174,1839,5897,-2576,6339
R,29c3,226289550,6,5738,6195,-7322,-492,8869,4894
R,29c3,226290740,2,1904,1769,-2400,-487,8980,4731
R,aa2c,226291168,6,7521,856,-700,5717,-2071,6896
R,29c3,226291931,2,1862,1596,-2374,-508,9097,4550
R,29c3,226293151,2,1806,1434,-2383,-525,9161,4323
R,29c3,226294342,2,1717,1304,-2375,-531,9237,4090
R,29c3,226296752,4,3069,2133,-4841,-447,9309,3532
R,29c3,226297943,2,1340,907,-2481,-403,9296,3293
R,aa2c,226298400,12,17052,-563,-8221,5810,-761,7607
R,29c3,226299163,2,1204,799,-2523,-396,9241,3031
R,29c3,226300354,2,1070,731,-2563,-401,9176,2736
R,29c3,226301544,2,959,690,-2592,-494,9046,2425
R,aa2c,226302032,6,9439,-1321,-7341,5652,-147,7514
R,29c3,226302734,2,884,616,-2630,-614,8880,2143
R,29c3,226303955,2,833,555,-2682,-733,8734,1844
R,29c3,226305145,2,828,485,-2754,-887,8602,1592
R,aa2c,226305664,6,10882,-1602,-9460,5441,702,7255
R,29c3,226307556,4,1778,670,-5739,-1162,8406,973
R,aa2c,226309265,6,13779,-1570,-11107,5372,2076,7151
R,29c3,226309936,4,2186,276,-6068,-1318,8291,363
R,aa2c,226312896,6,18018,-988,-11900,5211,4080,7291
R,29c3,226313537,6,4663,-314,-9707,-1619,8448,-723
R,29c3,226314727,2,2004,-316,-3443,-1666,8631,-1109
R,29c3,226315917,2,2237,-422,-3526,-1703,8823,-1477
R,aa2c,226316497,6,23077,-55,-11735,4936,6482,7737
R,29c3,226317108,2,2470,-526,-3594,-1785,9129,-1878
R,29c3,226318328,2,2690,-636,-3630,-1812,9422,-2358
R,29c3,226319519,2,2900,-734,-3691,-1813,9752,-2824
R,29c3,226320739,2,3098,-845,-3742,-1790,10108,-3287
R,29c3,226321929,2,3246,-910,-3818,-1841,10468,-3765
R,29c3,226323120,2,3392,-977,-3881,-1833,10893,-4250
R,29c3,226324340,2,3541,-1026,-3929,-1929,11277,-4859
R,aa2c,226327362,18,102049,2454,-21345,2876,15663,10395
R,29c3,226327911,6,11294,-3407,-11847,-1951,12675,-6637
R,29c3,226329162,2,3975,-1203,-3903,-1889,13145,-7299
R,29c3,226330322,2,4075,-1190,-3840,-1753,13662,-7960
R,aa2c,226330963,6,43378,-1788,2651,2571,19016,11253
R,29c3,226331512,2,4204,-1187,-3770,-1756,14113,-8750
R,29c3,226332733,2,4408,-1155,-3655,-1839,14648,-9578
R,29c3,226333923,2,4652,-1135,-3493,-1845,15322,-10673
R,aa2c,226334594,6,45896,-4450,9991,2967,22130,11542
R,29c3,226335144,2,4980,-1122,-3233,-1741,16070,-11828
R,29c3,226336303,2,5342,-1046,-2894,-1585,17122,-13315
R,29c3,226337524,2,5716,-921,-2489,-1170,18464,-14865
R,aa2c,226338226,6,46602,-7089,19180,4325,24781,11993
R,29c3,226338714,2,6049,-705,-2028,-494,20018,-16394
R,29c3,226339904,2,6300,-337,-1461,274,21679,-17984
R,29c3,226341125,2,6465,226,-847,906,23405,-19638
R,aa2c,226341857,6,44169,-8488,29170,4475,26039,11057
R,29c3,226342315,2,6528,937,-170,1519,25189,-21324
R,29c3,226343505,2,6487,1806,600,2026,26960,-23119
R,29c3,226344696,2,6299,2819,1480,2376,28684,-24876
R,aa2c,226345458,6,39207,-6895,40934,3693,25742,9700
R,29c3,226345916,2,5955,3962,2457,2576,30327,-26675
R,29c3,226347106,2,5447,5218,3404,2677,31816,-28546
R,29c3,226348297,2,4853,6587,4337,2746,32750,-30525
R,aa2c,226349090,6,30913,-5964,51672,3341,21860,7574
R,29c3,226349517,2,4237,8029,5309,2883,32750,-32532
R,29c3,226350708,2,3524,9545,6380,3071,32750,-32750
R,29c3,226351898,2,2662,11179,7610,3299,32750,-32750
R,aa2c,226352691,6,24045,-4863,60254,2855,15937,5285
R,29c3,226354309,4,2038,27848,18991,3519,32750,-32750
R,29c3,226355499,2,-1106,17011,11276,3382,32750,-32750
R,aa2c,226356323,6,21653,-2148,66354,1953,9698,3173
R,29c3,226356689,2,-2824,19250,12378,3086,32750,-32750
R,29c3,226357879,2,-4672,21558,13400,2415,32750,-32750
R,29c3,226359100,2,-6663,23927,14360,1426,32750,-32750
R,aa2c,226359924,6,24681,1212,70291,904,4193,2048
R,29c3,226360290,2,-8686,26310,15175,583,32750,-32750
R,29c3,226362701,4,-23035,60039,32375,-1240,31529,-32750
R,aa2c,226363555,6,32325,4175,72176,139,303,2198
R,29c3,226365081,4,-29074,69717,34797,-4033,26638,-32750
R,29c3,226366271,2,-16176,38241,18315,-5741,24090,-32750
R,aa2c,226367187,6,42241,6531,72483,-936,-1832,3331
R,29c3,226367523,2,-16936,40296,18875,-7536,21535,-32750
R,29c3,226368682,2,-17435,42225,19397,-9309,19091,-32750
R,29c3,226369873,2,-17694,43998,19898,-10973,16755,-32750
R,aa2c,226370788,6,52347,7539,71095,-2372,-2438,5157
R,29c3,226371093,2,-17741,45643,20360,-12563,14513,-32750
R,29c3,226372283,2,-17579,47204,20721,-14060,12348,-32750
R,29c3,226373474,2,-17214,48715,21051,-15473,10349,-32750
R,29c3,226374694,2,-16675,50145,21340,-16879,8558,-32750
R,aa2c,226378021,12,132733,7269,136063,-2996,859,8560
R,29c3,226384277,16,-104164,448012,173243,-26850,672,-30410
R,aa2c,226388916,18,226248,-17139,197818,2347,8224,10761
R,29c3,226391479,12,-45577,381461,122710,-31403,-197,-21011
R,29c3,226395080,6,-15325,196584,58196,-32763,-1192,-15103
R,aa2c,226396118,12,122826,-17154,130981,4063,5618,9928
R,29c3,226397460,4,-7688,131056,37414,-32763,-2346,-10160
R,29c3,226401062,6,-6934,196584,53056,-32763,-3894,-1869
R,29c3,226402252,2,-956,65528,16760,-32763,-3988,1027
R,29c3,226404663,4,-218,131056,31770,-32763,-2951,7233
R,29c3,226405883,2,315,65327,14901,-32763,-2069,10460
R,29c3,226408264,4,80,127475,27656,-32763,88,16346
R,29c3,226409454,2,-852,61931,12734,-32763,1013,19041
R,29c3,226415466,10,-20926,288610,53404,-32721,3895,28592
R,29c3,226416656,2,-8035,52864,9155,-31908,4155,29645
R,29c3,226419067,4,-19943,100278,17379,-29830,4191,31080
R,29c3,226420257,2,-11737,47398,8358,-28547,4006,31656
R,29c3,226422637,4,-26364,89384,16335,-26122,3411,32751
R,29c3,226429840,12,-91715,224781,46681,-21406,792,32764
R,29c3,226431030,2,-15651,30717,7587,-20559,417,32764
R,29c3,226433441,4,-30683,55566,14937,-18797,-248,32764
R,29c3,226434631,2,-14919,24894,7375,-17879,-541,32764
R,29c3,226437042,4,-28853,44312,14592,-16033,-953,31860
R,29c3,226440643,6,-40774,53713,21142,-13251,-1421,29970
R,29c3,226441864,2,-12910,14840,6787,-12373,-1539,29289
R,29c3,226444244,4,-24816,25470,13235,-10767,-1694,28084
R,29c3,226445404,2,-11899,10786,6470,-10116,-1742,27537
R,29c3,226446624,2,-11569,9576,6383,-9547,-1786,26974
R,29c3,226447845,2,-11291,8401,6274,-9109,-1906,26565
R,29c3,226449035,2,-10989,7269,6110,-8829,-2001,26212
R,29c3,226450225,2,-10722,6178,5948,-8611,-2102,25922
R,29c3,226451416,2,-10473,5083,5791,-8547,-2306,25674
R,29c3,226452636,2,-10238,3975,5614,-8523,-2494,25410
R,29c3,226453826,2,-10040,2872,5431,-8488,-2737,25063
R,29c3,226456237,4,-19395,2453,10216,-8294,-3177,24284
R,29c3,226457427,2,-9335,-404,4707,-8080,-3354,23779
R,aa2c,226461303,108,310081,36462,602146,3003,-5318,7159
R,29c3,226462219,8,-33967,-11473,16047,-7536,-3311,21592
R,29c3,226463409,2,-7432,-5231,3506,-7573,-3087,20887
R,29c3,226464599,2,-6962,-6166,3371,-7597,-2812,20127
R,aa2c,226464904,6,-7047,-10126,27118,3684,-6793,6298
R,29c3,226468200,6,-18001,-24034,9391,-6871,-1330,17618
R,29c3,226469421,2,-5139,-9657,2946,-6414,-729,16701
R,29c3,226471801,4,-9302,-21174,5796,-5327,490,15138
R,aa2c,226472167,12,-13153,-26270,50495,3761,-8586,4558
R,29c3,226472991,2,-4308,-11274,2858,-4916,1087,14407
R,29c3,226474212,2,-4139,-11578,2869,-4609,1663,13759
R,aa2c,226475769,6,-6391,-15291,22352,4516,-9128,3997
R,29c3,226476593,4,-8094,-23836,5809,-4459,2805,12782
R,29c3,226477813,2,-4130,-12189,2915,-4525,3203,12341
R,29c3,226479003,2,-4288,-12361,2946,-4642,3524,11986
R,29c3,226480194,2,-4487,-12555,2965,-4753,3746,11667
R,29c3,226482604,4,-9718,-25752,5982,-5004,3824,11005
R,aa2c,226483001,12,-13076,-28632,37545,5362,-9108,3455
R,29c3,226484985,4,-10758,-26761,5921,-4836,3813,10208
R,29c3,226486175,2,-5784,-13753,2904,-4488,3791,9838
R,aa2c,226486602,6,-7412,-11141,14691,5343,-8774,3402
R,29c3,226488586,4,-12267,-28096,5657,-3482,3711,9165
R,29c3,226489807,2,-6468,-14236,2773,-2974,3654,8761
R,aa2c,226490234,6,-8264,-8508,11943,5320,-8276,3380
R,29c3,226490997,2,-6677,-14296,2752,-2533,3599,8390
R,29c3,226492187,2,-6889,-14316,2712,-2151,3536,7969
R,aa2c,226493865,6,-8756,-5861,9483,5560,-7598,3377
R,29c3,226494598,4,-14257,-28607,5230,-1502,3329,7017
R,29c3,226495788,2,-7314,-14270,2568,-1179,3290,6550
R,29c3,226496978,2,-7415,-14220,2557,-902,3258,6042
R,aa2c,226497467,6,-8581,-3269,7760,5502,-6735,3172
R,29c3,226500579,6,-22891,-42137,7585,-39,3041,4629
R,aa2c,226501129,6,-8076,-1207,6810,5402,-5758,2941
R,29c3,226501770,2,-7898,-13827,2471,289,2849,4108
R,29c3,226502990,2,-8024,-13670,2424,676,2656,3633
R,aa2c,226504730,6,-7720,386,6380,5546,-4744,2975
R,29c3,226505371,4,-16428,-26700,4643,1397,2234,2711
R,29c3,226506561,2,-8409,-12918,2145,1778,1989,2278
R,29c3,226507781,2,-8517,-12610,2025,2133,1701,1809
R,aa2c,226508331,6,-7933,1865,6363,5748,-3850,3114
R,29c3,226508972,2,-8582,-12234,1908,2476,1389,1413
R,29c3,226510162,2,-8635,-11816,1774,2829,1115,998
R,29c3,226511383,2,-8644,-11374,1627,3176,898,650
R,aa2c,226511962,6,-8883,3403,6824,5816,-3317,3450
R,29c3,226512573,2,-8642,-10882,1473,3467,640,367
R,29c3,226514984,4,-17134,-20222,2400,4020,173,-167
R,aa2c,226515563,6,-10240,4763,7314,5719,-3132,3839
R,29c3,226516143,2,-8454,-9266,938,4240,-45,-323
R,29c3,226517364,2,-8331,-8700,751,4421,-222,-479
R,29c3,226518554,2,-8197,-8110,589,4572,-470,-606
R,29c3,226519775,2,-8031,-7533,400,4685,-604,-694
R,29c3,226522155,4,-15497,-13253,221,4728,-842,-825
R,aa2c,226522827,12,-24005,12055,16377,5722,-3577,4330
R,29c3,226523345,2,-7430,-5752,-224,4726,-986,-927
R,29c3,226524566,2,-7195,-5173,-449,4727,-1096,-968
R,29c3,226525756,2,-6951,-4625,-636,4753,-1082,-1010
R,29c3,226526947,2,-6690,-4030,-831,4813,-1000,-1022
R,29c3,226528167,2,-6375,-3423,-1032,4830,-878,-1066
R,29c3,226529357,2,-6055,-2822,-1254,4811,-671,-1114
R,aa2c,226530059,12,-25096,15103,17869,6194,-3922,4809
R,29c3,226530548,2,-5723,-2240,-1409,4903,-384,-1137
R,29c3,226531768,2,-5392,-1630,-1512,4970,-53,-1045
R,29c3,226532958,2,-5073,-1013,-1615,5043,348,-917
R,aa2c,226533691,6,-12153,8859,9498,6066,-4094,5031
R,29c3,226534149,2,-4825,-386,-1686,5081,713,-805
R,29c3,226536560,4,-9059,1138,-3634,5014,1381,-338
R,29c3,226537750,2,-4349,1499,-1978,4895,1695,-102
R,29c3,226538940,2,-4307,2094,-2089,4712,1989,162
R,29c3,226540161,2,-4299,2667,-2196,4489,2242,434
R,aa2c,226540924,12,-24094,19187,18459,6255,-4583,5405
R,29c3,226541351,2,-4309,3201,-2317,4304,2449,723
R,29c3,226542541,2,-4366,3679,-2444,4064,2652,1004
R,29c3,226543762,2,-4417,4156,-2526,3823,2783,1179
R,aa2c,226544525,6,-11447,10432,8555,6413,-4600,5736
R,29c3,226544952,2,-4479,4558,-2627,3597,2853,1394
R,29c3,226546142,2,-4522,4932,-2722,3472,2904,1515
R,29c3,226547332,2,-4558,5303,-2797,3438,2967,1643
R,aa2c,226548156,6,-10670,11228,7860,6357,-4398,6082
R,29c3,226548553,2,-4576,5674,-2890,3429,2974,1758
R,29c3,226549743,2,-4560,6071,-2939,3545,3065,1904
R,29c3,226550933,2,-4558,6458,-2996,3577,3099,2060
R,aa2c,226551788,6,-9870,11760,7398,6281,-4206,6441
R,29c3,226552124,2,-4514,6884,-3067,3579,3142,2200
R,29c3,226553344,2,-4439,7289,-3117,3515,3193,2325
R,29c3,226554534,2,-4388,7703,-3150,3319,3232,2428
R,aa2c,226555389,6,-8929,11916,6761,6302,-3976,6750
R,29c3,226556945,4,-8495,16503,-6477,2896,3241,2642
R,aa2c,226558990,6,-7903,11863,6248,6269,-3629,6943
R,29c3,226559326,4,-8097,17813,-6647,2476,3235,2933
R,29c3,226560516,2,-3868,9316,-3369,2334,3244,3012
R,aa2c,226562652,6,-6805,11691,5816,6424,-3217,7033
R,29c3,226562927,4,-7281,19402,-6875,2080,3233,3279
R,29c3,226564117,2,-3374,10049,-3502,1922,3240,3372
R,29c3,226565307,2,-3160,10250,-3565,1773,3336,3547
R,aa2c,226566253,6,-5663,11601,5334,6592,-2797,7072
R,29c3,226567718,4,-5662,21093,-7177,1502,3492,3841
R,aa2c,226569885,6,-4530,11742,5162,6645,-2337,7223
R,29c3,226571319,6,-6698,33095,-10888,1062,3727,4325
R,29c3,226582122,18,-6630,107869,-34710,-959,5831,6401
R,29c3,226585693,6,1713,37626,-11848,-1501,6723,7324
R,29c3,226589324,6,2936,37754,-11661,-2137,7567,8390
R,29c3,226590515,2,1118,12507,-3824,-2436,7757,8779
R,29c3,226594116,6,3614,36781,-11475,-3278,8410,9987
R,29c3,226597717,6,3775,34675,-11204,-4113,9261,11066
R,29c3,226601318,6,3565,31236,-10585,-4344,9993,11893
R,29c3,226603698,4,1953,18650,-6729,-4246,10328,12292
R,29c3,226607299,6,1998,24889,-9389,-4141,10673,12706
R,29c3,226608489,2,350,7497,-2941,-4170,10750,12692
R,29c3,226618103,16,-3104,45882,-20850,-3812,10755,11877
R,29c3,226619293,2,-1034,4070,-2171,-3676,10727,11595
R,29c3,226621673,4,-2416,7219,-4120,-3419,10594,11093
R,29c3,226622894,2,-1327,3193,-1890,-3308,10495,10752
R,29c3,226625274,4,-2853,5620,-3382,-2962,10328,10147
R,29c3,226626464,2,-1512,2494,-1491,-2830,10264,9904
R,29c3,226636077,16,-13276,14500,-8561,-1793,9901,7595
R,29c3,226637268,2,-1818,1341,-553,-1643,9794,7349
R,29c3,226640869,6,-5958,3747,-1181,-1258,9381,6608
R,29c3,226642059,2,-2188,1203,-234,-1113,9159,6438
R,29c3,226644470,4,-4673,2409,-205,-939,8685,6019
R,29c3,226645660,2,-2485,1203,-21,-820,8364,5832
R,29c3,226646850,2,-2592,1204,18,-732,8069,5658
R,29c3,226648071,2,-2654,1218,21,-637,7722,5445
R,29c3,226649261,2,-2705,1262,17,-523,7416,5215
R,29c3,226650451,2,-2715,1295,15,-382,7070,5037
R,29c3,226651672,2,-2712,1366,53,-238,6728,4850
R,aa2c,226653137,138,-77747,181849,56679,6217,-2269,8553
R,29c3,226654052,4,-5253,3035,183,5,6081,4505
R,aa2c,226660400,12,-7700,626,481,6180,-2772,8547
R,29c3,226662445,14,-14477,15999,-6,540,4270,3669
R,29c3,226663635,2,-1302,3153,-157,539,4076,3560
R,29c3,226664825,2,-1049,3388,-217,576,3992,3537
R,29c3,226667236,4,-1375,7415,-587,502,3824,3440
R,aa2c,226667602,12,-4357,-2348,-3192,6261,-2870,8235
R,aa2c,226674835,12,-2216,-5217,-7073,6565,-3044,7543
R,29c3,226678039,18,6073,45818,-5012,762,3777,3404
R,29c3,226679229,2,1879,6463,-690,746,3771,3560
R,29c3,226680419,2,2113,6747,-686,743,3769,3690
R,29c3,226681640,2,2331,7055,-671,652,3754,3952
R,aa2c,226682067,12,-377,-7024,-10354,6704,-3662,7185
R,29c3,226682830,2,2570,7344,-656,482,3712,4257
R,29c3,226684020,2,2786,7627,-666,277,3647,4650
R,29c3,226685211,2,3030,7858,-670,-11,3611,5188
R,aa2c,226685699,6,725,-4010,-6459,6677,-4059,7163
R,29c3,226686431,2,3268,8085,-677,-359,3555,5674
R,29c3,226688842,4,7217,16581,-1355,-1036,3378,6900
R,29c3,226691223,4,8186,16750,-1373,-1823,3245,8201
R,aa2c,226692932,12,3294,-9287,-16664,6451,-4758,7280
R,29c3,226693634,4,9160,16447,-1472,-2466,3047,9531
R,29c3,226694824,2,4987,7965,-794,-2814,3075,10220
R,29c3,226696044,2,5265,7775,-870,-3171,3045,10885
R,aa2c,226696563,6,2739,-5639,-10798,6489,-4952,7295
R,29c3,226697204,2,5562,7441,-879,-3376,2941,11690
R,29c3,226699615,4,12159,13954,-1684,-3969,3006,13730
R,29c3,226700805,2,6619,6416,-780,-4396,2966,14833
R,29c3,226702026,2,6962,5957,-731,-4959,2910,16096
R,29c3,226703216,2,7308,5415,-702,-5702,2816,17325
R,29c3,226704406,2,7632,4756,-706,-6413,2686,18558
R,29c3,226705596,2,7956,3994,-748,-7052,2607,19733
R,aa2c,226707427,18,13246,-21540,-43202,6364,-4867,7270
R,29c3,226708007,4,16872,5327,-1632,-7964,2538,22135
R,29c3,226709197,2,8946,1249,-910,-8359,2576,23380
R,29c3,226710418,2,9289,237,-933,-8708,2555,24573
R,aa2c,226711029,6,5490,-9172,-18485,6396,-4779,7288
R,29c3,226712799,4,19649,-2713,-1833,-9632,2687,27211
R,aa2c,226714660,6,5596,-10414,-20626,6300,-4724,7335
R,aa2c,226718261,6,5311,-11682,-23078,6285,-4636,7376
R,29c3,226718811,10,55288,-29011,-4323,-13428,2558,32214
R,29c3,226720001,2,12121,-10467,-801,-14224,2621,32666
R,29c3,226721191,2,12434,-12263,-772,-14725,2652,32764
R,29c3,226722412,2,12740,-14107,-741,-14982,2748,32764
R,29c3,226723602,2,13011,-15947,-735,-15155,2826,32764
R,29c3,226724792,2,13246,-17753,-732,-15184,2884,32764
R,29c3,226727203,4,27134,-40713,-1471,-15395,3052,32764
R,29c3,226728393,2,13852,-22843,-747,-15517,3121,32764
R,aa2c,226729125,18,10524,-42725,-85320,6124,-4319,7164
R,29c3,226729614,2,14007,-24412,-733,-15796,3206,32764
R,29c3,226730804,2,14092,-25958,-742,-16061,3316,32293
R,aa2c,226732757,6,1055,-16723,-34244,6208,-4163,7041
R,29c3,226733215,4,28282,-56394,-1633,-16583,3432,30794
R,29c3,226735595,4,28080,-62127,-1853,-17014,3357,28977
R,aa2c,226736389,6,-136,-17721,-37244,6197,-3977,6880
R,29c3,226738006,4,27676,-67479,-2085,-17336,3090,26852
R,29c3,226739196,2,13671,-35627,-1132,-17418,2945,25642
R,aa2c,226739959,6,-929,-18565,-39721,6215,-3833,6817
R,29c3,226741577,4,27039,-74759,-2540,-17396,2656,23000
R,29c3,226742797,2,13369,-38976,-1378,-17320,2462,21529
R,aa2c,226743621,6,-1332,-19344,-41871,6133,-3659,6991
R,29c3,226746368,6,39686,-122624,-4584,-16624,2029,16903
R,aa2c,226747222,6,-1463,-20252,-43724,5899,-3580,7316
R,29c3,226747589,2,13134,-42504,-1702,-16329,1921,15345
R,29c3,226748779,2,13097,-43166,-1763,-15990,1765,13880
R,29c3,226749969,2,13104,-43743,-1855,-15752,1478,12407
R,aa2c,226750854,6,-1403,-21555,-44965,5592,-3686,7730
R,29c3,226751159,2,13119,-44283,-1911,-15599,1271,11041
R,29c3,226752380,2,13162,-44764,-1981,-15361,958,9682
R,29c3,226753570,2,13251,-45208,-2043,-15156,737,8396
R,aa2c,226754486,6,-1235,-23209,-46095,5293,-3888,8095
R,29c3,226754760,2,13336,-45591,-2109,-14926,483,7090
R,29c3,226755950,2,13444,-45968,-2216,-14662,266,5833
R,29c3,226757171,2,13562,-46284,-2322,-14260,5,4506
R,aa2c,226758087,6,-943,-25145,-47231,5262,-4083,8118
R,29c3,226758361,2,13712,-46512,-2436,-13794,-154,3223
R,29c3,226759582,2,13866,-46665,-2537,-13284,-342,1937
R,aa2c,226761718,6,-374,-26825,-48315,5455,-4251,7825
R,29c3,226763183,6,42664,-140149,-8447,-11521,-746,-1574
R,29c3,226764373,2,14594,-46485,-3077,-10905,-858,-2625
R,aa2c,226765350,6,451,-27786,-49561,5482,-4252,7569
R,29c3,226767974,6,44808,-137677,-10015,-9189,-1038,-5644
R,aa2c,226768951,6,1331,-28046,-50883,5372,-4135,7244
R,29c3,226771575,6,46463,-133922,-11596,-7344,-1128,-7881
R,aa2c,226772583,6,1962,-27949,-52215,5221,-3981,6878
R,aa2c,226776184,6,2385,-27615,-53829,5018,-3700,6550
R,29c3,226784729,22,182432,-444662,-57374,-2942,-682,-11640
R,29c3,226791961,12,103449,-208379,-44962,-874,577,-12551
R,29c3,226796752,8,68932,-123647,-35998,36,1750,-12859
R,29c3,226799133,4,34167,-57091,-19752,314,2452,-12947
R,29c3,226800323,2,16983,-27362,-10303,482,2790,-12922
R,29c3,226802734,4,33728,-52333,-21337,680,3553,-12821
R,29c3,226806335,6,50010,-72718,-33558,747,4541,-12531
R,29c3,226809936,6,49474,-66043,-35336,615,5559,-12056
R,29c3,226814727,8,65390,-78618,-48785,48,6851,-11038
R,29c3,226817138,4,32547,-35780,-24747,-378,7492,-10495
R,29c3,226818328,2,16255,-17116,-12458,-536,7839,-10194
R,29c3,226821929,6,48472,-48594,-37501,-1241,9082,-9377
R,29c3,226825500,6,47515,-44974,-37523,-2045,10243,-8673
R,29c3,226829101,6,45989,-42141,-37358,-2718,11426,-8007
R,29c3,226830322,2,14930,-13518,-12380,-2954,11784,-7796
R,29c3,226831512,2,14697,-13290,-12300,-3236,12127,-7607
R,29c3,226832702,2,14473,-13094,-12229,-3469,12498,-7483
R,29c3,226835113,4,28212,-25720,-24144,-3881,13310,-7259
R,29c3,226838714,6,40480,-37790,-35138,-4121,14621,-7193
R,29c3,226841094,4,25612,-24739,-22418,-4075,15619,-7307
R,29c3,226842315,2,12340,-12221,-10844,-3983,16151,-7339
R,29c3,226843505,2,12016,-12118,-10592,-3814,16671,-7433
R,aa2c,226844970,114,13378,-383964,-900874,3621,10783,3185
R,29c3,226847106,6,33862,-35261,-29736,-3564,18115,-7579
R,29c3,226848297,2,10499,-11388,-9168,-3559,18530,-7684
R,aa2c,226848571,6,-13796,-20911,-22320,3731,10925,2955
R,29c3,226849487,2,10095,-11193,-8775,-3559,18972,-7733
R,29c3,226851898,4,18969,-21922,-16154,-3576,19717,-7901
R,aa2c,226852172,6,-14737,-19949,-20017,3807,10752,2852
R,29c3,226853088,2,8853,-10720,-7313,-3547,20083,-7956
R,aa2c,226855834,6,-15659,-19109,-17571,3748,10387,2611
R,29c3,226856689,6,23866,-31347,-18803,-3308,21067,-8241
R,29c3,226857879,2,6985,-10142,-5172,-3178,21368,-8285
R,29c3,226859100,2,6477,-9981,-4610,-3042,21601,-8317
R,aa2c,226859436,6,-16561,-18372,-15399,3852,9950,2385
R,29c3,226860260,2,5925,-9791,-4011,-2895,21817,-8346
R,29c3,226861480,2,5359,-9586,-3417,-2855,21941,-8380
R,29c3,226862670,2,4761,-9395,-2813,-2803,21946,-8360
R,aa2c,226863037,6,-17359,-17637,-13404,3692,9271,2139
R,29c3,226865081,4,7686,-18213,-3877,-2789,21906,-8324
R,29c3,226866271,2,2909,-8826,-1050,-2857,21776,-8314
R,aa2c,226866668,6,-17494,-16981,-11695,3357,8618,2044
R,29c3,226867492,2,2305,-8671,-486,-2849,21576,-8300
R,29c3,226872283,8,3303,-33537,3747,-2808,20457,-8280
R,29c3,226873474,2,-588,-8156,2302,-2720,20080,-8297
R,29c3,226874664,2,-1120,-8076,2814,-2604,19655,-8327
R,29c3,226875885,2,-1635,-7968,3350,-2532,19143,-8354
R,29c3,226877075,2,-2125,-7875,3836,-2405,18649,-8433
R,aa2c,226877532,18,-45768,-47912,-27428,3759,8302,1691
R,29c3,226879486,4,-5667,-15398,9003,-2284,17623,-8578
R,29c3,226880676,2,-3506,-7519,5097,-2188,17121,-8622
R,aa2c,226881164,6,-12334,-14222,-6568,3921,8665,1317
R,29c3,226881866,2,-3915,-7417,5460,-2077,16526,-8706
R,29c3,226883056,2,-4320,-7299,5828,-1980,16012,-8854
R,29c3,226884277,2,-4708,-7157,6159,-1896,15464,-8901
R,aa2c,226884796,6,-11419,-12965,-5156,4110,9040,975
R,29c3,226885467,2,-5075,-7017,6476,-1719,14954,-9032
R,29c3,226886657,2,-5416,-6867,6724,-1564,14414,-9149
R,29c3,226887878,2,-5760,-6693,6968,-1397,13914,-9280
R,aa2c,226888397,6,-10734,-11520,-3694,4162,9415,613
R,29c3,226889038,2,-6080,-6499,7151,-1239,13395,-9344
R,29c3,226891479,4,-13033,-12361,14819,-1013,12422,-9577
R,29c3,226892669,2,-6894,-5852,7624,-963,11912,-9688
R,29c3,226895050,4,-14477,-11001,15585,-907,11070,-9841
R,aa2c,226895629,12,-19801,-18689,-2274,4126,10263,149
R,29c3,226896240,2,-7528,-5214,7878,-914,10728,-9955
R,29c3,226899871,6,-23572,-14655,23788,-585,9786,-10368
R,29c3,226901062,2,-8103,-4594,7977,-457,9521,-10572
R,29c3,226902252,2,-8170,-4463,7965,-205,9348,-10754
R,aa2c,226902862,12,-17532,-13546,6009,4674,11404,-270
R,29c3,226903442,2,-8227,-4311,8001,74,9216,-10919
R,29c3,226904632,2,-8264,-4127,8046,345,9080,-11150
R,29c3,226905853,2,-8307,-3945,8064,643,9007,-11259
R,aa2c,226906494,6,-8364,-4885,7165,4819,11986,-577
R,29c3,226907043,2,-8355,-3712,8059,906,8933,-11384
R,29c3,226908233,2,-8406,-3459,8023,1094,8861,-11489
R,29c3,226909454,2,-8476,-3163,8007,1218,8843,-11624
R,aa2c,226910095,6,-8808,-3463,10160,5047,12356,-1039
R,29c3,226910644,2,-8554,-2902,7967,1350,8851,-11764
R,29c3,226911834,2,-8647,-2639,7946,1490,8837,-11885
R,aa2c,226913726,6,-9582,-2012,13421,5471,12548,-1502
R,29c3,226914245,4,-17685,-4457,15801,1797,8897,-12069
R,29c3,226915435,2,-9094,-1839,7809,2020,8940,-12158
R,29c3,226917846,4,-18760,-2762,15380,2404,8946,-12330
R,29c3,226920227,4,-19609,-1480,15100,2739,8909,-12449
R,aa2c,226920959,12,-22110,1923,37234,5880,12223,-1995
R,29c3,226921417,2,-10140,-190,7485,2844,8885,-12493
R,29c3,226923828,4,-21030,726,14786,3137,8851,-12608
R,aa2c,226924591,6,-12854,4340,23794,5979,11584,-1979
R,29c3,226925018,2,-10909,964,7268,3229,8832,-12631
R,29c3,226926208,2,-11177,1342,7167,3337,8779,-12694
R,29c3,226927429,2,-11478,1762,7082,3437,8754,-12763
R,29c3,226928619,2,-11761,2182,6969,3544,8714,-12818
R,29c3,226929840,2,-12072,2614,6925,3685,8677,-12902
R,29c3,226931030,2,-12395,3041,6881,3824,8652,-12995
R,aa2c,226931823,12,-28730,15485,57467,6375,10372,-2104
R,29c3,226933441,4,-25822,7412,13546,4185,8551,-13236
R,aa2c,226935455,6,-16177,11658,33219,6818,9970,-2504
R,29c3,226937042,6,-41502,14760,19597,4766,8245,-13610
R,29c3,226938232,2,-14581,5987,6323,4950,8141,-13720
R,aa2c,226939056,6,-17956,14962,35997,7144,9519,-2950
R,29c3,226939392,2,-14946,6563,6249,5151,8001,-13857
R,29c3,226940612,2,-15302,7163,6180,5324,7808,-13910
R,aa2c,226942687,6,-19979,18766,38677,7218,9014,-3256
R,29c3,226942993,4,-31642,16251,12076,5561,7345,-13972
R,29c3,226944213,2,-16285,9151,5891,5603,7132,-13912
R,29c3,226945404,2,-16557,9812,5790,5536,6827,-13780
R,aa2c,226946319,6,-22264,22581,41433,6590,8306,-2900
R,29c3,226946594,2,-16800,10498,5708,5421,6553,-13624
R,29c3,226947814,2,-17013,11200,5619,5219,6230,-13340
R,29c3,226949005,2,-17192,11908,5577,5024,5920,-13021
R,aa2c,226949951,6,-24568,25318,44271,5518,6967,-1632
R,29c3,226951416,4,-34810,25808,10896,4548,5270,-12191
R,29c3,226952606,2,-17581,13859,5314,4294,4978,-11758
R,aa2c,226953552,6,-26757,26349,46779,4781,5079,83
R,29c3,226956207,6,-53325,45103,15119,3431,4264,-10282
R,29c3,226957397,2,-17975,16130,4741,3129,4049,-9786
R,29c3,226958618,2,-18080,16623,4611,2855,3808,-9294
R,aa2c,226964416,18,-86056,74985,147562,4152,314,3154
R,29c3,226965789,12,-110977,108805,24148,1483,2765,-6744
R,29c3,226966979,2,-18900,19403,3417,1286,2623,-6417
R,aa2c,226968017,6,-28949,22475,49304,5088,-642,3371
R,29c3,226969390,4,-38143,39796,6360,1065,2240,-5947
R,29c3,226970581,2,-19196,20491,2885,989,2012,-5737
R,aa2c,226971649,6,-29045,22881,48451,5741,-1314,3219
R,29c3,226974182,6,-57947,63909,7444,816,1376,-5336
R,aa2c,226975280,6,-28919,24514,47484,6049,-1925,3167
R,29c3,226976593,4,-38680,44922,3973,577,950,-5123
R,29c3,226977783,2,-19260,23234,1725,412,714,-5035
R,29c3,226980194,4,-38239,48111,2905,-77,241,-4897
R,aa2c,226982513,12,-56951,53998,91608,4023,-3725,5957
R,aa2c,226986114,6,-28062,25499,43596,3390,-5189,7864
R,29c3,226987365,12,-109831,157805,3790,-1869,-1160,-4138
R,29c3,226988586,2,-17239,28226,-127,-2225,-1366,-3971
R,29c3,226992187,6,-49475,87733,-1968,-3274,-1715,-3453
R,aa2c,226993377,12,-52878,41579,78931,4546,-6234,10023
R,29c3,226995788,6,-45921,91831,-4585,-4150,-1718,-2807
R,aa2c,226996978,6,-25318,17264,34193,5410,-5920,10215
R,29c3,226998168,4,-28799,63181,-4592,-4640,-1580,-2233
R,aa2c,227000610,6,-25276,16312,30518,5903,-5611,9973
R,29c3,227002960,8,-54005,130517,-13300,-5950,-1328,-325
R,29c3,227006561,6,-37257,100752,-13286,-7502,-1575,2175
R,29c3,227008972,4,-22785,67824,-10346,-8873,-1923,4492
R,aa2c,227011474,18,-75967,44864,71330,3444,-5986,12246
R,aa2c,227015075,6,-23277,9164,16870,3044,-6090,13461
R,aa2c,227018676,6,-21083,4464,12614,3583,-5447,14024
R,aa2c,227025939,12,-36140,-1347,12546,5744,-1752,13171
R,aa2c,227033172,12,-32045,-6639,1450,6840,3032,10873
R,aa2c,227040466,12,-33150,-8539,1483,7297,6714,9291
R,29c3,227043731,58,-99428,607724,-277342,-14693,20021,29592
R,aa2c,227044036,6,-19094,-4782,3927,7234,7816,8965
R,29c3,227046112,4,-756,-3075,-15280,-14649,22283,28969
R,29c3,227050933,8,-4455,-26659,-19723,-15417,24013,25598
R,aa2c,227051269,12,-48709,-11216,17049,6327,7675,8512
R,29c3,227052124,2,-2122,-11128,-2647,-15298,23976,24472
R,29c3,227056915,8,-14633,-60402,-3262,-12329,22894,20636
R,aa2c,227062133,18,-99430,-25770,46445,5621,3129,6612
R,29c3,227064117,12,-41195,-123936,11413,-11115,18784,15282
R,29c3,227065307,2,-8381,-23655,3495,-11088,18054,14608
R,aa2c,227065734,6,-36360,-10198,18887,5338,2038,6240
R,29c3,227066497,2,-8565,-24389,3867,-11136,17465,14013
R,29c3,227067718,2,-8694,-25105,4243,-11305,16838,13401
R,29c3,227068908,2,-8727,-25782,4572,-11535,16382,12964
R,aa2c,227069366,6,-37157,-10533,19649,4811,1177,6241
R,29c3,227070098,2,-8739,-26464,4919,-11760,15899,12516
R,29c3,227072509,4,-17233,-55080,10776,-12482,15378,11621
R,aa2c,227072998,6,-38111,-11421,19648,4706,460,6268
R,29c3,227076110,6,-24212,-88469,18576,-12517,16192,10459
R,29c3,227077301,2,-7654,-31058,7015,-12269,16681,10183
R,29c3,227078491,2,-7547,-31798,7486,-11976,17281,9827
R,29c3,227079711,2,-7555,-32474,7952,-11690,17808,9419
R,aa2c,227080230,12,-78961,-26714,37717,4473,95,6019
R,29c3,227082092,4,-15583,-66759,17262,-11379,19005,8477
R,29c3,227083312,2,-8250,-34194,9294,-11370,19510,7848
R,29c3,227085693,4,-17965,-69919,19896,-11383,20343,6570
R,29c3,227086883,2,-9881,-35668,10643,-11304,20613,5884
R,29c3,227088104,2,-10554,-36097,11102,-11160,20821,5257
R,29c3,227089294,2,-11270,-36456,11573,-10906,20930,4664
R,29c3,227090484,2,-11987,-36767,12045,-10580,20866,4095
R,29c3,227091705,2,-12728,-36958,12532,-10295,20749,3485
R,aa2c,227094726,24,-167283,-68345,74750,5351,1226,5122
R,29c3,227095306,6,-42411,-111393,40046,-9327,20187,1455
R,29c3,227096496,2,-15455,-37017,14077,-9030,19947,770
R,29c3,227097686,2,-16017,-36859,14473,-8730,19689,41
R,aa2c,227098297,6,-46116,-17683,19616,5442,898,5064
R,29c3,227098876,2,-16547,-36622,14877,-8431,19548,-597
R,29c3,227100097,2,-17035,-36374,15311,-8166,19375,-1153
R,29c3,227101287,2,-17523,-36093,15728,-7926,19200,-1616
R,aa2c,227101928,6,-47391,-17740,20480,5210,671,5204
R,29c3,227102478,2,-18014,-35789,16122,-7731,18948,-2057
R,29c3,227103698,2,-18487,-35473,16499,-7610,18603,-2409
R,29c3,227104858,2,-18960,-35149,16878,-7552,18177,-2823
R,aa2c,227105560,6,-47956,-18021,21475,4800,385,5298
R,29c3,227106048,2,-19410,-34874,17233,-7486,17695,-3223
R,29c3,227107269,2,-19830,-34580,17598,-7483,17146,-3599
R,29c3,227108489,2,-20222,-34303,17899,-7423,16636,-3975
R,aa2c,227109191,6,-48255,-19027,22514,4742,100,5214
R,29c3,227109680,2,-20598,-34029,18185,-7328,16037,-4421
R,29c3,227110870,2,-20946,-33782,18431,-7132,15476,-4752
R,29c3,227112060,2,-21274,-33513,18663,-6987,14866,-5081
R,aa2c,227112823,6,-48579,-20061,23875,5054,78,5193
R,29c3,227113281,2,-21536,-33285,18892,-6623,14167,-5370
R,29c3,227114471,2,-21744,-33044,19128,-6357,13371,-5622
R,29c3,227115661,2,-21901,-32798,19414,-6094,12536,-5889
R,aa2c,227116424,6,-49649,-20634,24983,4801,-372,5174
R,29c3,227116882,2,-21976,-32547,19622,-5793,11624,-6148
R,29c3,227118072,2,-22006,-32264,19848,-5499,10688,-6365
R,29c3,227119262,2,-21967,-31960,19975,-5134,9782,-6628
R,aa2c,227120025,6,-51006,-21498,26005,4509,-1320,5325
R,29c3,227120452,2,-21883,-31616,20071,-4802,8864,-6842
R,29c3,227121673,2,-21746,-31268,20129,-4386,8065,-7002
R,29c3,227122863,2,-21581,-30932,20197,-4013,7232,-7096
R,aa2c,227123657,6,-52283,-22806,26657,4447,-2383,5238
R,29c3,227124084,2,-21389,-30542,20202,-3655,6467,-7224
R,29c3,227125244,2,-21178,-30160,20178,-3326,5743,-7268
R,29c3,227126464,2,-20953,-29794,20124,-3074,5060,-7249
R,aa2c,227127288,6,-52808,-24326,26650,4621,-3251,4942
R,29c3,227127655,2,-20736,-29425,20036,-2747,4384,-7236
R,29c3,227128875,2,-20504,-29075,19932,-2432,3821,-7241
R,29c3,227130065,2,-20307,-28744,19800,-2160,3211,-7277
R,aa2c,227130920,6,-52776,-25548,26411,4945,-3946,4394
R,29c3,227131256,2,-20130,-28413,19643,-1746,2691,-7339
R,29c3,227132446,2,-19968,-28088,19464,-1395,2200,-7377
R,29c3,227133666,2,-19839,-27742,19224,-947,1734,-7456
R,aa2c,227134521,6,-52152,-26437,26106,5307,-4532,3840
R,29c3,227134857,2,-19748,-27384,18981,-457,1323,-7604
R,29c3,227136047,2,-19674,-27029,18730,56,905,-7768
R,29c3,227137268,2,-19634,-26643,18442,589,544,-7920
R,aa2c,227138122,6,-51110,-26855,25704,5663,-4956,3166
R,29c3,227138458,2,-19617,-26232,18145,1197,144,-8102
R,29c3,227139648,2,-19602,-25781,17857,1765,-285,-8353
R,29c3,227140869,2,-19572,-25281,17559,2422,-796,-8600
R,aa2c,227141754,6,-50048,-26787,25146,6027,-5239,2519
R,29c3,227144470,6,-58393,-72370,50814,4294,-2392,-9258
R,aa2c,227145385,6,-49193,-26282,24534,6335,-5642,1885
R,29c3,227148040,6,-56971,-66194,47717,5971,-4162,-9787
R,aa2c,227149017,6,-48439,-25369,23686,6615,-6180,1328
R,29c3,227150451,4,-36382,-40202,30111,6849,-5301,-9901
R,29c3,227151641,2,-17510,-18831,14556,7207,-5883,-9864
R,aa2c,227152618,6,-47632,-24101,22716,6726,-6842,930
R,29c3,227155242,6,-49209,-51344,41488,8030,-7288,-9258
R,aa2c,227156250,6,-46593,-22510,21463,6696,-7521,679
R,29c3,227157653,4,-29702,-29965,25824,8308,-8060,-8479
R,29c3,227158843,2,-13885,-13753,12329,8350,-8372,-7994
R,aa2c,227159851,6,-45228,-20995,19820,6478,-8403,700
R,29c3,227166015,12,-70448,-67783,64823,7932,-9554,-4137
R,29c3,227169647,6,-27613,-26852,26183,7508,-9674,-1967
R,aa2c,227170715,18,-121217,-56343,45874,6370,-10386,616
R,29c3,227172027,4,-15867,-16286,15143,7310,-9567,-701
R,aa2c,227177947,12,-62621,-32891,15979,6629,-10449,187
R,29c3,227179229,12,-36266,-44277,35032,7098,-8551,2046
R,aa2c,227181579,6,-24986,-14934,3532,6738,-10103,-21
R,aa2c,227188812,12,-38438,-26549,-1030,6799,-9387,-104
R,29c3,227191223,20,-29540,-66219,30084,6712,-6446,2680
R,29c3,227201995,18,-3108,-56036,3302,7352,-5563,322
R,29c3,227204406,4,1773,-11082,-1985,7411,-5470,-235
R,29c3,227208007,6,4607,-15284,-4904,7532,-5381,-991
R,29c3,227209197,2,2087,-4667,-2122,7544,-5314,-1178
R,aa2c,227210540,36,-41103,-53190,-56508,5835,-7254,169
R,29c3,227211608,4,5093,-8624,-4994,7577,-5248,-1506
R,29c3,227215209,6,10226,-10991,-9327,7381,-4839,-1726
R,29c3,227216400,2,4112,-3141,-3584,7250,-4655,-1801
R,aa2c,227217773,12,10906,-10341,-33043,5480,-5979,92
R,29c3,227221191,8,19722,-10240,-16475,6909,-3568,-1762
R,29c3,227223602,4,11586,-3796,-9449,6701,-2976,-1603
R,29c3,227225982,4,12471,-3006,-10146,6520,-2343,-1451
R,29c3,227227203,2,6521,-1250,-5311,6423,-2029,-1348
R,29c3,227229583,4,13518,-1944,-11112,6290,-1420,-1190
R,29c3,227230773,2,6957,-720,-5782,6242,-1150,-1102
R,29c3,227231994,2,7066,-565,-5902,6138,-865,-1038
R,29c3,227233184,2,7157,-401,-5987,6076,-605,-985
R,29c3,227236785,6,21905,-282,-18544,5926,170,-812
R,29c3,227238006,2,7406,228,-6360,5887,410,-766
R,29c3,227239166,2,7444,380,-6437,5814,662,-711
R,aa2c,227239471,36,85238,-10661,-114740,5112,-1433,-42
R,29c3,227245147,10,37433,4311,-32992,5367,1608,-310
R,29c3,227246368,2,7530,1291,-6651,5294,1687,-199
R,aa2c,227246734,12,34241,1227,-35586,4968,-749,65
R,29c3,227249969,6,22793,4498,-19994,4895,2005,248
R,aa2c,227250335,6,16804,912,-16475,4892,-551,69
R,29c3,227251159,2,7694,1675,-6691,4809,2105,405
R,29c3,227252349,2,7755,1728,-6693,4690,2262,589
R,29c3,227253570,2,7814,1787,-6665,4573,2452,695
R,aa2c,227253967,6,16461,1047,-15499,4907,-321,39
R,29c3,227254760,2,7856,1823,-6658,4431,2640,819
R,aa2c,227257568,6,15896,1218,-14653,4886,-211,-16
R,29c3,227259552,8,31529,7152,-26360,4112,3576,1241
R,29c3,227261962,4,15489,3364,-13064,4046,3999,1347
R,29c3,227263153,2,7612,1616,-6454,4027,4182,1379
R,aa2c,227264831,12,29958,3028,-26493,4951,137,-179
R,29c3,227265533,4,14840,3142,-12723,4060,4587,1379
R,29c3,227266754,2,7189,1539,-6285,4118,4733,1389
R,aa2c,227268432,6,13750,1873,-11842,4961,187,-234
R,29c3,227270355,6,20649,4628,-18658,4254,5103,1458
R,29c3,227271545,2,6590,1605,-6086,4217,5160,1492
R,aa2c,227272064,6,12857,2017,-10770,4986,282,-288
R,29c3,227273956,4,12787,3247,-11862,4130,5213,1675
R,aa2c,227275695,6,11859,2121,-9865,4939,308,-220
R,29c3,227277557,6,18390,4911,-17152,3904,5255,2046
R,29c3,227278747,2,5948,1584,-5589,3874,5284,2187
R,aa2c,227279296,6,10666,2184,-8916,4992,256,-177
R,29c3,227279937,2,5860,1559,-5517,3796,5343,2303
R,29c3,227281127,2,5774,1520,-5410,3818,5428,2443
R,29c3,227282348,2,5659,1448,-5313,3819,5497,2587
R,aa2c,227282928,6,9497,2149,-7946,5086,226,-75
R,29c3,227284729,4,10924,2746,-10370,3781,5702,2754
R,29c3,227287139,4,10244,2435,-10086,3820,5873,2912
R,29c3,227288330,2,4831,1112,-4918,3845,5943,2997
R,29c3,227290740,4,9005,2014,-9618,3877,5989,3118
R,29c3,227291931,2,4172,892,-4666,3979,6033,3158
R,29c3,227293121,2,3938,821,-4577,4008,6010,3177
R,29c3,227295532,4,7192,1479,-8879,4054,5864,3187
R,29c3,227296722,2,3283,653,-4319,4056,5823,3187
R,aa2c,227297424,24,25212,8490,-24283,5455,-171,184
R,29c3,227297912,2,3081,586,-4244,4074,5754,3149
R,29c3,227299133,2,2899,533,-4171,4120,5685,3154
R,29c3,227300323,2,2711,478,-4071,4134,5602,3090
R,aa2c,227301055,6,2961,2189,-4308,5589,-448,171
R,29c3,227301544,2,2549,426,-3997,4245,5522,3022
R,29c3,227302734,2,2380,368,-3907,4281,5487,2925
R,29c3,227303924,2,2214,342,-3841,4365,5390,2911
R,aa2c,227304626,6,1816,2364,-3833,5754,-670,105
R,29c3,227306304,4,3999,559,-7485,4404,5284,2728
R,29c3,227307525,2,1801,216,-3643,4330,5252,2660
R,29c3,227308715,2,1693,173,-3582,4317,5230,2586
R,29c3,227311096,4,2973,130,-6885,4385,5182,2553
R,29c3,227313507,4,2459,-131,-6612,4626,5068,2510
R,29c3,227314697,2,1028,-126,-3236,4763,4992,2502
R,aa2c,227315521,18,38,9312,-9238,5972,-1227,65
R,29c3,227315917,2,915,-153,-3211,4808,4902,2459
R,29c3,227317108,2,796,-155,-3172,4839,4824,2441
R,aa2c,227319122,6,-1459,3917,-2505,5963,-1438,179
R,29c3,227319519,4,1294,-277,-6183,4915,4665,2463
R,29c3,227320709,2,517,-133,-3061,4914,4581,2498
R,29c3,227321899,2,447,-131,-3008,4960,4515,2501
R,aa2c,227322753,6,-2016,4156,-2239,5921,-1671,381
R,29c3,227323089,2,394,-126,-2978,4920,4412,2612
R,29c3,227324310,2,346,-126,-2956,4886,4304,2654
R,29c3,227325500,2,341,-151,-2954,4844,4264,2736
R,aa2c,227326354,6,-2345,4343,-2088,5922,-1887,545
R,29c3,227326690,2,314,-182,-2931,4765,4254,2773
R,29c3,227327911,2,307,-240,-2885,4703,4226,2826
R,29c3,227331512,6,836,-1166,-8460,4701,4400,2920
R,29c3,227332702,2,182,-552,-2794,4797,4471,2899
R,aa2c,227333618,12,-5163,9042,-3675,6195,-1985,888
R,29c3,227335113,4,179,-1326,-5536,4993,4604,2813
R,29c3,227336303,2,-54,-716,-2746,5106,4695,2766
R,aa2c,227337219,6,-2853,4769,-1629,6340,-1988,976
R,29c3,227338684,4,-453,-1516,-5436,5288,4812,2710
R,29c3,227339904,2,-413,-778,-2704,5315,4869,2607
R,aa2c,227340850,6,-3056,5030,-1477,6512,-2029,1090
R,29c3,227343505,6,-1995,-2353,-7993,5454,4884,2490
R,aa2c,227344451,6,-3227,5280,-1228,6690,-2013,1146
R,29c3,227345886,4,-1957,-1584,-5299,5608,4846,2439
R,29c3,227347076,2,-1137,-778,-2619,5743,4822,2363
R,aa2c,227348083,6,-3419,5614,-1000,6872,-2009,1168
R,29c3,227349487,4,-2583,-1451,-5172,5879,4752,2390
R,aa2c,227351684,6,-3677,5966,-635,7071,-2005,1194
R,29c3,227353088,6,-4478,-1901,-7805,5995,4571,2422
R,aa2c,227355316,6,-3855,6327,-211,7119,-2217,1335
R,29c3,227356689,6,-5086,-1573,-7669,6077,4378,2484
R,aa2c,227358947,6,-3835,6601,191,7184,-2525,1560
R,29c3,227360290,6,-5716,-1298,-7902,6170,4139,2499
R,aa2c,227362548,6,-3421,6764,689,7235,-2963,1877
R,29c3,227363861,6,-6281,-1016,-8250,6277,3795,2580
R,aa2c,227366180,6,-2576,6774,1098,7228,-3362,2280
R,29c3,227367462,6,-6636,-687,-8682,6423,3350,2676
R,aa2c,227369812,6,-1487,6703,1405,7186,-3646,2687
R,29c3,227371063,6,-6645,-121,-9502,6505,2938,2614
R,aa2c,227373413,6,-436,6379,1640,7120,-3870,3055
R,aa2c,227377044,6,525,5897,1625,7333,-4096,3415
R,29c3,227381866,18,-17046,5099,-34564,6772,2435,2183
R,29c3,227383056,2,-1482,1222,-4504,6781,2439,2118
R,aa2c,227384277,12,4147,11379,2991,7638,-4474,4081
R,29c3,227386657,6,-3942,4608,-14309,6773,2489,1865
R,29c3,227390258,6,-3332,6240,-15715,6758,2569,1620
R,29c3,227392639,4,-1802,5301,-11200,6778,2405,1534
R,29c3,227393859,2,-687,3044,-5776,6772,2312,1539
R,29c3,227396240,4,-683,6925,-11882,6735,2023,1688
R,29c3,227397430,2,148,3931,-6095,6644,1796,1742
R,29c3,227399841,4,1613,8838,-12476,6249,1511,2131
R,29c3,227401062,2,1591,4894,-6329,5962,1486,2387
R,29c3,227403442,4,4868,10543,-12831,5370,1657,2984
R,29c3,227407043,6,11424,17281,-19887,4738,2499,3940
R,29c3,227408233,2,4744,6049,-6811,4573,2847,4202
R,29c3,227410644,4,10610,12466,-13899,4331,3585,4818
R,29c3,227416625,10,30555,32527,-35998,3618,5071,6086
R,29c3,227419036,4,13176,13159,-14845,3423,5375,6555
R,29c3,227420227,2,6766,6582,-7462,3357,5503,6814
R,aa2c,227420501,60,88954,43265,-10903,7812,-4935,6096
R,29c3,227423828,6,21125,19680,-22478,2963,5754,7570
R,29c3,227425018,2,7386,6499,-7529,2749,5861,7820
R,29c3,227427398,4,15350,12768,-15094,2355,6161,8316
R,aa2c,227431335,18,42654,15045,-20884,7730,-3807,5667
R,29c3,227432220,8,32861,23784,-30101,1710,7241,9070
R,29c3,227433410,2,8529,5419,-7476,1632,7551,9265
R,29c3,227434600,2,8569,5165,-7471,1605,7850,9381
R,aa2c,227434936,6,14573,5084,-8719,7711,-3422,5530
R,29c3,227435791,2,8580,4918,-7434,1544,8178,9505
R,29c3,227437042,2,8561,4655,-7393,1520,8428,9583
R,aa2c,227438568,6,14440,5004,-9202,7611,-3025,5444
R,29c3,227439422,4,16902,8563,-14642,1360,8981,9695
R,aa2c,227442199,6,14149,4778,-9742,7624,-2622,5309
R,29c3,227443023,6,24500,10760,-21608,1173,9723,9661
R,29c3,227444213,2,7836,3004,-7077,1134,9968,9618
R,29c3,227445404,2,7640,2687,-7006,1140,10165,9507
R,aa2c,227445800,6,13763,4628,-10225,7625,-2239,5182
R,29c3,227446594,2,7415,2373,-6935,1143,10343,9377
R,29c3,227449005,4,14170,3931,-13620,1249,10646,9020
R,aa2c,227449401,6,13204,4521,-10362,7580,-1839,5054
R,29c3,227452606,6,19608,4054,-19768,1379,11089,8309
R,aa2c,227453063,6,12626,4520,-10569,7514,-1476,4953
R,29c3,227453796,2,6087,920,-6382,1437,11213,8026
R,29c3,227454986,2,5873,697,-6281,1490,11317,7763
R,29c3,227456176,2,5672,530,-6162,1590,11408,7440
R,aa2c,227456665,6,12030,4602,-10534,7387,-1160,4986
R,29c3,227457366,2,5453,371,-6033,1644,11491,7154
R,29c3,227460998,6,15397,279,-17249,1823,11643,6214
R,29c3,227462188,2,4857,-126,-5445,1842,11712,5943
R,29c3,227464599,4,9382,-555,-10338,1882,11877,5389
R,29c3,227466979,4,9068,-867,-9602,1964,12051,4919
R,aa2c,227467529,18,32606,13145,-29345,7047,-317,5454
R,29c3,227468170,2,4410,-561,-4533,2045,12123,4697
R,29c3,227469390,2,4327,-598,-4303,2055,12243,4446
R,29c3,227470581,2,4240,-652,-4120,2147,12304,4196
R,aa2c,227471130,6,9322,3721,-8507,6978,-146,5538
R,29c3,227471771,2,4192,-675,-3954,2227,12405,3876
R,aa2c,227474761,6,8547,3095,-7671,7101,-52,5476
R,29c3,227475372,6,12400,-1979,-10455,2538,12999,3155
R,29c3,227476562,2,4095,-600,-2948,2674,13259,2949
R,29c3,227477783,2,4047,-551,-2661,2848,13512,2825
R,aa2c,227478363,6,7823,2642,-6568,7065,36,5356
R,29c3,227480163,4,7812,-838,-4463,2980,14011,2574
R,aa2c,227481994,6,7068,2277,-5594,6867,54,5117
R,29c3,227484954,8,13391,-341,-5485,2773,14775,2364
R,aa2c,227485626,6,6466,1781,-4723,6878,182,4886
R,29c3,227487365,4,4831,310,-1025,2697,14796,2309
R,aa2c,227489257,6,5917,1476,-3721,6975,364,4672
R,29c3,227489746,4,3325,590,50,2773,14583,2260
R,aa2c,227492858,6,5319,1566,-2725,6968,593,4686
R,29c3,227493347,6,2232,1406,1935,2789,13896,2192
R,29c3,227494567,2,133,592,1156,2795,13658,2197
R,29c3,227495758,2,-120,648,1421,2755,13409,2204
R,aa2c,227496490,6,4594,1727,-1750,6745,738,4919
R,29c3,227496948,2,-343,688,1674,2751,13186,2210
R,29c3,227498168,2,-571,725,1899,2728,12956,2208
R,29c3,227499359,2,-784,767,2117,2757,12665,2214
R,aa2c,227500091,6,3755,1501,-562,6439,692,5190
R,29c3,227500579,2,-978,790,2299,2733,12405,2207
R,29c3,227501770,2,-1180,841,2519,2731,12189,2195
R,29c3,227502960,2,-1367,894,2725,2760,11996,2207
R,aa2c,227503723,6,2964,747,555,6374,700,5331
R,29c3,227504150,2,-1560,901,2888,2743,11808,2201
R,29c3,227505340,2,-1769,918,3045,2771,11630,2208
R,aa2c,227507354,6,2173,-238,1699,6453,749,5341
R,29c3,227507781,4,-4218,1898,6538,2811,11210,2147
R,29c3,227508941,2,-2457,1018,3447,2880,11021,2051
R,29c3,227510131,2,-2699,1033,3556,2906,10820,1962
R,aa2c,227510955,6,1126,-1086,2843,6506,778,5130
R,29c3,227512542,4,-6133,2173,7444,3034,10420,1731
R,29c3,227513732,2,-3450,1153,3860,3126,10233,1539
R,aa2c,227514587,6,-66,-1796,3774,6628,700,4732
R,29c3,227514953,2,-3721,1185,3923,3258,10012,1331
R,29c3,227516143,2,-4006,1238,3993,3392,9853,1066
R,29c3,227517333,2,-4312,1321,4044,3565,9676,722
R,aa2c,227518188,6,-1189,-2187,4749,6805,544,4205
R,29c3,227520935,6,-14991,4700,12262,4089,9245,-658
R,aa2c,227521820,6,-1959,-2244,5704,6888,299,3788
R,29c3,227522125,2,-5791,1906,4061,4325,9141,-1288
R,29c3,227524536,4,-13086,4628,7995,5195,9019,-2567
R,29c3,227526916,4,-15309,6305,7690,6058,8678,-3783
R,29c3,227528137,2,-8454,3933,3675,6176,8380,-4461
R,aa2c,227529083,12,-5391,-3870,14029,7023,-26,3246
R,29c3,227530548,4,-18382,9558,7051,6220,7737,-6066
R,aa2c,227532684,6,-3448,-1279,8229,7137,-188,3081
R,29c3,227534149,6,-30762,18698,10034,6864,6703,-8676
R,29c3,227535339,2,-10988,7565,3155,7272,6358,-9475
R,aa2c,227536315,6,-4256,-613,8936,7232,-427,2949
R,29c3,227537719,4,-22818,17561,5933,8139,5681,-11239
R,29c3,227538940,2,-11737,10187,2765,8450,5319,-12179
R,aa2c,227539916,6,-5127,223,9528,7429,-812,2775
R,29c3,227542541,6,-36095,37063,7631,9188,4369,-14917
R,aa2c,227543548,6,-5902,1305,9994,7739,-1233,2617
R,29c3,227544921,4,-24599,30779,4478,9581,3803,-16615
R,29c3,227546112,2,-12420,17418,2030,9615,3488,-17420
R,29c3,227548522,4,-25019,39106,3511,9510,2951,-19022
R,29c3,227549713,2,-12591,21767,1487,9354,2652,-19809
R,29c3,227552124,4,-25331,47987,2447,9232,2075,-21021
R,29c3,227553314,2,-12721,26342,974,9130,1682,-21501
R,29c3,227555725,4,-25314,57519,1449,8697,819,-22241
R,29c3,227556915,2,-12431,31222,470,8142,259,-22573
R,29c3,227559295,4,-24036,67223,534,6782,-738,-23120
R,29c3,227560485,2,-11419,35909,88,5948,-1220,-23268
R,29c3,227562896,4,-21215,76175,-81,4346,-2129,-23256
R,29c3,227564086,2,-9640,40199,-172,3497,-2579,-23107
R,29c3,227566497,4,-16950,84371,-633,1615,-3361,-22611
R,29c3,227567718,2,-7173,44083,-521,625,-3610,-22256
R,29c3,227570098,4,-11504,91708,-1450,-1459,-3837,-21295
R,29c3,227573699,6,-10177,145636,-3395,-4414,-3362,-19235
R,29c3,227574890,2,-1696,50498,-1517,-5360,-2974,-18379
R,29c3,227578491,6,-1483,156884,-6147,-8014,-1452,-15745
R,29c3,227580902,4,553,108873,-5780,-9397,-106,-13631
R,29c3,227584503,6,112,169658,-11721,-11348,1826,-10271
R,29c3,227592895,14,-14364,420038,-39190,-17407,5958,-3846
R,29c3,227595275,4,-9189,123333,-12733,-18083,6929,-1942
R,29c3,227596466,2,-5404,62038,-6360,-18569,7423,-1061
R,29c3,227602478,10,-34180,312101,-29843,-20884,9799,3178
R,29c3,227604858,4,-16943,124131,-10117,-21663,10594,4918
R,29c3,227608459,6,-29650,183200,-12953,-23356,11297,7105
R,29c3,227609680,2,-11119,59576,-3624,-23770,11101,7715
R,29c3,227610870,2,-11676,58594,-3201,-24022,10796,8357
R,29c3,227612091,2,-12174,57508,-2779,-23990,10360,8934
R,29c3,227613250,2,-12609,56377,-2355,-23808,10018,9720
R,29c3,227614471,2,-13002,55231,-1973,-23499,9411,10209
R,29c3,227615661,2,-13277,54111,-1622,-23189,9021,10847
R,29c3,227616851,2,-13504,53018,-1268,-22662,8361,11418
R,29c3,227618072,2,-13628,51957,-976,-22236,7944,12012
R,29c3,227619262,2,-13716,50877,-681,-21995,7112,12421
R,29c3,227621673,4,-27150,98517,-585,-21310,6168,13363
R,29c3,227622863,2,-13343,47626,131,-21024,5806,13849
R,aa2c,227623168,132,272793,248447,163929,4088,2188,4239
R,29c3,227624084,2,-13121,46481,414,-20720,5291,14242
R,29c3,227625244,2,-12825,45317,729,-20266,5035,14841
R,aa2c,227626800,6,21769,10801,7278,4198,2384,4595
R,29c3,227630065,8,-48442,169603,5305,-19043,3836,16767
R,aa2c,227630401,6,20888,10624,7961,4167,2558,4752
R,29c3,227631256,2,-11404,39433,1830,-18644,3683,17385
R,29c3,227632446,2,-11180,38219,1948,-18483,3338,17731
R,29c3,227633636,2,-10923,36975,2089,-18299,2892,18022
R,aa2c,227634002,6,20253,10357,8702,4291,2928,4942
R,29c3,227634826,2,-10647,35716,2203,-18115,2438,18325
R,29c3,227636108,2,-10316,34335,2277,-17907,2073,18543
R,29c3,227638458,4,-19470,64538,4666,-17291,1668,19198
R,aa2c,227641265,12,37842,19279,21209,4347,3308,4867
R,29c3,227643249,8,-33965,112216,9319,-16200,554,19769
R,29c3,227644439,2,-7262,24425,2242,-15935,361,19787
R,aa2c,227644866,6,17182,8127,12995,4362,3257,4737
R,29c3,227646820,4,-12692,44286,4335,-15459,59,19695
R,29c3,227651641,8,-17419,69709,8194,-14075,361,19173
R,aa2c,227652130,12,29420,11598,31477,4611,2184,4477
R,29c3,227657623,10,-9044,53952,9318,-11969,1969,17645
R,29c3,227661224,6,-2168,17997,4490,-10956,2947,16249
R,aa2c,227662994,18,32740,8551,55305,5285,-351,3539
R,29c3,227667236,10,-3367,12668,5430,-9460,3586,13686
R,29c3,227669616,4,-1504,300,1792,-9169,3695,12736
R,29c3,227670806,2,-787,-766,849,-9033,3718,12220
R,29c3,227672027,2,-823,-1339,837,-8852,3786,11809
R,29c3,227673217,2,-855,-1887,833,-8732,3760,11315
R,29c3,227674407,2,-882,-2407,803,-8497,3790,10838
R,29c3,227675598,2,-915,-2885,774,-8329,3758,10404
R,29c3,227676818,2,-952,-3357,742,-8079,3672,9886
R,aa2c,227677459,24,32022,8161,76714,5635,-1974,3560
R,29c3,227678009,2,-941,-3774,718,-7771,3677,9528
R,29c3,227680419,4,-1948,-8537,1456,-7126,3865,8864
R,aa2c,227681091,6,4999,2192,18716,5587,-2466,3865
R,29c3,227681610,2,-1073,-4634,736,-6883,3827,8469
R,29c3,227684020,4,-2399,-9782,1377,-6436,3679,7712
R,29c3,227685180,2,-1277,-5055,678,-6244,3604,7405
R,aa2c,227688323,12,6838,3941,36086,5777,-3402,4345
R,29c3,227688812,6,-3983,-15512,2031,-5821,3272,6436
R,29c3,227691192,4,-2585,-10387,1433,-5487,3072,5917
R,aa2c,227691925,6,2202,1888,17276,5808,-3837,4470
R,29c3,227692382,2,-1217,-5152,732,-5225,2974,5687
R,29c3,227693603,2,-1160,-5082,745,-5055,2908,5495
R,29c3,227694793,2,-1068,-5006,756,-4940,2779,5221
R,29c3,227697204,4,-1751,-9729,1618,-4601,2718,4895
R,29c3,227698394,2,-683,-4662,859,-4514,2743,4748
R,aa2c,227699157,12,2613,3556,32477,5801,-4885,4701
R,29c3,227699615,2,-571,-4526,868,-4481,2732,4614
R,29c3,227700805,2,-468,-4371,883,-4402,2625,4423
R,29c3,227701995,2,-357,-4231,884,-4273,2630,4303
R,aa2c,227702789,6,1113,1608,14946,5750,-5374,4783
R,29c3,227703186,2,-239,-4067,907,-4115,2753,4325
R,29c3,227704406,2,-164,-3896,917,-4051,2755,4179
R,29c3,227705566,2,-97,-3705,904,-4010,2740,4066
R,aa2c,227706420,6,1483,1387,14033,5724,-5811,4840
R,29c3,227706756,2,-21,-3512,888,-3913,2868,4029
R,29c3,227709197,4,70,-6421,1776,-3762,2839,3838
R,aa2c,227710021,6,2202,1186,13012,5691,-6083,4952
R,29c3,227711578,4,323,-5574,1732,-3708,2768,3687
R,29c3,227712768,2,267,-2465,851,-3666,2755,3592
R,aa2c,227713653,6,2942,1066,11782,5660,-6252,5072
R,29c3,227716369,6,1426,-6165,2574,-3533,2955,3510
R,aa2c,227717285,6,3865,958,10615,5633,-6350,5205
R,29c3,227717559,2,665,-1601,863,-3552,2968,3402
R,29c3,227718780,2,725,-1362,802,-3589,2981,3391
R,29c3,227719970,2,791,-1132,819,-3618,3000,3293
R,aa2c,227720886,6,4868,878,9411,5705,-6348,5338
R,29c3,227722381,4,1847,-1573,1615,-3735,3084,3163
R,29c3,227723571,2,1026,-450,840,-3737,3209,3160
R,aa2c,227724517,6,5898,895,8174,5779,-6159,5375
R,29c3,227725952,4,2254,-294,1669,-3853,3394,3120
R,29c3,227727142,2,1210,197,849,-3799,3615,3200
R,aa2c,227728118,6,6876,1111,7163,5881,-5887,5455
R,29c3,227729583,4,2448,1087,1667,-3893,3780,3147
R,aa2c,227731750,6,7639,1455,6272,5958,-5513,5520
R,29c3,227733184,6,3815,3465,2578,-4021,3990,3170
R,29c3,227734375,2,1291,1641,900,-4090,4052,3244
R,aa2c,227735382,6,7996,1828,5447,5912,-5218,5601
R,29c3,227736755,4,2548,3920,1871,-4228,4164,3201
R,29c3,227737976,2,1274,2286,978,-4294,4285,3331
R,aa2c,227738983,6,8154,2200,4845,5859,-5127,5680
R,29c3,227740356,4,2439,5247,2030,-4472,4351,3400
R,29c3,227741546,2,1175,2946,1034,-4527,4467,3522
R,aa2c,227742614,6,8471,2451,4288,5840,-4991,5706
R,aa2c,227746246,6,8787,2703,3819,5835,-4737,5762
R,29c3,227747558,10,5198,17320,5457,-5043,4519,3934
R,29c3,227748748,2,919,3893,1132,-5078,4605,4092
R,aa2c,227749847,6,8877,2969,3461,5808,-4559,5770
R,29c3,227751159,4,1644,8171,2261,-5233,4781,4370
R,29c3,227755950,8,2020,17624,4401,-5664,4770,5002
R,29c3,227759552,6,394,13930,3076,-6146,4497,5344
R,aa2c,227760711,18,26466,10673,8412,5741,-4003,5713
R,aa2c,227764343,6,8624,4233,2397,5760,-3719,5727
R,29c3,227765533,10,348,23155,5085,-6596,4147,5793
R,aa2c,227767944,6,8343,4609,2321,5688,-3479,5773
R,29c3,227769134,6,655,13370,2974,-6839,4213,6062
R,29c3,227781127,20,3923,39194,9110,-7377,4352,6632
R,aa2c,227782440,24,27672,19267,10045,5401,-3041,6256
R,aa2c,227789672,12,9276,8679,5787,5404,-3030,6476
R,aa2c,227796905,12,5740,7811,5903,5380,-3352,6465
R,aa2c,227800567,6,2023,3612,2886,5466,-3441,6383
R,aa2c,227811401,18,2191,10620,7634,5346,-3557,6416
R,aa2c,227822235,18,-2041,9471,6239,5285,-3877,6518
R,aa2c,227825866,6,-862,2809,1677,5365,-3624,6492
R,aa2c,227829467,6,-977,2844,1527,5350,-3626,6399
R,aa2c,227833099,6,-992,2882,1427,5428,-3411,6403
R,aa2c,227840332,12,-2686,6181,3303,5369,-3116,6346
R,aa2c,227843963,6,-1800,3294,1862,5370,-3087,6323
R,aa2c,227847564,6,-2011,3432,2265,5364,-3084,6179
R,aa2c,227851196,6,-2200,3629,2541,5390,-2967,6136
R,aa2c,227854827,6,-2549,3929,2904,5268,-3159,5986
R,aa2c,227858428,6,-2498,4193,3424,5334,-3024,5930
R,aa2c,227865692,12,-4979,9509,8188,5204,-3166,5669
R,aa2c,227872924,12,-4691,11204,10177,5103,-2978,5771
R,aa2c,227876525,6,-2772,6177,5805,4991,-3105,5818
R,aa2c,227880157,6,-3089,6448,6251,4854,-3461,5796
R,aa2c,227883789,6,-2875,6464,6715,4862,-3371,5766
R,aa2c,227887390,6,-3036,6675,7093,4816,-3305,5767
R,aa2c,227891021,6,-3487,6990,7402,4768,-3359,5684
R,aa2c,227894622,6,-3826,7292,7781,4724,-3331,5647
R,aa2c,227898254,6,-4368,7713,8075,4632,-3264,5559
R,aa2c,227901885,6,-4912,8158,8467,4504,-3309,5397
R,aa2c,227909118,12,-11387,17635,18351,4417,-3184,5008
R,aa2c,227912719,6,-6311,9410,10184,4376,-3067,4872
R,aa2c,227916351,6,-6892,9759,10964,4240,-3054,4849
R,aa2c,227919952,6,-7811,9982,11751,4017,-3211,5054
R,aa2c,227923583,6,-8964,9826,12471,3860,-3580,5164
R,aa2c,227930847,12,-20446,18693,26417,3703,-4255,5284
R,aa2c,227934448,6,-11444,8894,13636,3710,-4431,5260
R,aa2c,227938049,6,-12247,8621,13743,3647,-4950,5003
R,aa2c,227941680,6,-12573,8374,13940,3868,-5033,4838
R,aa2c,227945312,6,-12967,8413,13995,3893,-5324,4417
R,aa2c,227956176,18,-40606,27749,41970,3783,-5960,3289
R,aa2c,227963409,12,-26798,21888,28070,3732,-6241,2562
R,29c3,227969360,314,-136904,78194,-167491,-5432,-894,7221
R,aa2c,227970642,12,-25951,25338,27893,3511,-6476,2029
R,29c3,227971771,4,-3517,1501,-9728,-5508,-1078,7499
R,29c3,227972961,2,-1621,689,-4930,-5577,-1139,7826
R,29c3,227975372,4,-2892,1199,-9961,-5895,-1149,8619
R,29c3,227976562,2,-1278,510,-5014,-6192,-1215,9038
R,29c3,227980163,6,-3003,629,-15146,-7324,-1227,10607
R,29c3,227982574,4,-1460,-933,-10285,-8121,-1244,11747
R,29c3,227986145,6,-1820,-4565,-15955,-9270,-1330,13482
R,29c3,227987365,2,-533,-2586,-5510,-9651,-1356,14165
R,29c3,227988555,2,-470,-3156,-5618,-10057,-1460,14875
R,29c3,227992156,6,-955,-13561,-17401,-11348,-1727,17016
R,29c3,227995758,6,327,-20857,-17736,-12779,-2098,18840
R,29c3,227998138,4,1137,-18801,-12096,-13475,-2329,19785
R,29c3,227999359,2,876,-10994,-6193,-13697,-2388,20157
R,aa2c,228003234,54,-109007,114944,96652,2738,-7322,3923
R,29c3,228004150,8,5916,-54693,-25578,-13923,-2353,20984
R,29c3,228005340,2,2110,-16261,-6488,-13985,-2329,20960
R,29c3,228006530,2,2356,-17254,-6508,-14039,-2241,20925
R,aa2c,228006835,6,-15020,7856,3734,2847,-7278,3726
R,29c3,228007781,2,2607,-18229,-6526,-14076,-2261,20774
R,29c3,228008941,2,2884,-19183,-6571,-14033,-2251,20630
R,29c3,228010162,2,3144,-20080,-6542,-14015,-2246,20520
R,aa2c,228010437,6,-16393,6588,2229,3079,-7411,3523
R,29c3,228011322,2,3410,-20955,-6524,-14048,-2274,20412
R,29c3,228012542,2,3689,-21754,-6516,-14089,-2303,20177
R,29c3,228014923,4,8192,-45874,-13010,-14174,-2423,19783
R,29c3,228016143,2,4529,-24063,-6501,-14346,-2450,19636
R,29c3,228017333,2,4820,-24780,-6515,-14429,-2457,19521
R,aa2c,228017700,12,-35156,10965,-100,3206,-7931,3208
R,29c3,228018524,2,5111,-25483,-6521,-14630,-2552,19459
R,29c3,228019714,2,5432,-26174,-6550,-14891,-2592,19332
R,29c3,228020935,2,5771,-26881,-6537,-15178,-2670,19249
R,aa2c,228021301,6,-17819,4943,-2472,3218,-8349,3017
R,29c3,228022155,2,6116,-27606,-6513,-15418,-2745,19138
R,29c3,228023315,2,6483,-28346,-6476,-15627,-2721,19066
R,29c3,228024536,2,6866,-29093,-6443,-15865,-2670,18970
R,aa2c,228024932,6,-16837,4476,-3854,3124,-8633,2856
R,29c3,228025695,2,7268,-29833,-6409,-16046,-2505,18838
R,29c3,228026916,2,7642,-30628,-6347,-16278,-2332,18584
R,29c3,228028137,2,7998,-31413,-6268,-16532,-2074,18340
R,aa2c,228028564,6,-15398,3830,-5399,3182,-8695,2907
R,29c3,228029296,2,8364,-32236,-6190,-16756,-1684,18055
R,29c3,228030517,2,8645,-33037,-6070,-16873,-1282,17670
R,29c3,228031707,2,8864,-33858,-5957,-16957,-940,17221
R,aa2c,228032165,6,-14056,3300,-6971,3161,-8706,3161
R,29c3,228032897,2,9035,-34646,-5820,-17063,-594,16728
R,29c3,228034118,2,9163,-35413,-5705,-17253,-221,16170
R,aa2c,228039398,12,-25207,4950,-18673,3213,-8701,3832
R,29c3,228040130,10,45476,-188776,-27512,-17741,953,12504
R,29c3,228041320,2,8832,-39980,-5287,-17611,1140,11622
R,29c3,228042510,2,8709,-40647,-5170,-17409,1362,10745
R,aa2c,228043060,6,-11712,1891,-11909,3160,-8864,4142
R,29c3,228043701,2,8580,-41202,-5061,-17167,1532,9740
R,29c3,228044891,2,8451,-41747,-4951,-16891,1673,8736
R,29c3,228046081,2,8327,-42204,-4840,-16552,1857,7700
R,aa2c,228046661,6,-10878,1500,-13591,2923,-9159,4456
R,29c3,228047271,2,8217,-42610,-4722,-16195,2009,6696
R,29c3,228048492,2,8118,-42947,-4594,-15732,2092,5719
R,29c3,228049713,2,8053,-43165,-4402,-15312,2226,4713
R,aa2c,228050292,6,-9506,791,-15235,2733,-9453,4720
R,29c3,228050903,2,8022,-43340,-4167,-14814,2342,3860
R,29c3,228052093,2,8025,-43467,-3882,-14339,2423,3036
R,29c3,228053314,2,8052,-43507,-3607,-13889,2532,2269
R,aa2c,228053894,6,-7737,-695,-16819,3141,-9459,4938
R,29c3,228054504,2,8103,-43484,-3331,-13499,2607,1606
R,29c3,228056915,4,16396,-86793,-5824,-12737,2715,407
R,aa2c,228057495,6,-6004,-999,-18539,2359,-9577,4548
R,29c3,228060485,6,24994,-129118,-6357,-11589,2497,-1189
R,aa2c,228061157,6,-4345,-1203,-19980,2906,-9574,4481
R,29c3,228061676,2,8478,-42583,-1478,-11212,2449,-1657
R,29c3,228062896,2,8546,-42324,-1194,-10805,2340,-2020
R,29c3,228064086,2,8613,-42023,-931,-10410,2220,-2263
R,aa2c,228064727,6,-3035,-907,-21897,2883,-9643,4333
R,29c3,228065277,2,8662,-41707,-670,-10029,2134,-2497
R,29c3,228066467,2,8737,-41405,-388,-9700,1965,-2653
R,29c3,228067718,2,8811,-41100,-102,-9381,1777,-2757
R,aa2c,228068359,6,-1673,-254,-23982,2649,-9811,4272
R,29c3,228070098,4,17849,-81293,699,-8734,1289,-3091
R,aa2c,228071990,6,-106,272,-26261,2426,-9951,4303
R,29c3,228073699,6,27412,-119670,3043,-7674,405,-3906
R,aa2c,228075622,6,1834,612,-28707,2243,-9921,4248
R,29c3,228076080,4,18812,-78261,3018,-6815,-103,-4629
R,29c3,228077270,2,9560,-38606,1763,-6310,-305,-4984
R,29c3,228078491,2,9649,-38265,1896,-5793,-498,-5426
R,aa2c,228079223,6,4258,546,-31230,2132,-9639,4125
R,29c3,228080871,4,19445,-75304,4147,-4796,-790,-6295
R,29c3,228082092,2,9771,-37017,2193,-4216,-1012,-6825
R,aa2c,228082855,6,7101,256,-33479,2052,-9205,3795
R,29c3,228085662,6,29391,-108106,6969,-2413,-1453,-8467
R,29c3,228088073,4,19405,-69252,4775,-1134,-1774,-9543
R,29c3,228089263,2,9584,-33655,2340,-442,-1939,-10126
R,29c3,228090484,2,9492,-32919,2290,264,-2157,-10649
R,29c3,228092864,4,18701,-63454,4327,1654,-2625,-11761
R,aa2c,228093719,18,37719,2360,-113039,2375,-7395,2383
R,29c3,228094055,2,9237,-30444,2006,2263,-2849,-12256
R,29c3,228095275,2,9160,-29509,1872,2915,-3106,-12709
R,29c3,228098876,6,27354,-82570,4658,4561,-3873,-13922
R,29c3,228100067,2,9165,-25470,1139,5056,-4197,-14316
R,aa2c,228100952,12,37239,9122,-84747,2022,-5889,1434
R,29c3,228101257,2,9256,-24420,913,5502,-4446,-14679
R,29c3,228103668,4,18917,-45604,1162,6343,-4991,-15246
R,aa2c,228104583,6,21973,7454,-44370,1697,-5095,1192
R,29c3,228106048,4,19768,-41146,192,7046,-5509,-15646
R,aa2c,228108184,6,24271,9204,-45300,1132,-4448,1355
R,29c3,228110870,8,43212,-68714,-2833,7909,-6285,-15844
R,29c3,228113250,4,23917,-27515,-3386,8256,-6431,-15751
R,aa2c,228115417,12,56115,20422,-92035,1151,-2799,1927
R,29c3,228120452,12,82654,-55330,-17341,8525,-5746,-13673
R,aa2c,228122680,12,64751,21053,-90329,1856,-943,2616
R,29c3,228125244,8,62180,-15140,-17422,6074,-5918,-11331
R,29c3,228127655,4,32447,-1805,-12557,4715,-5414,-9858
R,29c3,228128845,2,16503,258,-7361,4034,-4985,-9114
R,29c3,228138427,16,138954,20832,-81233,600,-2940,-4416
R,29c3,228139617,2,19033,4651,-12670,-81,-2946,-3896
R,29c3,228142028,4,40102,10800,-27212,-1588,-3026,-2724
R,29c3,228143218,2,21291,6149,-14599,-2571,-3055,-2084
R,29c3,228145629,4,45567,13679,-31289,-5105,-3046,-864
R,29c3,228146820,2,24412,7429,-16744,-6674,-2892,-274
R,29c3,228150421,6,80034,23603,-55996,-11475,-1272,1361
R,29c3,228152832,4,58947,16078,-42925,-14246,709,2349
R,29c3,228154022,2,31152,8011,-23114,-15485,1980,2763
R,29c3,228156433,4,65626,15681,-49016,-17692,4915,3208
R,29c3,228157623,2,34484,7544,-25671,-18284,6727,3454
R,29c3,228160003,4,72257,14266,-53071,-18483,11847,4170
R,29c3,228161193,2,37586,6820,-27198,-18258,14771,4592
R,29c3,228163604,4,77364,13346,-54829,-17865,20677,5308
R,29c3,228164794,2,39528,6488,-27088,-17708,23650,5582
R,29c3,228167205,4,80159,12317,-52437,-18194,29737,5834
R,29c3,228168395,2,40529,5805,-25330,-18633,32565,5713
R,29c3,228170806,4,82459,10791,-48837,-18705,32750,4935
R,29c3,228171997,2,42227,4813,-22874,-18411,32750,4273
R,29c3,228173217,2,43183,4346,-21268,-18138,32750,3704
R,29c3,228174407,2,44209,3879,-19241,-17402,32750,3284
R,29c3,228178009,6,135195,9086,-42198,-15366,32750,5344
R,29c3,228179199,2,43029,1744,-8328,-14835,32750,6783
R,29c3,228180389,2,39987,782,-5318,-14440,32750,8605
R,29c3,228181610,2,35602,-299,-2485,-13989,32750,10640
R,29c3,228183990,4,52382,-4519,2112,-14470,32750,13130
R,29c3,228186370,4,22090,-10795,7375,-14091,32750,12523
R,29c3,228188781,4,-6566,-16810,10135,-13645,32750,8769
R,29c3,228190002,2,-11681,-10371,6143,-13547,32750,6737
R,29c3,228191192,2,-15874,-11550,6811,-13128,32750,4924
R,29c3,228192382,2,-19129,-12629,7497,-12602,32750,3248
R,29c3,228193572,2,-21510,-13502,8119,-11790,32750,1597
R,29c3,228197174,6,-70859,-43595,27539,-8647,24034,-2346
R,29c3,228199584,4,-46243,-29403,20803,-6501,17913,-4000
R,29c3,228200775,2,-21431,-14248,11153,-5649,15608,-4476
R,29c3,228201965,2,-19938,-13784,11640,-4967,13758,-4841
R,aa2c,228202301,132,5443,273786,-725902,3264,3059,12743
R,29c3,228203186,2,-18315,-13280,12080,-4548,12425,-5085
R,29c3,228204376,2,-16686,-12733,12424,-4265,11530,-5222
R,29c3,228205566,2,-15151,-12233,12702,-4082,10971,-5317
R,aa2c,228205902,6,-1632,-5955,-10648,3594,3056,11685
R,29c3,228209167,6,-37907,-34212,39195,-3300,10860,-5244
R,29c3,228210357,2,-10916,-10707,13259,-2979,11030,-5140
R,29c3,228212768,4,-20681,-20584,26447,-2166,11276,-5072
R,aa2c,228213165,12,-4115,-15455,-17759,4492,3618,9566
R,29c3,228213958,2,-10146,-9875,13128,-1801,11257,-5078
R,29c3,228215179,2,-10232,-9640,13013,-1457,11198,-5218
R,aa2c,228216766,6,-2390,-8575,-6266,4795,3811,8702
R,29c3,228217559,4,-21063,-18617,25664,-757,10798,-5593
R,29c3,228218750,2,-10961,-8980,12600,-329,10522,-5754
R,29c3,228219970,2,-11283,-8717,12432,71,10115,-6037
R,aa2c,228220367,6,-2782,-8581,-4279,5089,3884,8030
R,29c3,228222351,4,-23444,-16602,24344,913,9195,-6535
R,29c3,228223571,2,-12068,-7811,11925,1363,8630,-6803
R,aa2c,228223999,6,-3347,-8287,-2152,5218,3761,7482
R,29c3,228224761,2,-12232,-7434,11789,1742,8144,-7034
R,29c3,228227142,4,-24559,-13608,23135,2545,7097,-7450
R,aa2c,228227630,6,-3970,-7811,-287,5209,3524,7013
R,29c3,228228332,2,-12187,-6104,11367,2925,6606,-7593
R,29c3,228230743,4,-23780,-10566,22416,3578,5705,-7701
R,aa2c,228231231,6,-4506,-7345,1448,5149,3213,6699
R,29c3,228231964,2,-11455,-4425,11087,3810,5341,-7738
R,29c3,228233154,2,-11109,-3838,11012,3940,5009,-7665
R,29c3,228234344,2,-10740,-3247,10959,4052,4747,-7620
R,aa2c,228234893,6,-4821,-7009,3089,4991,2848,6304
R,29c3,228235534,2,-10354,-2684,10913,4130,4463,-7510
R,29c3,228236755,2,-9969,-2108,10853,4189,4276,-7397
R,29c3,228237945,2,-9595,-1543,10772,4266,4108,-7220
R,aa2c,228238494,6,-4921,-6934,4363,4910,2608,6056
R,29c3,228240356,4,-18145,-1495,21274,4408,3921,-6804
R,29c3,228241546,2,-8610,27,10504,4493,3815,-6510
R,aa2c,228242095,6,-4858,-7081,5851,4784,2248,5651
R,29c3,228242736,2,-8340,518,10421,4512,3774,-6294
R,29c3,228243957,2,-8125,992,10347,4503,3719,-6020
R,29c3,228245117,2,-7942,1438,10266,4510,3679,-5777
R,aa2c,228245758,6,-4614,-7350,7123,4874,1879,5196
R,29c3,228246307,2,-7808,1846,10130,4483,3644,-5554
R,29c3,228247528,2,-7736,2259,9988,4448,3596,-5319
R,aa2c,228249359,6,-4034,-7495,8383,4990,1746,4672
R,29c3,228249938,4,-15401,5632,19501,4397,3463,-4940
R,29c3,228251129,2,-7752,3333,9511,4394,3413,-4753
R,29c3,228252349,2,-7839,3664,9334,4406,3327,-4624
R,aa2c,228252960,6,-3646,-7317,9619,5131,1478,3976
R,29c3,228253540,2,-7960,3986,9145,4493,3222,-4551
R,aa2c,228256591,6,-3237,-6812,10541,5328,1408,3330
R,29c3,228258331,8,-33408,19037,34341,4654,2619,-4311
R,29c3,228261932,6,-26663,17635,23385,4839,1946,-4155
R,29c3,228263122,2,-9069,6553,7420,4880,1674,-4057
R,aa2c,228263824,12,-5952,-10586,23826,5511,1179,1863
R,29c3,228264312,2,-9061,6892,7234,4864,1388,-3934
R,29c3,228266723,4,-17912,14704,13982,4729,787,-3640
R,29c3,228267913,2,-8741,7820,6725,4659,515,-3475
R,aa2c,228271057,12,-6271,-5002,27125,5543,1003,748
R,29c3,228271514,6,-24739,25174,19422,4351,-148,-2940
R,29c3,228272705,2,-7630,8929,6209,4261,-287,-2733
R,29c3,228273925,2,-7307,9186,6065,4194,-429,-2513
R,aa2c,228274688,6,-3929,28,14491,5564,889,375
R,29c3,228275115,2,-6974,9430,5903,4124,-477,-2215
R,29c3,228276306,2,-6664,9666,5727,3981,-489,-2007
R,29c3,228277526,2,-6337,9900,5510,3896,-476,-1776
R,29c3,228278717,2,-6053,10117,5340,3804,-481,-1538
R,29c3,228279907,2,-5791,10323,5162,3729,-428,-1227
R,aa2c,228281921,12,-9830,5695,30507,5556,582,-171
R,29c3,228282318,4,-10873,21167,9793,3483,-295,-669
R,29c3,228283508,2,-5158,10831,4606,3405,-201,-403
R,29c3,228284698,2,-5031,10972,4388,3316,-86,-135
R,aa2c,228285552,6,-5681,5809,15866,5488,421,-311
R,29c3,228285888,2,-4932,11104,4148,3212,-10,140
R,29c3,228287109,2,-4876,11199,3918,3102,52,385
R,aa2c,228289154,6,-6141,7788,16264,5396,292,-415
R,29c3,228289489,4,-9681,22675,7110,2892,159,849
R,29c3,228290710,2,-4876,11450,3218,2827,235,1051
R,29c3,228291900,2,-4906,11491,2978,2712,289,1232
R,aa2c,228292785,6,-6568,9682,16704,5330,373,-349
R,29c3,228294311,4,-10057,23115,5148,2575,377,1541
R,29c3,228295501,2,-5180,11600,2158,2512,399,1649
R,aa2c,228296417,6,-7257,11414,17073,5180,457,-208
R,29c3,228296691,2,-5283,11610,1869,2475,414,1745
R,29c3,228297912,2,-5394,11636,1602,2435,451,1793
R,29c3,228299102,2,-5514,11661,1352,2427,462,1871
R,aa2c,228300018,6,-8283,12957,17588,5046,549,11
R,29c3,228301513,4,-11383,23380,1921,2355,454,1913
R,29c3,228302703,2,-5860,11729,578,2365,467,1834
R,aa2c,228303649,6,-9704,14247,18140,4921,623,212
R,29c3,228305084,4,-12015,23540,305,2422,552,1694
R,29c3,228306274,2,-6160,11814,-235,2457,599,1638
R,aa2c,228307250,6,-11473,15396,18735,4915,607,409
R,29c3,228308685,4,-12598,23853,-1207,2599,658,1342
R,29c3,228309875,2,-6424,12104,-945,2692,675,1170
R,29c3,228312286,4,-13152,24587,-2622,2787,768,874
R,29c3,228313476,2,-6703,12567,-1667,2855,785,629
R,aa2c,228314514,12,-29178,34331,39513,4840,546,775
R,29c3,228315887,4,-13645,25805,-4047,2893,876,211
R,29c3,228317077,2,-6956,13245,-2380,2932,911,52
R,29c3,228319488,4,-14141,27253,-5411,2922,1047,-348
R,29c3,228320678,2,-7177,14043,-3020,2884,1055,-505
R,29c3,228323089,4,-14495,28965,-6680,2751,1107,-585
R,29c3,228324279,2,-7249,14952,-3625,2695,1095,-444
R,29c3,228326660,4,-14214,30843,-7650,2342,934,134
R,29c3,228327880,2,-6823,15857,-3924,1946,862,578
R,29c3,228330261,4,-12742,32439,-7803,1021,712,1514
R,29c3,228331451,2,-5836,16484,-3938,552,698,2062
R,29c3,228333862,4,-10625,33379,-8124,-427,996,3226
R,29c3,228335083,2,-4845,16855,-4237,-856,1242,3889
R,29c3,228337463,4,-8987,33875,-8901,-1704,1781,5173
R,29c3,228342254,8,-16701,67379,-19490,-3237,3283,7861
R,29c3,228344665,4,-8825,32935,-10750,-3940,3801,8989
R,29c3,228345855,2,-4662,16147,-5582,-4230,4063,9489
R,29c3,228348266,4,-9989,31439,-11534,-4614,4635,10424
R,29c3,228349456,2,-5381,15305,-5980,-4732,4891,10840
R,29c3,228351867,4,-11716,29700,-12409,-5111,5388,11381
R,29c3,228353057,2,-6356,14358,-6434,-5202,5628,11562
R,29c3,228355468,4,-13736,27638,-13122,-5239,6034,11843
R,29c3,228356658,2,-7358,13297,-6646,-5208,6113,11844
R,29c3,228359039,4,-15551,25601,-13310,-5106,6380,11870
R,29c3,228360229,2,-8128,12350,-6695,-5052,6505,11863
R,29c3,228362640,4,-16892,23841,-13377,-4955,6816,11695
R,29c3,228363830,2,-8745,11509,-6597,-4892,6920,11594
R,29c3,228366241,4,-17997,22264,-12951,-4801,7214,11353
R,29c3,228367431,2,-9261,10785,-6310,-4763,7326,11191
R,29c3,228369842,4,-19061,20849,-12352,-4572,7593,10759
R,29c3,228372253,4,-19865,20060,-11957,-4289,7816,10249
R,29c3,228373443,2,-10266,9798,-5816,-4191,7876,10011
R,29c3,228374633,2,-10510,9669,-5687,-3975,7870,9705
R,29c3,228375823,2,-10754,9604,-5546,-3798,7944,9416
R,29c3,228377044,2,-11005,9535,-5392,-3635,7892,9136
R,29c3,228378234,2,-11248,9489,-5278,-3495,7815,8853
R,29c3,228379425,2,-11474,9466,-5153,-3402,7793,8667
R,29c3,228380645,2,-11681,9482,-5042,-3381,7662,8496
R,29c3,228381835,2,-11859,9507,-4871,-3425,7467,8330
R,29c3,228383026,2,-12013,9495,-4681,-3448,7264,8122
R,29c3,228384246,2,-12113,9471,-4477,-3517,6954,8017
R,29c3,228385406,2,-12145,9444,-4245,-3524,6676,8005
R,29c3,228386627,2,-12118,9454,-4039,-3587,6487,7968
R,29c3,228387817,2,-12069,9435,-3849,-3664,6327,7960
R,29c3,228389038,2,-12010,9428,-3660,-3771,6150,7982
R,29c3,228390228,2,-11915,9408,-3483,-3859,5905,7930
R,aa2c,228390502,126,-720249,422392,470521,2387,-10202,7354
R,29c3,228391418,2,-11807,9413,-3296,-3933,5731,7931
R,29c3,228392608,2,-11694,9400,-3080,-3940,5555,7864
R,29c3,228393829,2,-11570,9386,-2893,-3921,5409,7879
R,aa2c,228394104,6,-30310,14132,15617,2430,-10440,7118
R,29c3,228395019,2,-11468,9414,-2722,-3901,5339,7896
R,29c3,228396240,2,-11386,9466,-2578,-3786,5202,7943
R,29c3,228397430,2,-11311,9541,-2427,-3762,5074,7903
R,aa2c,228397735,6,-28283,14880,14893,2419,-10543,6952
R,29c3,228398590,2,-11234,9620,-2333,-3763,4876,7965
R,29c3,228399810,2,-11159,9743,-2200,-3816,4752,8039
R,29c3,228401000,2,-11083,9860,-2095,-3955,4687,8188
R,aa2c,228401367,6,-26179,15776,14031,2431,-10545,6830
R,29c3,228402221,2,-11021,9952,-1981,-4137,4516,8386
R,29c3,228403411,2,-10944,10043,-1866,-4287,4265,8671
R,29c3,228404602,2,-10788,10118,-1727,-4491,3974,9120
R,aa2c,228404998,6,-24124,16721,13257,2303,-10594,6749
R,29c3,228405792,2,-10544,10149,-1575,-4783,3700,9564
R,29c3,228408203,4,-20206,20343,-2608,-5536,3189,10624
R,aa2c,228408599,6,-22168,17655,12430,2192,-10662,6700
R,29c3,228409393,2,-9544,10089,-1064,-5964,3021,11198
R,29c3,228410614,2,-9140,9969,-916,-6371,2901,11764
R,29c3,228411804,2,-8746,9801,-751,-6777,2841,12337
R,aa2c,228412231,6,-20411,18471,11594,2093,-10662,6723
R,29c3,228414215,4,-16212,18961,-1083,-7301,2702,13418
R,29c3,228415405,2,-7502,9091,-357,-7586,2675,13971
R,aa2c,228415832,6,-18775,19287,10442,1914,-10726,6774
R,29c3,228417816,4,-13967,17182,-457,-7992,2741,14960
R,29c3,228419006,2,-6526,8040,-126,-8184,2745,15434
R,aa2c,228419433,6,-17269,20072,9068,1707,-10806,6877
R,29c3,228420227,2,-6272,7625,-37,-8266,2775,15844
R,29c3,228421386,2,-6043,7193,52,-8390,2740,16193
R,29c3,228422607,2,-5821,6712,132,-8467,2679,16473
R,aa2c,228423095,6,-15626,20617,7549,1526,-10858,6958
R,29c3,228423797,2,-5615,6231,179,-8522,2579,16725
R,29c3,228424987,2,-5426,5726,199,-8583,2462,16901
R,29c3,228427398,4,-10235,9828,471,-8428,2242,17111
R,29c3,228429809,4,-9409,7766,608,-8332,2006,17146
R,aa2c,228430328,12,-25331,41906,10453,1118,-10779,7168
R,29c3,228430999,2,-4399,3098,343,-8221,1795,17041
R,29c3,228432189,2,-4164,2578,375,-8065,1638,16892
R,29c3,228433380,2,-3905,2087,395,-7938,1458,16728
R,aa2c,228433929,6,-9282,20573,2971,1036,-10529,7299
R,29c3,228434570,2,-3643,1623,398,-7777,1294,16511
R,29c3,228435791,2,-3386,1149,367,-7586,1119,16209
R,29c3,228436981,2,-3104,724,327,-7365,992,15963
R,aa2c,228437561,6,-7139,19942,1584,919,-10136,7434
R,29c3,228438171,2,-2819,303,322,-7144,858,15563
R,29c3,228439392,2,-2501,-97,320,-6959,761,15217
R,29c3,228440582,2,-2203,-471,295,-6762,577,14771
R,29c3,228441772,2,-1865,-833,306,-6502,373,14247
R,29c3,228442993,2,-1493,-1185,282,-6254,270,13769
R,29c3,228444183,2,-1102,-1513,258,-5964,133,13254
R,aa2c,228444793,12,-8889,37166,-698,780,-9348,7555
R,29c3,228445373,2,-715,-1831,251,-5698,165,12738
R,29c3,228447753,4,-262,-4396,367,-5032,247,11883
R,aa2c,228448425,6,-2195,16944,-1947,619,-9044,7537
R,29c3,228450164,4,1041,-5085,258,-4505,437,10960
R,29c3,228451385,2,924,-2719,71,-4254,529,10555
R,aa2c,228452056,6,-766,15624,-2842,564,-8696,7410
R,29c3,228452575,2,1144,-2817,-11,-4037,550,10080
R,29c3,228454986,4,2850,-5797,-194,-3574,633,9304
R,aa2c,228455657,6,703,14202,-3465,553,-8358,7336
R,29c3,228456146,2,1693,-2920,-224,-3377,596,8973
R,29c3,228457366,2,1873,-2930,-283,-3221,588,8724
R,29c3,228458557,2,2067,-2907,-335,-3100,529,8452
R,aa2c,228459259,6,2012,12770,-3975,524,-7979,7166
R,29c3,228459747,2,2276,-2870,-371,-2982,469,8234
R,29c3,228460968,2,2499,-2816,-411,-2902,387,8039
R,29c3,228462158,2,2761,-2765,-479,-2807,300,7939
R,aa2c,228462890,6,3220,11347,-4368,560,-7672,6962
R,29c3,228463378,2,3029,-2708,-519,-2762,245,7847
R,29c3,228464569,2,3333,-2630,-581,-2729,243,7822
R,29c3,228465759,2,3645,-2566,-635,-2786,231,7796
R,aa2c,228466522,6,4224,10024,-4565,538,-7325,6799
R,29c3,228468170,4,8346,-5069,-1307,-3046,371,7911
R,29c3,228470550,4,9771,-5221,-1305,-3425,751,8145
R,29c3,228471740,2,5373,-2783,-644,-3568,885,8220
R,29c3,228472961,2,5671,-2953,-648,-3674,1090,8275
R,aa2c,228473754,12,10795,16397,-9908,638,-6808,6367
R,29c3,228474151,2,5948,-3126,-643,-3746,1286,8362
R,29c3,228475341,2,6181,-3346,-644,-3818,1548,8373
R,29c3,228476562,2,6378,-3554,-630,-3812,1812,8374
R,aa2c,228477386,6,6108,6450,-5134,620,-6530,6155
R,29c3,228477752,2,6558,-3782,-630,-3804,2102,8289
R,29c3,228478942,2,6674,-3996,-644,-3769,2401,8219
R,29c3,228480133,2,6755,-4205,-640,-3645,2732,8142
R,aa2c,228480987,6,6366,5329,-5416,787,-6372,5978
R,29c3,228481323,2,6794,-4396,-662,-3582,3032,8040
R,29c3,228482543,2,6783,-4597,-676,-3422,3234,7878
R,29c3,228483734,2,6771,-4719,-684,-3259,3497,7708
R,aa2c,228484619,6,6648,4343,-5454,958,-6198,5777
R,29c3,228484924,2,6702,-4835,-655,-3156,3693,7517
R,29c3,228486145,2,6623,-4924,-641,-3018,3918,7296
R,29c3,228487365,2,6538,-4967,-637,-2863,4033,7044
R,aa2c,228488250,6,6957,3610,-5523,1111,-6032,5547
R,29c3,228488525,2,6435,-4998,-613,-2751,4157,6825
R,29c3,228489746,2,6358,-5005,-636,-2628,4338,6583
R,29c3,228490936,2,6251,-4987,-630,-2496,4473,6443
R,aa2c,228491851,6,7299,3102,-5538,1228,-5805,5343
R,29c3,228493347,4,12144,-9871,-1201,-2341,4664,5969
R,29c3,228494537,2,5913,-4882,-557,-2319,4769,5728
R,aa2c,228495483,6,7603,2803,-5325,1375,-5576,5167
R,29c3,228498138,6,16954,-14354,-1411,-2010,5087,5179
R,aa2c,228499084,6,7716,2610,-5168,1441,-5305,5001
R,29c3,228500549,4,10552,-9171,-850,-1886,5268,4848
R,29c3,228501739,2,5022,-4444,-431,-1795,5295,4663
R,aa2c,228502716,6,7554,2509,-4924,1554,-5102,4870
R,29c3,228504119,4,9532,-8583,-687,-1637,5317,4360
R,29c3,228505310,2,4531,-4114,-277,-1533,5288,4216
R,aa2c,228506317,6,7063,2556,-4630,1612,-4947,4694
R,29c3,228507751,4,8643,-7852,-489,-1348,5222,3932
R,29c3,228508911,2,4118,-3700,-260,-1246,5274,3810
R,29c3,228511322,4,7784,-6899,-490,-1160,5254,3553
R,29c3,228512512,2,3664,-3182,-239,-1120,5158,3450
R,29c3,228516113,6,10213,-8441,-634,-916,5018,3212
R,29c3,228518524,4,6264,-4649,-442,-869,4997,3183
R,29c3,228522125,6,8651,-5362,-794,-878,4927,3225
R,29c3,228523315,2,2678,-1359,-289,-876,4846,3211
R,29c3,228525695,4,5085,-2116,-630,-883,4664,3261
R,29c3,228529296,6,7282,-1715,-1058,-930,4402,3349
R,29c3,228530517,2,2410,-200,-405,-915,4414,3390
R,29c3,228534118,6,7265,584,-1329,-966,4529,3750
R,29c3,228536499,4,4675,1367,-1052,-1087,4520,3905
R,29c3,228540100,6,6683,3389,-1892,-1251,4491,4193
R,29c3,228543701,6,6400,4862,-2251,-1343,4550,4591
R,29c3,228544891,2,2078,1921,-814,-1446,4593,4719
R,29c3,228547302,4,4131,4118,-1660,-1746,4693,5137
R,29c3,228548492,2,2053,2153,-864,-1972,4740,5329
R,29c3,228550903,4,4098,4319,-1772,-2315,4845,5731
R,29c3,228552093,2,2036,2083,-888,-2432,4964,5963
R,29c3,228555694,6,6029,5860,-2583,-2636,5063,6361
R,29c3,228558074,4,3917,3518,-1706,-2699,5139,6617
R,29c3,228560485,4,3846,3251,-1720,-2769,5264,6772
R,29c3,228566467,10,9319,7141,-4109,-2868,5515,6956
R,29c3,228568878,4,3619,2463,-1462,-2946,5600,6975
R,29c3,228570068,2,1781,1169,-697,-2929,5655,6969
R,29c3,228571289,2,1763,1117,-696,-2938,5730,6955
R,29c3,228572479,2,1720,1086,-663,-2943,5772,6913
R,29c3,228573669,2,1705,1041,-632,-2923,5840,6893
R,aa2c,228575103,114,51691,102711,-49418,1252,-5063,6533
R,29c3,228577270,6,4794,2855,-1714,-2902,5970,6774
R,aa2c,228578735,6,1228,5081,-876,1232,-5029,6623
R,29c3,228579650,4,2884,1768,-1016,-2843,6057,6657
R,aa2c,228582336,6,1127,4825,-742,1214,-5042,6610
R,29c3,228583251,6,3727,2449,-1348,-2780,6072,6469
R,29c3,228584472,2,1110,786,-418,-2726,6075,6349
R,29c3,228585662,2,1045,790,-368,-2700,6048,6294
R,aa2c,228585968,6,1036,4569,-676,1209,-5118,6622
R,29c3,228586853,2,989,784,-340,-2638,6046,6255
R,29c3,228589263,4,1809,1594,-587,-2602,6064,6115
R,aa2c,228589569,6,928,4377,-504,1257,-5166,6665
R,29c3,228590454,2,820,827,-244,-2562,6068,6065
R,29c3,228591644,2,769,846,-239,-2475,6079,5985
R,29c3,228594055,4,1324,1751,-351,-2458,6074,5871
R,29c3,228595275,2,570,917,-167,-2437,6031,5836
R,29c3,228596466,2,478,939,-148,-2422,5989,5688
R,aa2c,228596832,12,1559,8226,-956,1241,-5363,6639
R,29c3,228598846,4,800,2027,-268,-2314,5958,5613
R,29c3,228600036,2,319,1072,-100,-2325,5936,5514
R,aa2c,228600433,6,863,3898,-479,1271,-5449,6649
R,29c3,228601257,2,258,1120,-78,-2243,5908,5498
R,29c3,228602447,2,179,1184,-48,-2195,5882,5386
R,29c3,228603637,2,122,1254,-38,-2172,5851,5301
R,aa2c,228604064,6,1037,3734,-552,1289,-5452,6661
R,29c3,228604858,2,63,1310,-48,-2120,5824,5244
R,29c3,228606048,2,13,1399,-44,-2041,5781,5190
R,29c3,228607238,2,-40,1476,-47,-2029,5766,5097
R,aa2c,228607666,6,1274,3546,-553,1244,-5476,6680
R,29c3,228608428,2,-109,1547,-39,-1980,5719,5025
R,29c3,228609649,2,-160,1646,-18,-1916,5701,5031
R,29c3,228610839,2,-190,1751,-19,-1888,5706,4951
R,29c3,228614440,6,-882,5859,-53,-1891,5604,4830
R,29c3,228615631,2,-393,2183,-29,-1860,5588,4816
R,29c3,228616821,2,-427,2255,-42,-1841,5594,4820
R,aa2c,228618530,18,5141,9556,-2117,1315,-5261,6656
R,29c3,228619232,4,-965,4860,-26,-1879,5504,4886
R,29c3,228620422,2,-526,2583,-11,-1923,5461,4887
R,29c3,228621643,2,-558,2688,-3,-1922,5423,4933
R,aa2c,228622161,6,2004,2786,-756,1306,-5180,6652
R,29c3,228622833,2,-591,2788,4,-1950,5408,4989
R,29c3,228624023,2,-616,2880,-25,-1980,5326,4985
R,29c3,228625213,2,-647,2964,-47,-2014,5291,5001
R,aa2c,228625762,6,2055,2572,-753,1301,-5097,6619
R,29c3,228626403,2,-681,3050,-38,-2015,5222,5038
R,29c3,228627624,2,-694,3139,-55,-2053,5206,5048
R,29c3,228628814,2,-692,3216,-60,-2052,5174,5062
R,aa2c,228629394,6,2113,2462,-688,1321,-5048,6597
R,29c3,228630035,2,-707,3306,-46,-2044,5168,5075
R,29c3,228631225,2,-728,3398,-67,-2019,5145,5111
R,29c3,228632415,2,-733,3499,-94,-2020,5095,5129
R,aa2c,228633026,6,2171,2291,-748,1330,-4985,6570
R,29c3,228633605,2,-759,3579,-119,-2018,5111,5146
R,29c3,228634826,2,-764,3668,-146,-2039,5100,5150
R,29c3,228636047,2,-788,3757,-153,-2077,5050,5162
R,aa2c,228636627,6,2218,2136,-628,1355,-4935,6575
R,29c3,228637207,2,-797,3849,-166,-2081,5073,5113
R,29c3,228638427,2,-789,3935,-168,-2126,5094,5129
R,29c3,228639617,2,-827,4004,-192,-2129,5050,5126
R,aa2c,228640258,6,2256,1989,-545,1359,-4880,6498
R,29c3,228642028,4,-1689,8265,-428,-2041,5035,5128
R,29c3,228643218,2,-846,4279,-238,-2040,5047,5143
R,29c3,228644409,2,-856,4353,-257,-2082,5082,5137
R,29c3,228645599,2,-882,4455,-291,-2136,5078,5176
R,29c3,228646789,2,-896,4534,-307,-2132,5048,5176
R,aa2c,228647521,12,4454,3505,-964,1398,-4750,6421
R,29c3,228648010,2,-919,4614,-306,-2187,5011,5166
R,29c3,228649200,2,-908,4678,-303,-2239,5064,5228
R,29c3,228650421,2,-913,4741,-334,-2299,5057,5273
R,aa2c,228651123,6,2137,1604,-415,1400,-4688,6387
R,29c3,228651611,2,-923,4783,-346,-2402,5074,5356
R,29c3,228652801,2,-930,4821,-356,-2471,5125,5407
R,29c3,228653991,2,-942,4829,-361,-2557,5131,5497
R,aa2c,228654754,6,2017,1519,-234,1428,-4627,6398
R,29c3,228655181,2,-967,4822,-362,-2649,5116,5541
R,29c3,228656402,2,-975,4809,-375,-2736,5104,5603
R,29c3,228657592,2,-976,4768,-383,-2760,5073,5667
R,aa2c,228658325,6,1748,1407,-177,1412,-4601,6329
R,29c3,228658782,2,-962,4744,-348,-2823,5053,5709
R,29c3,228660003,2,-956,4703,-354,-2881,5074,5793
R,29c3,228661193,2,-941,4667,-366,-2889,5080,5855
R,aa2c,228661987,6,1470,1362,-140,1430,-4570,6321
R,29c3,228662384,2,-917,4636,-371,-2945,5102,5970
R,29c3,228663604,2,-908,4608,-364,-3018,5075,6029
R,29c3,228664794,2,-891,4568,-369,-3074,5075,6133
R,aa2c,228665588,6,1118,1397,-42,1419,-4631,6298
R,29c3,228665985,2,-861,4534,-361,-3123,5105,6208
R,29c3,228668395,4,-1662,8905,-652,-3257,5172,6420
R,aa2c,228669219,6,893,1419,-16,1407,-4713,6299
R,29c3,228669586,2,-812,4398,-349,-3304,5210,6516
R,29c3,228670776,2,-819,4325,-342,-3356,5218,6588
R,29c3,228671997,2,-818,4295,-334,-3441,5255,6662
R,aa2c,228672851,6,798,1469,-21,1411,-4697,6320
R,29c3,228673187,2,-820,4228,-316,-3536,5299,6733
R,29c3,228674377,2,-844,4148,-328,-3575,5314,6831
R,29c3,228675598,2,-859,4080,-365,-3607,5261,6894
R,aa2c,228676452,6,731,1461,51,1412,-4708,6297
R,29c3,228676788,2,-848,4002,-366,-3614,5337,6991
R,29c3,228677978,2,-854,3941,-344,-3694,5307,7072
R,29c3,228679199,2,-876,3848,-321,-3804,5301,7122
R,aa2c,228680053,6,640,1467,10,1358,-4654,6335
R,29c3,228680389,2,-868,3749,-314,-3798,5356,7204
R,29c3,228681579,2,-885,3656,-307,-3877,5371,7302
R,29c3,228682769,2,-916,3577,-308,-3972,5444,7415
R,aa2c,228683685,6,454,1472,-2,1318,-4626,6367
R,29c3,228685180,4,-1925,6830,-623,-4062,5366,7574
R,29c3,228686370,2,-993,3264,-307,-4118,5312,7633
R,aa2c,228687316,6,201,1461,49,1342,-4606,6392
R,29c3,228688781,4,-1977,6089,-522,-4227,5288,7758
R,29c3,228689971,2,-978,2839,-234,-4280,5267,7807
R,aa2c,228690948,6,-119,1492,88,1326,-4609,6413
R,29c3,228692382,4,-1936,5257,-486,-4296,5182,7833
R,29c3,228693572,2,-944,2414,-225,-4334,5155,7913
R,aa2c,228694549,6,-532,1547,93,1308,-4656,6450
R,29c3,228697174,6,-2710,6348,-593,-4342,5109,7923
R,29c3,228698364,2,-854,1816,-172,-4351,5120,7921
R,29c3,228699554,2,-834,1673,-157,-4367,5107,7931
R,29c3,228700775,2,-808,1543,-145,-4336,5096,7933
R,29c3,228703155,4,-1552,2659,-254,-4383,5032,7948
R,29c3,228704345,2,-718,1120,-124,-4394,4976,8028
R,29c3,228706756,4,-1328,1765,-188,-4512,4892,8058
R,29c3,228707946,2,-593,615,-43,-4595,4858,8080
R,29c3,228709167,2,-537,422,-18,-4633,4813,8120
R,29c3,228710357,2,-462,223,-30,-4648,4741,8076
R,29c3,228713958,6,-981,-567,-90,-4489,4705,7881
R,29c3,228715148,2,-175,-575,-12,-4391,4641,7805
R,29c3,228717559,4,-135,-1587,88,-4148,4657,7554
R,29c3,228718750,2,50,-942,47,-4026,4640,7361
R,29c3,228721160,4,287,-2164,26,-3818,4730,7068
R,29c3,228722351,2,224,-1152,1,-3735,4773,6932
R,29c3,228724761,4,564,-2409,47,-3581,4834,6621
R,29c3,228728332,6,1034,-3756,137,-3332,4927,6237
R,29c3,228729553,2,358,-1244,17,-3237,4959,6098
R,29c3,228730743,2,350,-1248,0,-3162,4973,5991
R,29c3,228731933,2,344,-1225,-6,-3081,5002,5863
R,29c3,228733123,2,334,-1194,4,-3025,5047,5761
R,29c3,228735534,4,629,-2277,63,-2882,5053,5514
R,29c3,228736724,2,300,-1050,27,-2813,5073,5349
R,29c3,228739135,4,545,-1926,63,-2669,5043,5210
R,29c3,228740325,2,255,-831,7,-2632,5073,5131
R,29c3,228742736,4,421,-1426,28,-2548,5066,4937
R,29c3,228743927,2,187,-584,22,-2524,5041,4898
R,29c3,228746307,4,284,-907,41,-2451,5085,4811
R,29c3,228747528,2,111,-301,6,-2429,5031,4736
R,29c3,228749938,4,130,-295,-51,-2354,5070,4707
R,29c3,228751129,2,21,15,-51,-2380,5029,4716
R,29c3,228753540,4,-32,350,-100,-2336,5053,4717
R,29c3,228754730,2,-65,336,-26,-2394,5013,4749
R,29c3,228757110,4,-223,959,-84,-2453,4986,4846
R,29c3,228758300,2,-138,617,-109,-2492,4961,4906
R,29c3,228761932,6,-534,2293,-393,-2617,4870,5003
R,29c3,228763122,2,-196,918,-99,-2679,4868,5036
R,29c3,228764312,2,-201,983,-97,-2734,4859,5105
R,29c3,228765502,2,-200,1037,-134,-2772,4863,5166
R,29c3,228766693,2,-207,1091,-166,-2752,4860,5178
R,29c3,228767913,2,-218,1138,-192,-2797,4904,5253
R,29c3,228770324,4,-427,2454,-415,-2820,4887,5318
R,29c3,228772705,4,-419,2671,-424,-2919,4921,5454
R,29c3,228776306,6,-630,4312,-585,-2968,4972,5541
R,29c3,228778686,4,-396,3024,-401,-3062,4952,5675
R,29c3,228782287,6,-471,4699,-419,-3203,4928,6002
R,29c3,228783508,2,-104,1613,-50,-3287,4893,6100
R,29c3,228784698,2,-65,1600,-43,-3322,4819,6180
R,29c3,228785888,2,-7,1608,-9,-3335,4800,6329
R,29c3,228788299,4,175,3169,65,-3467,4692,6552
R,aa2c,228788665,156,-5783,18025,-252,1480,-5197,6331
R,29c3,228791900,6,971,4620,419,-3595,4533,7133
R,aa2c,228792297,6,1573,547,999,1573,-5382,6309
R,29c3,228793090,2,575,1505,315,-3708,4439,7292
R,29c3,228794311,2,713,1445,372,-3797,4385,7521
R,29c3,228795501,2,885,1401,448,-3860,4314,7726
R,aa2c,228795898,6,2050,881,1418,1674,-5643,6304
R,29c3,228797882,4,2281,2613,1076,-4022,4140,8164
R,29c3,228801483,6,5199,3254,2285,-4271,3916,8735
R,aa2c,228803161,12,6847,3134,4479,1776,-6172,6424
R,29c3,228806274,8,11092,2495,5084,-4548,3928,9452
R,aa2c,228806762,6,5462,2319,3396,1877,-6501,6525
R,29c3,228807434,2,3551,216,1650,-4507,3912,9573
R,29c3,228808685,2,3853,75,1821,-4402,3943,9691
R,aa2c,228810394,6,7278,2838,4590,2132,-6800,6710
R,29c3,228812286,6,13414,-465,6564,-4170,3716,10130
R,29c3,228813476,2,5184,-332,2548,-4156,3565,10360
R,aa2c,228813995,6,9287,3648,5742,2155,-7240,6912
R,29c3,228814666,2,5612,-445,2778,-4334,3380,10562
R,29c3,228815856,2,6064,-577,3053,-4545,3232,10735
R,29c3,228817077,2,6567,-738,3334,-4749,3057,10951
R,aa2c,228817626,6,11671,4397,7337,2074,-7948,7323
R,29c3,228820678,6,22887,-3428,11626,-4836,2645,11672
R,29c3,228821868,2,8728,-1553,4391,-4768,2541,11915
R,29c3,228823059,2,9281,-1761,4609,-4803,2402,12124
R,29c3,228824249,2,9849,-1945,4833,-4875,2309,12451
R,aa2c,228824859,12,32578,10229,20397,2102,-9640,8737
R,29c3,228826660,4,21407,-4535,10456,-5205,1895,12963
R,aa2c,228828491,6,21581,5629,12884,1725,-10748,9431
R,29c3,228829071,4,23695,-5609,11412,-5484,1452,13544
R,29c3,228830261,2,12706,-3255,5946,-5533,1158,13852
R,29c3,228831451,2,13277,-3576,6070,-5596,922,14141
R,aa2c,228832092,6,25861,5586,14458,1277,-11810,10313
R,29c3,228832641,2,13837,-3879,6148,-5558,657,14466
R,29c3,228833862,2,14388,-4199,6161,-5514,351,14773
R,29c3,228835052,2,14955,-4489,6133,-5429,45,15204
R,aa2c,228835723,6,30741,5032,15457,637,-12990,11438
R,29c3,228836242,2,15548,-4810,6039,-5353,-192,15581
R,29c3,228837463,2,16135,-5126,5976,-5482,-505,16088
R,aa2c,228842956,12,79776,4573,32489,-1479,-14985,14594
R,29c3,228845855,14,130104,-48822,37485,-7968,-2633,18367
R,29c3,228847045,2,21115,-9548,4437,-8218,-2883,18500
R,29c3,228849456,4,44162,-21344,7918,-8730,-3480,18318
R,29c3,228855438,10,122278,-66440,12782,-10279,-4200,16140
R,29c3,228859039,6,82059,-49034,2593,-11579,-4046,13710
R,29c3,228860229,2,28885,-17914,80,-11966,-3832,12657
R,aa2c,228861053,30,345049,-70045,59586,-6305,-13025,17333
R,29c3,228861419,2,29659,-18695,-259,-12287,-3520,11556
R,29c3,228867431,10,157902,-103001,-7570,-13562,-1538,5190
R,29c3,228869842,4,66514,-44300,-6555,-14447,-687,2320
R,29c3,228871032,2,33740,-22532,-4235,-14769,-219,911
R,aa2c,228871917,18,349356,-84688,19627,-6340,-3327,21130
R,29c3,228872222,2,33993,-22719,-4893,-15165,316,-401
R,29c3,228873413,2,34225,-22826,-5641,-15447,925,-1695
R,29c3,228874633,2,34442,-22885,-6368,-15654,1582,-2951
R,aa2c,228879150,12,285365,-51762,15349,-8090,5167,30153
R,29c3,228880615,10,176125,-113323,-42230,-16173,5248,-8992
R,29c3,228881805,2,36367,-22028,-10274,-16360,6160,-10272
R,29c3,228883026,2,36931,-21729,-10798,-16549,7174,-11666
R,29c3,228885406,4,76144,-42333,-22977,-16900,9578,-14590
R,29c3,228886596,2,39556,-20614,-11981,-16965,11093,-16134
R,29c3,228887786,2,40842,-20233,-12105,-16965,12805,-17736
R,29c3,228889007,2,42366,-19826,-12051,-16857,14937,-19486
R,aa2c,228890014,18,418033,-97006,50421,-10391,18593,32764
R,29c3,228891418,4,90369,-38523,-23112,-16308,20647,-23253
R,29c3,228895019,6,152819,-54501,-27650,-14001,32602,-28782
R,29c3,228899810,8,230541,-63821,-8702,-10462,32750,-32750
R,29c3,228905792,10,277725,-52598,30909,-5278,32750,-32750
R,29c3,228909393,6,129138,-4087,43423,-3515,32750,-29328
R,29c3,228910583,2,32715,4436,20787,-4696,32750,-26263
R,29c3,228911804,2,26378,7080,22761,-6475,32750,-23396
R,29c3,228912994,2,19805,9501,24076,-8846,32750,-20998
R,29c3,228914184,2,13182,11470,25261,-12110,32750,-19071
R,29c3,228915374,2,6796,12798,26453,-15940,32750,-17365
R,29c3,228918975,6,-12192,40484,84497,-24201,32750,-11965
R,29c3,228920196,2,-13068,12635,29668,-25627,32750,-10113
R,29c3,228921386,2,-16677,11714,30168,-26370,32750,-8360
R,29c3,228923797,4,-41414,20516,61047,-25642,32710,-4964
R,29c3,228927398,6,-71886,24293,94907,-23751,21449,-813
R,29c3,228935791,14,-155377,28563,238234,-22530,6854,5264
R,29c3,228938171,4,-36823,-1415,69840,-20423,5426,6053
R,29c3,228939361,2,-17384,-2474,35077,-19096,5137,6407
R,29c3,228941772,4,-33558,-7935,70103,-16596,5166,6667
R,29c3,228942962,2,-16611,-5252,34875,-15583,5302,6551
R,29c3,228945343,4,-34017,-12784,69253,-13880,5497,5763
R,29c3,228946563,2,-17777,-7531,34394,-12953,5479,5269
R,29c3,228948974,4,-37789,-16996,68308,-11403,5084,4088
R,29c3,228953765,8,-86502,-40472,134148,-8723,3044,1070
R,aa2c,228955169,108,458196,-1213236,480023,5109,12617,-2012
R,29c3,228956146,4,-48450,-22847,65816,-7408,1393,-470
R,29c3,228959747,6,-77178,-36397,97377,-5655,-1410,-2744
R,29c3,228960937,2,-26406,-12490,32086,-5083,-2424,-3390
R,29c3,228962158,2,-26535,-12619,31916,-4446,-3484,-4027
R,29c3,228963348,2,-26480,-12666,31773,-3834,-4543,-4622
R,29c3,228964538,2,-26248,-12647,31628,-3195,-5620,-5179
R,29c3,228965728,2,-25865,-12587,31492,-2531,-6622,-5710
R,aa2c,228966003,18,-202796,-79039,112293,2263,4139,-911
R,29c3,228966949,2,-25293,-12443,31364,-1916,-7562,-6194
R,29c3,228968139,2,-24606,-12242,31251,-1235,-8461,-6503
R,29c3,228969360,2,-23799,-11976,31134,-599,-9253,-6846
R,aa2c,228969635,6,-79545,-31281,44505,2128,652,-1226
R,29c3,228971740,4,-44746,-22878,61983,695,-10672,-7282
R,29c3,228972930,2,-20798,-10787,30859,1264,-11344,-7407
R,aa2c,228973236,6,-82660,-33830,46350,2424,-2917,-1700
R,29c3,228974151,2,-19690,-10258,30768,1747,-11860,-7427
R,29c3,228975341,2,-18563,-9717,30642,2286,-12379,-7368
R,29c3,228976531,2,-17467,-9095,30487,2704,-12827,-7298
R,29c3,228977752,2,-16333,-8466,30299,2993,-13194,-7124
R,29c3,228981353,6,-42650,-21616,89490,3725,-14101,-6214
R,29c3,228984924,6,-34109,-16194,87012,4057,-14986,-4803
R,29c3,228989746,8,-34700,-14772,110541,4077,-15861,-2422
R,aa2c,228991363,30,-382270,-172207,218005,3677,-18787,-4646
R,29c3,228992126,4,-14013,-5296,52256,4078,-16218,-1191
R,29c3,228993347,2,-6424,-2302,25250,4030,-16363,-600
R,29c3,228994537,2,-6156,-2155,24598,4072,-16488,-48
R,29c3,228999328,8,-23075,-7973,91260,4505,-17277,1733
R,29c3,229000518,2,-5606,-1989,20945,4703,-17549,2014
R,aa2c,229002227,18,-125397,-81672,83989,4447,-19951,-4516
R,29c3,229006500,10,-27037,-10595,92973,5872,-19495,2568
R,29c3,229007690,2,-4896,-2223,16166,6130,-19880,2536
R,29c3,229008911,2,-4569,-2226,15399,6457,-20296,2529
R,aa2c,229009460,12,-30547,-39983,30012,4564,-17049,-3715
R,29c3,229010101,2,-4159,-2188,14623,6731,-20695,2435
R,29c3,229012512,4,-6795,-4260,26880,7205,-21434,2106
R,aa2c,229013092,6,-4148,-16163,7661,4698,-15239,-3309
R,29c3,229013702,2,-2443,-2005,12270,7469,-21698,1960
R,29c3,229014892,2,-1724,-1905,11508,7761,-21925,1823
R,29c3,229016082,2,-942,-1772,10813,8086,-22010,1736
R,aa2c,229016693,6,1436,-14141,3717,4669,-13449,-2986
R,29c3,229019714,6,2186,-4090,28114,8737,-21941,1561
R,29c3,229023315,6,9587,-1668,21543,8834,-21286,1668
R,29c3,229024505,2,4729,1,5758,8781,-20956,1729
R,29c3,229028106,6,17910,1548,12950,8581,-19667,2088
R,29c3,229029296,2,6996,996,2867,8438,-19191,2177
R,aa2c,229031188,24,43079,-46485,-6631,4160,-7941,-3010
R,29c3,229031677,4,15142,2577,3654,8235,-18303,2280
R,aa2c,229038421,12,33958,-21389,-8447,4144,-6250,-3491
R,29c3,229038879,12,51769,11436,-5089,7474,-15869,2032
R,29c3,229040100,2,9369,2361,-3012,7364,-15466,1977
R,29c3,229041290,2,9575,2468,-3560,7191,-15024,1852
R,29c3,229042480,2,9760,2597,-4092,6991,-14626,1771
R,29c3,229046081,6,30320,8409,-15290,6553,-13181,1492
R,29c3,229047271,2,10413,2981,-6049,6383,-12743,1375
R,29c3,229048461,2,10530,3056,-6515,6189,-12224,1329
R,29c3,229049682,2,10623,3118,-6928,5965,-11694,1316
R,aa2c,229052886,24,73507,-36371,-16783,3946,-4229,-4574
R,29c3,229053283,6,32298,9550,-23088,5262,-10220,1362
R,29c3,229054473,2,10820,3155,-8406,5050,-9745,1440
R,29c3,229056884,4,21604,6111,-17804,4632,-8813,1571
R,29c3,229058074,2,10713,2945,-9378,4543,-8349,1614
R,29c3,229060485,4,21143,5647,-19587,4334,-7411,1631
R,29c3,229062866,4,20621,5363,-20610,4165,-6575,1638
R,29c3,229064056,2,10082,2575,-10653,4161,-6249,1659
R,29c3,229065246,2,9929,2520,-10844,4131,-5900,1642
R,29c3,229066467,2,9781,2477,-11017,4099,-5476,1584
R,aa2c,229067382,24,55279,-20647,-16853,3906,-4434,-5302
R,aa2c,229070983,6,10260,-1847,-4987,3942,-4662,-5407
R,29c3,229072448,10,46567,12012,-57194,4073,-3965,1304
R,29c3,229073669,2,8891,2425,-11704,4086,-3722,1301
R,aa2c,229074615,6,9668,-374,-5282,3922,-4885,-5414
R,29c3,229076080,4,17456,4931,-23493,3944,-3181,1247
R,29c3,229077239,2,8599,2489,-11782,3898,-2912,1269
R,aa2c,229078216,6,9601,1119,-5558,3887,-5010,-5433
R,29c3,229079650,4,16872,4925,-23556,3737,-2337,1257
R,aa2c,229081848,6,9780,2607,-5921,3897,-5044,-5349
R,29c3,229083251,6,24480,7109,-35098,3654,-1415,1255
R,aa2c,229085479,6,9914,4126,-6212,3950,-4966,-5275
R,29c3,229091644,14,51100,15546,-79391,4120,-4,1155
R,aa2c,229092712,12,19816,13607,-13856,4067,-5019,-5020
R,29c3,229095245,6,18740,7061,-32545,4349,203,1170
R,aa2c,229096343,6,10237,9547,-7443,4063,-5127,-4893
R,29c3,229097656,4,11508,5057,-21013,4522,231,1174
R,29c3,229102447,8,21093,11021,-40365,4785,-27,1261
R,29c3,229104827,4,9937,6051,-19240,5007,-248,1342
R,29c3,229106018,2,4861,3172,-9367,5022,-390,1428
R,29c3,229109619,6,14287,10002,-27246,5197,-930,1626
R,29c3,229112030,4,9478,7040,-17555,5319,-1405,1865
R,aa2c,229114440,30,73435,75299,-34982,5225,-6063,-3871
R,29c3,229116821,8,19059,14708,-33495,5642,-2619,2269
R,aa2c,229118041,6,20827,21661,-5824,5439,-6516,-3689
R,29c3,229122833,10,24499,19925,-41026,5789,-4987,2783
R,29c3,229124023,2,5146,4253,-8302,5739,-5524,2867
R,aa2c,229125274,12,49238,51613,-10921,5574,-7894,-3123
R,29c3,229126403,4,10726,8657,-16917,5559,-6628,3044
R,29c3,229133605,12,37260,26355,-56032,4771,-9643,3223
R,29c3,229134796,2,7185,4256,-10347,4614,-10184,3231
R,29c3,229137207,4,15359,8321,-21819,4259,-11213,3226
R,29c3,229138397,2,8220,4040,-11568,4118,-11773,3235
R,29c3,229139617,2,8619,3959,-12048,3878,-12292,3243
R,29c3,229140808,2,9053,3862,-12561,3622,-12823,3202
R,29c3,229141998,2,9490,3781,-13097,3380,-13394,3197
R,29c3,229144409,4,20443,7344,-27896,2709,-14336,3005
R,29c3,229145599,2,10986,3548,-14875,2333,-14739,2923
R,29c3,229146789,2,11511,3451,-15571,1950,-15090,2776
R,29c3,229148010,2,12006,3377,-16293,1448,-15446,2692
R,29c3,229149200,2,12534,3314,-17099,959,-15702,2483
R,29c3,229150390,2,13026,3235,-17911,359,-15970,2291
R,aa2c,229157867,54,451250,375658,-87981,3105,-6921,-207
R,29c3,229158782,14,103216,19763,-151541,-3852,-15533,224
R,29c3,229159973,2,16060,2306,-25790,-4421,-15189,-245
R,29c3,229161193,2,16285,2174,-26852,-5019,-14781,-633
R,aa2c,229161468,6,72729,57151,-21206,2295,-5836,76
R,29c3,229162384,2,16441,2055,-27952,-5598,-14361,-1109
R,29c3,229163574,2,16566,1959,-29038,-6270,-13885,-1576
R,29c3,229164794,2,16628,1863,-30145,-6858,-13399,-2090
R,aa2c,229165100,6,74663,59481,-25186,1341,-4556,264
R,29c3,229165985,2,16670,1799,-31264,-7571,-12900,-2618
R,29c3,229167175,2,16700,1733,-32360,-8266,-12375,-3151
R,29c3,229168395,2,16696,1696,-33441,-8944,-11826,-3760
R,aa2c,229168701,6,76217,61258,-29243,379,-3127,281
R,29c3,229169586,2,16714,1667,-34498,-9585,-11300,-4270
R,29c3,229170776,2,16703,1637,-35513,-10306,-10652,-4866
R,29c3,229171966,2,16715,1668,-36490,-10979,-10020,-5456
R,aa2c,229172363,6,77584,62506,-33246,-477,-1416,264
R,29c3,229173156,2,16715,1728,-37466,-11699,-9441,-6007
R,aa2c,229175964,6,78630,63420,-36704,-1460,464,309
R,29c3,229176788,6,50213,5821,-117924,-14131,-7618,-7736
R,29c3,229177978,2,16754,2305,-41106,-15076,-6990,-8320
R,aa2c,229179565,6,79006,64226,-39510,-2810,2611,400
R,29c3,229180389,4,33620,5395,-84843,-16991,-5642,-9452
R,29c3,229182769,4,33812,6705,-88329,-18884,-4172,-10483
R,29c3,229183959,2,17044,3976,-45432,-19750,-3289,-11001
R,29c3,229186370,4,34486,9331,-93240,-21285,-1361,-11907
R,aa2c,229186798,12,150197,131256,-87093,-5023,7607,1411
R,aa2c,229190429,6,64427,68032,-48584,-6037,10153,2441
R,29c3,229191162,8,72384,25747,-193697,-23937,3181,-13484
R,29c3,229192382,2,19325,8120,-49295,-24507,4486,-13831
R,29c3,229193572,2,20041,8791,-49407,-24919,5962,-14223
R,aa2c,229194061,6,52700,69958,-52021,-6789,12348,3833
R,29c3,229194732,2,20851,9476,-49378,-25267,7651,-14447
R,29c3,229195953,2,21774,10212,-49258,-25550,9342,-14796
R,29c3,229197143,2,22851,10983,-49030,-25771,11173,-15134
R,aa2c,229197662,6,38676,71634,-55142,-7328,13815,5360
R,29c3,229198364,2,24047,11765,-48586,-25955,13170,-15563
R,29c3,229199554,2,25344,12531,-47915,-26042,15383,-15893
R,29c3,229200744,2,26654,13299,-47057,-26133,17810,-16141
R,aa2c,229201324,6,24552,72547,-56342,-7600,14813,7216
R,29c3,229201934,2,27914,14095,-46088,-26215,20415,-16287
R,29c3,229203155,2,29104,14873,-45027,-26220,23191,-16276
R,aa2c,229204925,6,11438,72348,-54923,-7777,14990,9248
R,29c3,229205535,4,61298,32065,-86661,-26125,28998,-16230
R,29c3,229207977,4,64365,34901,-81489,-25971,32750,-15422
R,aa2c,229208526,6,597,70937,-52117,-8093,14234,10945
R,29c3,229210357,4,65495,37337,-75626,-26121,32750,-14385
R,29c3,229211547,2,32522,19481,-35662,-26396,32750,-13456
R,aa2c,229212127,6,-7094,69120,-47990,-8915,13739,12660
R,29c3,229215148,6,90788,60512,-102223,-26487,32750,-10275
R,aa2c,229215759,6,-12916,66172,-44189,-9936,12623,13925
R,29c3,229216339,2,28037,20910,-32434,-25841,32750,-9087
R,29c3,229217529,2,26643,20932,-30274,-25912,32750,-8133
R,29c3,229218750,2,24859,20690,-27651,-26263,32750,-6948
R,29c3,229219940,2,22712,20171,-24985,-26900,32750,-5316
R,29c3,229221130,2,20120,19329,-22473,-27438,32750,-3512
R,29c3,229222320,2,17107,18218,-20129,-27710,32750,-2007
R,aa2c,229223022,12,-35977,119198,-80279,-10589,11596,16849
R,29c3,229223541,2,13681,16881,-17931,-27677,32750,-578
R,29c3,229224731,2,9948,15366,-15879,-27465,32750,867
R,29c3,229225921,2,6014,13779,-13947,-26947,32750,2347
R,aa2c,229226623,6,-20840,51058,-36424,-10827,11238,18216
R,29c3,229227111,2,1903,12121,-12091,-26399,32750,3495
R,29c3,229228332,2,-2205,10409,-10265,-25901,32750,4285
R,29c3,229229522,2,-6162,8684,-8514,-25354,32750,4818
R,aa2c,229230255,6,-21438,43933,-33700,-10644,11152,19366
R,29c3,229230712,2,-9855,6938,-6732,-24993,32750,5055
R,29c3,229233123,4,-29302,8627,-8314,-24522,32750,5170
R,aa2c,229233856,6,-21573,36305,-30891,-10232,11252,20215
R,29c3,229234313,2,-18638,1658,-1711,-24209,32750,5059
R,29c3,229236724,4,-43340,-1915,1002,-23444,32750,4538
R,aa2c,229237487,6,-21653,28480,-28041,-9437,11792,20772
R,aa2c,229241119,6,-22117,20844,-24839,-8531,12330,20805
R,29c3,229241546,8,-101548,-22838,16486,-20591,30457,2662
R,29c3,229243927,4,-53822,-19102,13464,-18802,25622,1489
R,aa2c,229244720,6,-23312,13548,-21007,-7328,12930,20568
R,29c3,229245086,2,-26920,-11011,7633,-17934,23428,850
R,29c3,229246307,2,-26699,-11877,8097,-17018,21385,225
R,29c3,229247497,2,-26330,-12574,8522,-16107,19581,-395
R,aa2c,229248352,6,-25556,7110,-16782,-6028,13087,19954
R,29c3,229249908,4,-51018,-26823,18048,-14320,16566,-1595
R,29c3,229253509,6,-71600,-43266,29748,-11817,13648,-3089
R,aa2c,229259185,18,-91184,-7257,-22317,-2606,10939,16668
R,29c3,229261901,14,-148199,-107241,76029,-6596,9895,-6269
R,aa2c,229262817,6,-33428,-8838,2462,-1597,9660,15616
R,29c3,229264312,4,-39277,-30530,21810,-5204,9102,-7115
R,29c3,229265502,2,-19277,-15050,10761,-4484,8741,-7481
R,29c3,229267913,4,-37951,-29458,21190,-3130,7944,-8397
R,aa2c,229270080,12,-66077,-21331,18464,11,6877,14062
R,29c3,229271484,6,-55127,-41818,30733,-1311,6513,-9390
R,29c3,229272705,2,-17756,-13163,10004,-713,6020,-9731
R,aa2c,229273681,6,-31126,-11092,15218,315,5392,13720
R,29c3,229275085,4,-34334,-24976,19642,178,5051,-10190
R,29c3,229276275,2,-16506,-11766,9582,598,4564,-10381
R,aa2c,229277313,6,-29169,-11202,18658,281,3732,13656
R,29c3,229278686,4,-31504,-21899,18605,1285,3616,-10714
R,29c3,229282287,6,-43022,-28405,26305,2079,2282,-10910
R,29c3,229283477,2,-13070,-8186,8280,2183,1874,-10882
R,29c3,229287078,6,-34971,-20625,23123,2172,735,-10929
R,29c3,229290679,6,-28048,-14861,19977,1990,-22,-10802
R,29c3,229294281,6,-20386,-9049,16354,1630,-135,-10570
R,29c3,229296691,4,-8992,-2832,8898,1180,198,-10294
R,29c3,229297882,2,-3093,-515,3875,788,471,-10151
R,29c3,229300262,4,-3433,657,6606,-120,1198,-9757
R,29c3,229301452,2,-394,1100,2751,-619,1651,-9609
R,29c3,229303863,4,1767,3580,4321,-1447,2702,-9359
R,29c3,229305053,2,2164,2444,1579,-1904,3391,-9297
R,29c3,229307495,4,6847,6113,2097,-2702,5010,-9208
R,29c3,229308654,2,4713,3654,620,-3062,6063,-9159
R,29c3,229311065,4,12016,8530,577,-3971,8507,-9087
R,29c3,229312255,2,7260,4853,85,-4525,9888,-9131
R,29c3,229315856,6,26442,16240,131,-6194,15098,-9390
R,29c3,229318267,4,20955,11744,727,-7224,19248,-9747
R,29c3,229323059,8,47359,24160,6372,-8904,28745,-10798
R,29c3,229325439,4,24606,11757,7254,-9472,32750,-11518
R,29c3,229326629,2,12049,5681,5006,-9759,32750,-11925
R,29c3,229329040,4,22801,10983,13159,-9916,32750,-12625
R,29c3,229330230,2,10241,5370,8357,-9862,32750,-12770
R,29c3,229332641,4,16093,10752,20515,-10328,32750,-12479
R,29c3,229333831,2,5020,5605,11622,-10350,32750,-12317
R,29c3,229335052,2,2897,5975,12515,-10357,32750,-12184
R,29c3,229336242,2,549,6385,13946,-10887,32750,-12133
R,29c3,229337432,2,-2119,6675,15627,-11911,32750,-12159
R,29c3,229338653,2,-5073,6842,17181,-12886,32750,-11990
R,29c3,229339843,2,-8265,6942,18433,-13496,32750,-11657
R,29c3,229341033,2,-11596,7010,19393,-13791,32750,-11423
R,29c3,229342224,2,-14989,7063,20161,-13897,32750,-11318
R,29c3,229343414,2,-18321,7173,20822,-13968,32750,-11288
R,29c3,229345825,4,-45963,14732,43321,-14198,32750,-11564
R,29c3,229347015,2,-27138,7531,22513,-14478,32750,-11827
R,29c3,229348236,2,-29539,7577,23031,-14773,32750,-12094
R,29c3,229349426,2,-31635,7569,23463,-14933,31564,-12353
R,29c3,229350616,2,-33456,7521,23867,-15099,29239,-12594
R,29c3,229351837,2,-34974,7423,24304,-15048,27036,-12849
R,29c3,229353027,2,-36218,7286,24722,-14956,24932,-12996
R,aa2c,229353302,126,68466,-627440,606095,-253,15281,5667
R,29c3,229354217,2,-37250,7158,25155,-14839,22906,-13107
R,29c3,229355438,2,-38069,7031,25578,-14648,20873,-13241
R,29c3,229356628,2,-38730,6905,25954,-14395,18870,-13337
R,aa2c,229356933,6,-14844,-48966,54525,-495,14272,4882
R,aa2c,229360534,6,-22181,-47778,58526,-660,12743,4586
R,29c3,229361419,8,-158435,27517,106052,-13115,11780,-13600
R,29c3,229362609,2,-39845,7066,26928,-12733,10263,-13643
R,29c3,229363830,2,-39734,7207,27084,-12397,8929,-13647
R,29c3,229366210,4,-78808,14907,54425,-11424,6432,-13552
R,29c3,229367431,2,-38928,7740,27276,-10914,5294,-13501
R,aa2c,229367797,12,-63177,-92812,127015,-772,8291,4708
R,29c3,229368621,2,-38501,7989,27296,-10313,4265,-13440
R,29c3,229371002,4,-75552,16840,54664,-9197,2322,-13377
R,aa2c,229371429,6,-37287,-45261,68204,-718,5826,5120
R,29c3,229374603,6,-109025,27946,82128,-7630,-230,-13348
R,aa2c,229375030,6,-38570,-44743,71116,-1010,3405,5945
R,29c3,229375793,2,-35011,10156,27317,-7228,-979,-13299
R,29c3,229377014,2,-34286,10601,27216,-6798,-1674,-13274
R,29c3,229378204,2,-33555,11117,27105,-6356,-2261,-13233
R,29c3,229381805,6,-96091,36628,80615,-5355,-3915,-12935
R,aa2c,229382263,12,-76628,-91722,149248,-2463,-1675,9076
R,29c3,229382995,2,-30531,13403,26594,-5060,-4437,-12766
R,29c3,229385406,4,-58842,28728,52612,-4433,-5388,-12437
R,aa2c,229385894,6,-36627,-50098,76602,-3079,-4204,10493
R,29c3,229387817,4,-55843,31483,51650,-3963,-6223,-11991
R,aa2c,229389495,6,-34219,-54256,76223,-3065,-6535,11286
R,29c3,229392608,8,-102313,71806,99857,-3528,-7556,-11010
R,aa2c,229393157,6,-30282,-58323,74980,-2232,-8522,11602
R,29c3,229398590,10,-109596,106203,118161,-3803,-8465,-9539
R,29c3,229399780,2,-19532,23353,22623,-3919,-8588,-9198
R,29c3,229402191,4,-36874,48641,44158,-4196,-8639,-8529
R,aa2c,229403991,18,-53460,-187800,215197,168,-12195,10575
R,29c3,229404602,4,-34190,51194,42623,-4452,-8586,-7891
R,29c3,229406982,4,-31865,53606,40912,-4723,-8473,-7367
R,aa2c,229407592,6,-3827,-63316,66771,708,-12719,10138
R,29c3,229408172,2,-15188,27688,19763,-4842,-8456,-7083
R,29c3,229409393,2,-14744,28294,19311,-4945,-8479,-6862
R,29c3,229410583,2,-14311,28915,18834,-5056,-8542,-6596
R,29c3,229411773,2,-13890,29529,18369,-5135,-8574,-6355
R,29c3,229412963,2,-13468,30167,17879,-5233,-8615,-6138
R,29c3,229414184,2,-13059,30796,17406,-5332,-8666,-5964
R,29c3,229416564,4,-24801,63558,33349,-5615,-8909,-5561
R,aa2c,229418457,18,26318,-179731,178753,1666,-13531,8114
R,29c3,229418975,4,-22794,66129,31485,-5959,-9123,-5265
R,29c3,229421386,4,-20420,68699,29794,-6365,-9250,-4856
R,aa2c,229422088,6,20501,-56348,51859,1830,-13181,7239
R,29c3,229422576,2,-9224,35287,14282,-6629,-9335,-4699
R,29c3,229423767,2,-8525,35929,13877,-6910,-9351,-4502
R,29c3,229424957,2,-7774,36555,13486,-7234,-9329,-4298
R,aa2c,229425720,6,25278,-54375,48361,1940,-12667,6284
R,29c3,229426177,2,-7020,37155,13074,-7570,-9223,-4085
R,29c3,229427368,2,-6255,37730,12690,-7937,-9123,-3876
R,29c3,229428558,2,-5467,38273,12314,-8305,-8976,-3724
R,aa2c,229429321,6,29205,-52632,45106,2073,-12118,5358
R,29c3,229429748,2,-4673,38818,11968,-8633,-8771,-3468
R,29c3,229430969,2,-3914,39309,11634,-8970,-8561,-3195
R,29c3,229432159,2,-3158,39796,11318,-9255,-8342,-3023
R,29c3,229433349,2,-2453,40279,10981,-9500,-8066,-2757
R,29c3,229434539,2,-1763,40759,10640,-9834,-7775,-2525
R,29c3,229435760,2,-1115,41238,10259,-10091,-7512,-2277
R,29c3,229436950,2,-520,41714,9892,-10432,-7223,-2033
R,29c3,229438171,2,43,42182,9507,-10785,-6926,-1798
R,29c3,229439361,2,560,42639,9133,-11115,-6567,-1315
R,29c3,229440551,2,970,43039,8784,-11608,-6317,-1024
R,29c3,229441741,2,1327,43465,8339,-12116,-6157,-543
R,29c3,229442962,2,1697,43851,7813,-12693,-5958,-182
R,aa2c,229443817,24,137705,-194319,150858,862,-10952,3155
R,29c3,229444152,2,2063,44147,7308,-13249,-5710,194
R,29c3,229445343,2,2407,44352,6896,-13891,-5403,595
R,29c3,229446533,2,2712,44459,6494,-14485,-5057,1168
R,29c3,229447753,2,2963,44504,6104,-14926,-4740,1844
R,29c3,229448944,2,3165,44499,5727,-15236,-4499,2666
R,29c3,229450134,2,3386,44477,5355,-15481,-4363,3592
R,aa2c,229451049,12,75359,-91026,58929,1206,-10160,2152
R,29c3,229451324,2,3560,44367,5034,-15684,-4244,4617
R,29c3,229452545,2,3773,44287,4723,-16079,-3975,5633
R,29c3,229453735,2,3939,44163,4438,-16508,-3791,6767
R,29c3,229454956,2,4038,43959,4145,-16945,-3685,7955
R,29c3,229456146,2,4134,43647,3871,-17308,-3601,9118
R,29c3,229457336,2,4228,43299,3543,-17658,-3484,10437
R,29c3,229459747,4,8555,85457,6185,-18531,-3302,12867
R,29c3,229465728,10,21464,202993,10775,-19483,-2831,19093
R,29c3,229468139,4,8394,75851,2629,-19824,-2381,21657
R,29c3,229469329,2,4011,36596,946,-19998,-2363,22873
R,29c3,229475341,10,18261,166736,2326,-20179,-2343,28337
R,29c3,229478942,6,9957,85261,-312,-20210,-2493,31524
R,29c3,229481323,4,6606,50051,-1012,-20070,-2702,32764
R,29c3,229482513,2,3446,22800,-665,-20151,-2834,32764
R,29c3,229488525,10,21587,88252,-3153,-21351,-3743,32764
R,29c3,229489715,2,5710,11814,-529,-21598,-3665,32764
R,29c3,229492126,4,12795,17064,-1088,-21844,-3455,32764
R,29c3,229493316,2,7009,5177,-592,-21847,-3205,32764
R,29c3,229494506,2,7322,2894,-648,-21767,-2965,32764
R,29c3,229495697,2,7584,643,-647,-21651,-2693,32764
R,29c3,229498107,4,15602,-5378,-1458,-21092,-2156,32764
R,29c3,229499298,2,7893,-5891,-865,-20506,-2003,32764
R,29c3,229500488,2,7903,-7880,-995,-20018,-1827,32764
R,29c3,229501708,2,7895,-9748,-1069,-19683,-1737,32764
R,29c3,229504119,4,15782,-24836,-2241,-19309,-1463,32764
R,29c3,229505279,2,7889,-14981,-1157,-19112,-1356,32543
R,29c3,229506469,2,7844,-16599,-1170,-18837,-1167,31169
R,29c3,229507690,2,7810,-18155,-1232,-18527,-904,29788
R,29c3,229508911,2,7721,-19627,-1356,-18121,-694,28290
R,29c3,229510101,2,7602,-20996,-1457,-17657,-522,26842
R,29c3,229511291,2,7465,-22230,-1544,-17200,-307,25408
R,29c3,229512481,2,7337,-23398,-1593,-16800,-223,24059
R,29c3,229513702,2,7217,-24427,-1640,-16439,-52,22824
R,29c3,229514892,2,7102,-25369,-1679,-16194,16,21651
R,29c3,229516082,2,6975,-26272,-1739,-15977,222,20607
R,29c3,229517303,2,6859,-27094,-1795,-15952,270,19612
R,29c3,229518493,2,6761,-27917,-1859,-16012,390,18689
R,29c3,229519683,2,6657,-28703,-1933,-16083,484,17788
R,29c3,229520904,2,6540,-29460,-1998,-16051,592,17037
R,29c3,229522094,2,6437,-30186,-2048,-16119,643,16411
R,29c3,229523284,2,6323,-30867,-2120,-16085,598,15799
R,29c3,229524475,2,6242,-31491,-2190,-16150,656,15267
R,29c3,229525665,2,6183,-32093,-2290,-16374,613,14901
R,29c3,229526885,2,6151,-32690,-2382,-16627,495,14579
R,29c3,229528076,2,6163,-33259,-2531,-16977,374,14272
R,29c3,229531677,6,19274,-103338,-8420,-18552,-224,13699
R,29c3,229532867,2,6897,-35763,-3127,-19049,-345,13532
R,29c3,229534088,2,7298,-36500,-3328,-19419,-431,13394
R,29c3,229536468,4,16050,-75260,-7139,-19917,-359,13048
R,29c3,229537689,2,8878,-38783,-3748,-20204,-134,12820
R,29c3,229538879,2,9488,-39544,-3850,-20446,98,12639
R,29c3,229540069,2,10110,-40293,-3860,-20663,446,12451
R,29c3,229542480,4,22053,-82862,-7700,-21130,1262,11898
R,29c3,229546051,6,36840,-129722,-11491,-21544,2801,10628
R,aa2c,229548767,162,271398,-352154,-95125,3065,-2525,15251
R,29c3,229549652,6,39528,-135332,-11805,-21432,4856,8747
R,29c3,229550872,2,13329,-46067,-4051,-21401,5609,8010
R,29c3,229553253,4,26330,-93205,-8456,-21456,7194,6261
R,29c3,229554473,2,12975,-47126,-4418,-21482,8213,5259
R,29c3,229555664,2,12853,-47439,-4448,-21417,9375,4208
R,aa2c,229556030,12,-23399,-20697,-56659,5291,128,14619
R,29c3,229556854,2,12718,-47727,-4425,-21275,10709,2979
R,29c3,229558044,2,12581,-48057,-4305,-20858,12107,1771
R,29c3,229559265,2,12448,-48336,-4090,-20225,13699,501
R,aa2c,229559600,6,-9579,-9889,-26605,6127,2581,14833
R,29c3,229560455,2,12352,-48542,-3760,-19394,15358,-818
R,29c3,229561645,2,12250,-48660,-3292,-18314,17093,-2047
R,29c3,229562866,2,12132,-48644,-2696,-17117,18834,-3313
R,aa2c,229563232,6,-7026,-8785,-23681,6661,5414,15012
R,29c3,229564056,2,12001,-48477,-1947,-15947,20491,-4459
R,29c3,229565246,2,11849,-48148,-1101,-14732,22053,-5564
R,29c3,229566467,2,11669,-47646,-135,-13700,23555,-6563
R,aa2c,229566864,6,-6148,-8108,-18789,6665,8042,15197
R,29c3,229567626,2,11420,-47002,863,-12721,24900,-7533
R,29c3,229568847,2,11131,-46237,1905,-11739,26127,-8341
R,29c3,229570037,2,10782,-45326,2965,-10811,27235,-8972
R,29c3,229571258,2,10329,-44294,4025,-9834,28235,-9496
R,29c3,229572448,2,9781,-43150,5078,-8969,29148,-9889
R,29c3,229574859,4,17489,-82385,13284,-7356,30608,-10263
R,29c3,229576080,2,7446,-39078,8068,-6781,31137,-10353
R,29c3,229577239,2,6484,-37609,8918,-6356,31573,-10458
R,aa2c,229577728,18,-44323,-29877,-15358,4927,8709,15495
R,29c3,229582031,8,15750,-136449,44674,-5694,32332,-10074
R,29c3,229583251,2,1266,-31010,13621,-5827,32089,-9914
R,29c3,229584442,2,175,-29951,14553,-5992,31716,-9852
R,aa2c,229584960,12,-62945,-29808,19548,5314,3773,13893
R,29c3,229585601,2,-885,-29004,15457,-6248,31237,-9742
R,29c3,229586822,2,-1902,-28175,16393,-6364,30583,-9598
R,29c3,229588012,2,-2892,-27406,17287,-6433,29932,-9417
R,aa2c,229588592,6,-36622,-17759,16293,4698,1242,12468
R,29c3,229589233,2,-3881,-26663,18150,-6374,29255,-9151
R,29c3,229590454,2,-4859,-25971,18959,-6324,28502,-8878
R,29c3,229591644,2,-5841,-25300,19662,-6318,27648,-8639
R,aa2c,229592193,6,-38794,-19739,18156,4418,-1452,10509
R,29c3,229592834,2,-6810,-24672,20314,-6341,26656,-8461
R,29c3,229594024,2,-7744,-24088,20950,-6419,25593,-8286
R,29c3,229595214,2,-8612,-23524,21522,-6415,24517,-8112
R,aa2c,229595825,6,-39949,-20659,17795,5118,-4245,8323
R,29c3,229596435,2,-9422,-23036,22061,-6398,23316,-8062
R,29c3,229597625,2,-10143,-22604,22534,-6289,22160,-7980
R,29c3,229598815,2,-10750,-22166,22968,-6097,20988,-7965
R,aa2c,229599426,6,-38520,-19958,15935,6136,-6371,6453
R,29c3,229600006,2,-11243,-21779,23425,-5754,19857,-7918
R,29c3,229601226,2,-11667,-21392,23874,-5303,18749,-7736
R,aa2c,229603057,6,-35016,-17805,13453,6459,-7330,5173
R,29c3,229603607,4,-24444,-41538,49051,-4467,16627,-7329
R,29c3,229604827,2,-12746,-20105,25058,-4123,15527,-7082
R,29c3,229606018,2,-13123,-19667,25289,-3834,14352,-6893
R,aa2c,229606658,6,-31197,-15286,10094,6870,-7355,4332
R,29c3,229608428,4,-27362,-38057,51078,-3418,12044,-6484
R,29c3,229609619,2,-14265,-18444,25626,-3205,10902,-6305
R,29c3,229613220,6,-45134,-53339,76547,-2371,7496,-5954
R,aa2c,229613922,12,-52556,-22579,10494,7716,-5725,4017
R,29c3,229614410,2,-15772,-17197,25259,-2031,6389,-5973
R,29c3,229615600,2,-16120,-16940,25054,-1631,5254,-5974
R,29c3,229616821,2,-16408,-16694,24815,-1134,4090,-5982
R,aa2c,229617523,6,-23300,-7601,1804,7643,-4629,4186
R,29c3,229618011,2,-16661,-16435,24523,-581,2975,-6056
R,29c3,229619201,2,-16855,-16164,24220,-82,1762,-6119
R,29c3,229620391,2,-16984,-15853,23830,484,611,-6225
R,aa2c,229621154,6,-22995,-6059,160,7467,-3903,4365
R,29c3,229621612,2,-17004,-15518,23428,1060,-542,-6338
R,29c3,229622802,2,-16962,-15176,23022,1653,-1643,-6448
R,aa2c,229624786,6,-23140,-5387,-935,7273,-3407,4405
R,29c3,229625213,4,-33422,-29115,44675,2698,-3773,-6643
R,29c3,229626403,2,-16291,-13918,21576,3193,-4765,-6683
R,29c3,229627593,2,-15894,-13474,21016,3631,-5709,-6796
R,aa2c,229628387,6,-23268,-5332,-1781,7211,-3177,4243
R,29c3,229628784,2,-15410,-12985,20452,4106,-6568,-6840
R,29c3,229630004,2,-14858,-12518,19855,4537,-7387,-6897
R,29c3,229631195,2,-14239,-12036,19252,4977,-8160,-6949
R,aa2c,229632019,6,-22991,-5495,-2495,7281,-3092,3972
R,29c3,229632385,2,-13567,-11530,18673,5383,-8851,-6958
R,29c3,229634796,4,-24953,-21592,35503,6074,-10062,-6876
R,aa2c,229635650,6,-22163,-5599,-3308,7218,-2961,3581
R,29c3,229635986,2,-11332,-10044,16776,6432,-10540,-6802
R,29c3,229637207,2,-10557,-9565,16059,6761,-10998,-6701
R,29c3,229638397,2,-9781,-9087,15342,7072,-11351,-6589
R,aa2c,229639251,6,-20845,-5598,-4019,7033,-2802,3225
R,29c3,229639587,2,-8985,-8562,14611,7411,-11561,-6496
R,29c3,229640777,2,-8218,-8047,13858,7754,-11803,-6351
R,29c3,229641998,2,-7445,-7531,13106,8042,-11908,-6229
R,aa2c,229642883,6,-19068,-5835,-4760,6810,-2552,2860
R,29c3,229644378,4,-12666,-13493,23948,8547,-11800,-5849
R,29c3,229645568,2,-5267,-5971,10842,8735,-11693,-5665
R,aa2c,229646484,6,-16979,-6258,-5369,6717,-2231,2538
R,29c3,229648040,4,-8525,-10414,19513,8882,-11290,-5248
R,29c3,229649169,2,-3314,-4474,8701,8915,-11014,-5037
R,aa2c,229650115,6,-14637,-6909,-5651,6675,-1867,2157
R,29c3,229651580,4,-4823,-7562,15367,8786,-10317,-4637
R,29c3,229652770,2,-1549,-3154,6722,8693,-9885,-4429
R,aa2c,229653747,6,-12305,-7585,-5672,6667,-1567,1716
R,29c3,229656372,6,-1469,-7278,16620,8466,-8353,-3799
R,aa2c,229657348,6,-10115,-8211,-5437,6594,-1268,1334
R,29c3,229658782,4,1383,-3235,8380,8221,-7122,-3384
R,29c3,229659973,2,1282,-1212,3466,8074,-6476,-3146
R,aa2c,229660980,6,-8260,-8568,-4980,6531,-1125,1015
R,29c3,229662384,4,3556,-1678,5626,7835,-5132,-2779
R,29c3,229667175,8,10115,-643,6958,7382,-2700,-2069
R,29c3,229669555,4,6030,929,1786,7119,-1671,-1648
R,29c3,229670776,2,3174,738,564,6960,-1227,-1399
R,29c3,229673156,4,6539,1991,590,6627,-441,-931
R,29c3,229674346,2,3350,1206,80,6433,-133,-712
R,29c3,229676757,4,6755,2746,-265,6128,405,-224
R,29c3,229677947,2,3397,1526,-317,5973,687,-31
R,29c3,229680358,4,6801,3254,-892,5750,1024,443
R,29c3,229681549,2,3418,1723,-532,5675,1145,699
R,29c3,229683959,4,6806,3612,-1225,5471,1324,1170
R,29c3,229685150,2,3404,1858,-684,5356,1357,1429
R,29c3,229687561,4,6791,3834,-1525,5161,1284,1946
R,29c3,229688751,2,3420,1954,-860,4962,1297,2185
R,29c3,229691162,4,6903,3891,-1911,4545,1322,2565
R,29c3,229692352,2,3480,1870,-1075,4426,1309,2721
R,29c3,229694763,4,6982,3472,-2308,4307,1375,2972
R,29c3,229698333,6,10458,4556,-3997,4383,1421,3128
R,29c3,229699554,2,3477,1376,-1473,4411,1450,3167
R,29c3,229701934,4,6938,2629,-3155,4480,1495,3130
R,29c3,229703125,2,3466,1297,-1690,4487,1462,3072
R,29c3,229705535,4,6909,2527,-3582,4469,1521,2995
R,29c3,229706726,2,3433,1239,-1874,4443,1556,2881
R,29c3,229709136,4,6894,2531,-4034,4470,1598,2671
R,29c3,229712738,6,10597,3983,-6526,4475,1726,2362
R,29c3,229713928,2,3651,1418,-2243,4557,1807,2229
R,29c3,229716339,4,7502,3002,-4567,4566,2005,2037
R,29c3,229717529,2,3854,1606,-2327,4571,2113,1972
R,29c3,229719940,4,7902,3458,-4765,4542,2394,1826
R,29c3,229721130,2,4015,1864,-2418,4522,2520,1758
R,29c3,229723510,4,8137,4041,-4877,4477,2735,1684
R,29c3,229727111,6,12398,6817,-7272,4514,3083,1620
R,29c3,229728302,2,4154,2474,-2428,4442,3226,1589
R,29c3,229729492,2,4175,2570,-2425,4481,3289,1622
R,29c3,229730712,2,4180,2691,-2435,4472,3404,1512
R,29c3,229731903,2,4179,2779,-2392,4451,3532,1538
R,aa2c,229733367,120,33508,-174349,-80568,5222,-1777,390
R,29c3,229734313,4,8298,5843,-4679,4375,3720,1537
R,29c3,229735504,2,4115,3066,-2299,4404,3779,1585
R,29c3,229736724,2,4068,3152,-2266,4436,3856,1608
R,29c3,229737915,2,4025,3231,-2256,4416,3946,1668
R,29c3,229739105,2,3968,3311,-2240,4416,4032,1719
R,29c3,229740295,2,3896,3402,-2208,4438,4095,1713
R,aa2c,229740600,12,8379,-11321,-11927,5371,-1738,468
R,29c3,229741485,2,3811,3473,-2166,4425,4124,1786
R,29c3,229742706,2,3723,3546,-2113,4413,4140,1833
R,29c3,229743896,2,3614,3625,-2098,4425,4207,1889
R,29c3,229746307,4,6861,7429,-4121,4379,4238,1992
R,29c3,229747497,2,3235,3771,-2058,4325,4267,2037
R,29c3,229749908,4,6081,7648,-4066,4343,4254,2038
R,29c3,229751098,2,2857,3861,-1990,4337,4196,2103
R,aa2c,229751495,18,9384,-12319,-18599,5630,-1830,250
R,29c3,229752288,2,2721,3890,-1966,4368,4163,2140
R,29c3,229753509,2,2591,3906,-1909,4376,4125,2182
R,29c3,229754699,2,2479,3916,-1890,4397,4049,2212
R,aa2c,229755065,6,2532,-2687,-6426,5679,-1804,137
R,29c3,229755889,2,2375,3943,-1893,4414,3988,2250
R,29c3,229757080,2,2264,3940,-1896,4400,3907,2313
R,29c3,229758300,2,2171,3946,-1909,4400,3832,2363
R,aa2c,229758697,6,2429,-1870,-6455,5764,-1754,0
R,29c3,229759490,2,2075,3936,-1908,4380,3758,2417
R,29c3,229760681,2,1984,3917,-1886,4360,3721,2464
R,29c3,229761901,2,1908,3892,-1862,4365,3632,2513
R,aa2c,229762298,6,2411,-973,-6456,5895,-1672,-59
R,29c3,229763092,2,1823,3870,-1840,4376,3578,2495
R,29c3,229764282,2,1736,3842,-1850,4421,3485,2521
R,29c3,229765502,2,1679,3807,-1876,4376,3448,2531
R,aa2c,229765930,6,2495,-18,-6551,6036,-1549,-129
R,29c3,229766662,2,1596,3767,-1900,4414,3388,2572
R,29c3,229769073,4,2974,7441,-3929,4496,3215,2504
R,aa2c,229769561,6,2577,1044,-6321,6102,-1420,-206
R,29c3,229771484,4,2771,7356,-3991,4565,3070,2513
R,29c3,229772674,2,1329,3666,-2024,4635,2959,2496
R,29c3,229773864,2,1293,3640,-2053,4651,2885,2473
R,29c3,229775085,2,1279,3646,-2126,4701,2790,2516
R,29c3,229776275,2,1273,3624,-2201,4695,2735,2460
R,aa2c,229776824,12,5237,5556,-12219,6327,-1115,-258
R,29c3,229777496,2,1273,3640,-2264,4697,2678,2477
R,29c3,229778686,2,1273,3623,-2326,4686,2604,2498
R,29c3,229779876,2,1293,3613,-2361,4663,2558,2466
R,aa2c,229780426,6,2587,4669,-5634,6436,-1031,-279
R,29c3,229784667,8,5290,14317,-9946,4741,2434,2441
R,29c3,229785858,2,1386,3551,-2706,4735,2401,2462
R,aa2c,229787658,12,5011,13161,-10215,6406,-912,-34
R,29c3,229789459,6,4350,10611,-8674,4739,2389,2354
R,29c3,229790679,2,1510,3532,-3017,4732,2373,2359
R,aa2c,229791259,6,2453,8222,-4426,6355,-920,237
R,29c3,229791870,2,1548,3528,-3121,4721,2411,2284
R,29c3,229793060,2,1570,3537,-3235,4744,2421,2275
R,29c3,229794250,2,1607,3542,-3361,4724,2466,2260
R,aa2c,229794891,6,2427,9012,-4049,6294,-909,491
R,29c3,229795471,2,1637,3537,-3467,4672,2481,2251
R,29c3,229796661,2,1664,3530,-3575,4655,2524,2271
R,aa2c,229798522,6,2452,9622,-3671,6261,-909,833
R,29c3,229799072,4,3422,7049,-7416,4502,2608,2250
R,29c3,229800262,2,1774,3506,-3849,4421,2642,2250
R,aa2c,229802154,6,2442,10086,-3270,6140,-887,1248
R,29c3,229802642,4,3620,6935,-8011,4343,2724,2319
R,29c3,229803863,2,1859,3422,-4200,4251,2769,2428
R,29c3,229806243,4,3803,6769,-8759,4176,2865,2549
R,29c3,229807434,2,1952,3331,-4542,4053,2950,2632
R,29c3,229808654,2,1984,3306,-4645,3978,2986,2721
R,aa2c,229809387,12,4549,20260,-5692,5872,-875,2044
R,29c3,229811065,4,4112,6509,-9612,3837,3188,2915
R,29c3,229812255,2,2103,3184,-5001,3778,3314,2981
R,29c3,229813446,2,2109,3135,-5124,3757,3437,3050
R,29c3,229814636,2,2125,3073,-5217,3738,3568,3110
R,29c3,229815856,2,2109,3039,-5318,3733,3710,3175
R,aa2c,229816619,12,3324,19011,-4710,6016,-672,2572
R,29c3,229817047,2,2104,3000,-5407,3728,3825,3188
R,29c3,229818237,2,2086,2964,-5515,3691,3955,3216
R,29c3,229819427,2,2054,2944,-5618,3703,4048,3236
R,aa2c,229820220,6,890,9060,-1997,6092,-553,2694
R,29c3,229820617,2,2012,2928,-5728,3652,4189,3241
R,29c3,229821838,2,1980,2921,-5818,3613,4316,3275
R,29c3,229823028,2,1918,2909,-5912,3577,4461,3286
R,aa2c,229823852,6,186,8860,-1577,6079,-586,2873
R,29c3,229824249,2,1867,2898,-5992,3510,4535,3318
R,29c3,229827819,6,5169,8605,-18415,3443,4805,3207
R,29c3,229829040,2,1595,2863,-6308,3456,4910,3189
R,29c3,229830230,2,1534,2884,-6393,3426,4939,3189
R,aa2c,229831115,12,-1691,17011,-2079,6099,-672,3051
R,29c3,229831420,2,1456,2885,-6456,3432,5010,3100
R,29c3,229832611,2,1397,2907,-6506,3442,5069,3098
R,29c3,229833831,2,1334,2919,-6575,3388,5150,3074
R,aa2c,229834716,6,-1757,8143,-436,6156,-733,3057
R,29c3,229835021,2,1264,2965,-6633,3388,5142,3107
R,29c3,229836242,2,1208,3005,-6692,3299,5215,3114
R,29c3,229837432,2,1160,3043,-6768,3251,5223,3083
R,aa2c,229838317,6,-2321,8023,-34,6183,-756,3055
R,29c3,229838623,2,1105,3086,-6836,3173,5200,3110
R,29c3,229839813,2,1060,3111,-6902,3085,5229,3155
R,29c3,229841033,2,1006,3131,-6957,3048,5291,3141
R,aa2c,229841949,6,-2979,8065,297,6142,-793,3060
R,29c3,229843414,4,1896,6365,-14089,2916,5359,3189
R,29c3,229844635,2,875,3200,-7136,2885,5433,3180
R,aa2c,229845581,6,-3667,8173,708,6152,-806,3028
R,29c3,229847015,4,1606,6429,-14478,2813,5628,3202
R,29c3,229848205,2,711,3236,-7305,2778,5720,3218
R,aa2c,229849182,6,-4455,8428,1002,6196,-749,2935
R,29c3,229851806,6,1712,9849,-22206,2803,6012,3107
R,aa2c,229852813,6,-5305,8898,1447,6257,-700,2898
R,29c3,229854217,4,723,6759,-14991,2829,6153,3024
R,29c3,229855407,2,214,3465,-7568,2853,6253,2976
R,aa2c,229856445,6,-6217,9588,1970,6281,-670,2786
R,29c3,229857818,4,129,7143,-15216,2850,6357,2879
R,29c3,229859008,2,-73,3705,-7634,2873,6423,2793
R,aa2c,229860046,6,-7143,10439,2533,6280,-656,2743
R,29c3,229861419,4,-501,7697,-15316,2927,6546,2635
R,29c3,229862609,2,-397,4025,-7682,2937,6605,2569
R,29c3,229865020,4,-1143,8471,-15355,2969,6714,2378
R,29c3,229866180,2,-731,4451,-7657,2965,6776,2313
R,29c3,229868591,4,-1845,9363,-15290,3008,6845,2111
R,29c3,229869812,2,-1100,4956,-7643,3057,6913,2013
R,29c3,229872192,4,-2606,10530,-15181,3124,7024,1816
R,29c3,229873382,2,-1510,5603,-7554,3142,7021,1703
R,aa2c,229874511,24,-38100,53181,18398,5927,-561,2258
R,29c3,229875793,4,-3481,11857,-15015,3155,7115,1525
R,29c3,229876983,2,-1980,6292,-7461,3214,7146,1432
R,29c3,229879394,4,-4500,13353,-14817,3254,7157,1220
R,29c3,229880584,2,-2511,7089,-7344,3255,7209,1127
R,29c3,229884185,6,-8767,22969,-21707,3323,7236,939
R,aa2c,229885406,18,-40188,55636,24660,5636,-645,1754
R,29c3,229886566,4,-6946,16815,-14217,3293,7159,862
R,29c3,229887786,2,-3829,8859,-7027,3228,7095,893
R,29c3,229890197,4,-8406,18672,-13882,3163,6938,1007
R,29c3,229891387,2,-4573,9806,-6858,3190,6817,1082
R,29c3,229893798,4,-9895,20606,-13538,3152,6563,1258
R,29c3,229894989,2,-5322,10789,-6664,3151,6357,1393
R,29c3,229897369,4,-11354,22558,-13140,3135,5947,1633
R,29c3,229898559,2,-6002,11796,-6496,3113,5716,1736
R,29c3,229900970,4,-12638,24671,-12885,3010,5359,2087
R,29c3,229902160,2,-6626,12890,-6376,2943,5173,2211
R,29c3,229904571,4,-13871,26796,-12656,2841,4710,2437
R,29c3,229905761,2,-7230,13910,-6275,2773,4605,2672
R,29c3,229908172,4,-15089,28798,-12503,2623,4237,2957
R,29c3,229909362,2,-7882,14910,-6247,2463,4066,3114
R,29c3,229912963,6,-25048,46585,-18762,2206,3434,3401
R,29c3,229914154,2,-8783,16132,-6265,2088,3246,3485
R,29c3,229915374,2,-8995,16415,-6259,2023,3032,3554
R,29c3,229916564,2,-9203,16684,-6261,1940,2832,3655
R,29c3,229917755,2,-9380,16951,-6285,1820,2594,3705
R,29c3,229918975,2,-9573,17209,-6327,1672,2409,3748
R,29c3,229921356,4,-19655,35141,-12749,1534,2025,3887
R,29c3,229922546,2,-10074,17918,-6377,1455,1844,3928
R,aa2c,229925201,66,-287433,364330,189022,3101,-4951,-249
R,29c3,229928558,10,-52297,92533,-32319,886,780,3929
R,29c3,229929748,2,-10683,18996,-6540,855,591,3930
R,29c3,229930938,2,-10682,19139,-6542,785,432,3935
R,29c3,229933349,4,-21342,38702,-13068,569,231,3933
R,29c3,229934539,2,-10662,19548,-6549,484,150,3867
R,29c3,229935760,2,-10665,19641,-6545,396,72,3865
R,aa2c,229936065,18,-111183,128398,63866,2622,-6625,-287
R,29c3,229936920,2,-10680,19753,-6564,308,25,3846
R,29c3,229938140,2,-10694,19833,-6551,278,-104,3869
R,29c3,229939331,2,-10731,19916,-6566,226,-171,3796
R,aa2c,229939666,6,-39436,43679,20317,2400,-7340,-294
R,29c3,229940521,2,-10749,20014,-6550,208,-291,3770
R,29c3,229941741,2,-10755,20099,-6568,142,-444,3741
R,29c3,229945343,6,-32219,60808,-19551,9,-769,3653
R,29c3,229946533,2,-10688,20429,-6489,-62,-916,3600
R,29c3,229947723,2,-10654,20501,-6470,-127,-1071,3575
R,29c3,229950134,4,-21063,41202,-12829,-228,-1375,3499
R,aa2c,229950531,18,-121182,132425,53611,1867,-9942,-273
R,29c3,229951324,2,-10361,20682,-6362,-240,-1535,3483
R,29c3,229953735,4,-20253,41566,-12525,-360,-1761,3480
R,29c3,229954925,2,-9832,20886,-6168,-413,-1905,3536
R,29c3,229956115,2,-9647,20947,-6119,-525,-1958,3540
R,29c3,229957336,2,-9440,20996,-6087,-616,-2062,3544
R,aa2c,229957763,12,-76058,88552,26386,1639,-11377,-196
R,aa2c,229961395,6,-34303,44127,9569,1453,-11902,-123
R,29c3,229962127,8,-35502,84205,-23611,-937,-2222,3743
R,29c3,229963317,2,-8286,21096,-5689,-1009,-2331,3798
R,29c3,229964538,2,-8075,21089,-5611,-1141,-2379,3841
R,aa2c,229964996,6,-31064,43805,6980,1349,-12251,-43
R,29c3,229965698,2,-7839,21079,-5519,-1259,-2444,3903
R,29c3,229966918,2,-7600,21077,-5413,-1344,-2501,3954
R,29c3,229968109,2,-7375,21042,-5310,-1432,-2535,4031
R,aa2c,229968627,6,-27356,43427,4315,1171,-12390,5
R,29c3,229970520,4,-14083,41979,-10391,-1600,-2610,4185
R,29c3,229971710,2,-6721,20945,-5080,-1653,-2664,4226
R,29c3,229974121,4,-12850,41770,-9913,-1817,-2761,4350
R,29c3,229975311,2,-6148,20859,-4836,-1992,-2806,4444
R,aa2c,229975860,12,-42898,85686,118,731,-12257,406
R,29c3,229976531,2,-5978,20803,-4789,-2077,-2897,4464
R,29c3,229977722,2,-5783,20770,-4736,-2164,-2976,4552
R,29c3,229978912,2,-5609,20722,-4656,-2286,-3050,4554
R,aa2c,229979492,6,-15546,42113,-4310,616,-11982,659
R,29c3,229980102,2,-5445,20647,-4585,-2357,-3107,4642
R,29c3,229981323,2,-5263,20576,-4499,-2352,-3208,4723
R,aa2c,229983123,6,-11688,41332,-7238,460,-11654,911
R,29c3,229983703,4,-9979,41055,-8808,-2377,-3364,4869
R,29c3,229988494,8,-17720,81939,-16756,-2640,-3812,5142
R,29c3,229989715,2,-3947,20444,-3975,-2696,-3923,5250
R,aa2c,229990356,12,-12004,78878,-21816,38,-10846,1503
R,29c3,229992095,4,-7251,40825,-7715,-2909,-4209,5327
R,29c3,229993286,2,-3282,20370,-3736,-2979,-4360,5414
R,29c3,229994506,2,-3041,20352,-3662,-3015,-4563,5521
R,29c3,229995697,2,-2799,20321,-3558,-3066,-4734,5642
R,aa2c,229997589,12,2319,71581,-29791,-232,-10075,1858
R,29c3,229999298,6,-6881,60861,-10388,-3343,-5300,5922
R,29c3,230000518,2,-1724,20254,-3392,-3397,-5511,6023
R,29c3,230001678,2,-1394,20202,-3319,-3489,-5706,6181
R,29c3,230004089,4,-1775,40344,-6440,-3835,-6191,6355
R,29c3,230006469,4,-238,40069,-6272,-4044,-6734,6518
R,29c3,230007690,2,534,19892,-3071,-4105,-6964,6723
R,aa2c,230008453,18,25898,93721,-57230,-413,-8866,1463
R,29c3,230008880,2,1015,19817,-3053,-4139,-7213,6793
R,29c3,230012481,6,6185,59093,-9104,-4761,-7760,7209
R,29c3,230013671,2,3161,19492,-3081,-4972,-7973,7245
R,29c3,230014892,2,3771,19341,-3094,-5134,-8160,7324
R,aa2c,230015686,12,29467,58513,-47066,-477,-7995,835
R,29c3,230017272,4,9594,38120,-6254,-5464,-8454,7453
R,29c3,230018463,2,5864,18780,-3133,-5559,-8499,7568
R,29c3,230022064,6,22121,54928,-9528,-6063,-8325,7863
R,aa2c,230022949,12,38689,58138,-52474,-659,-6959,104
R,29c3,230023254,2,8861,17815,-3255,-6206,-8217,7969
R,29c3,230024475,2,9583,17540,-3293,-6402,-8048,7997
R,29c3,230025665,2,10289,17230,-3336,-6534,-7889,8081
R,aa2c,230026550,6,22261,28910,-27954,-786,-6409,-301
R,29c3,230026855,2,10978,16896,-3390,-6696,-7723,8125
R,29c3,230028106,2,11657,16524,-3410,-6819,-7491,8163
R,29c3,230029266,2,12348,16151,-3482,-6871,-7184,8239
R,29c3,230032867,6,40760,46314,-10849,-7333,-5926,8545
R,aa2c,230037414,18,74076,86740,-89609,-1095,-4899,-1319
R,aa2c,230044647,12,51622,58501,-64162,-1351,-3852,-1740
R,29c3,230047241,24,194566,142661,-48278,-9464,-1184,8593
R,aa2c,230048278,6,24922,29944,-33593,-1667,-3330,-1967
R,29c3,230049652,4,33873,15246,-8786,-9674,-866,8355
R,29c3,230050842,2,16910,6584,-4467,-9793,-707,8240
R,29c3,230053253,4,33852,11031,-9047,-10004,-646,7850
R,aa2c,230055511,12,45920,63588,-71635,-1942,-1816,-1980
R,29c3,230056854,6,51178,10937,-13911,-10278,-521,6989
R,29c3,230058044,2,17218,2088,-4805,-10307,-370,6701
R,29c3,230060455,4,34473,1844,-10060,-9875,28,6357
R,29c3,230064056,6,49570,-3215,-16659,-7639,658,7026
R,29c3,230065216,2,14824,-2411,-6776,-6827,609,7275
R,29c3,230067626,4,25436,-6110,-17560,-5066,-121,7913
R,29c3,230068847,2,10134,-3486,-11366,-4706,-1439,7374
R,29c3,230071228,4,16275,-6843,-29444,-4151,-5075,5978
R,29c3,230072418,2,7130,-3088,-18040,-4568,-7475,4948
R,29c3,230074829,4,16114,-4766,-42072,-7531,-13070,2165
R,29c3,230076049,2,10963,-1330,-23824,-10116,-15440,568
R,29c3,230078430,4,32142,-563,-52716,-17251,-16947,-2981
R,29c3,230079620,2,22315,508,-29036,-20841,-15740,-4371
R,29c3,230082031,4,58010,2072,-63432,-27180,-9426,-6119
R,29c3,230085601,6,112625,4296,-104332,-32763,5441,-7274
R,29c3,230086822,2,40591,1623,-37937,-32763,8740,-10229
R,29c3,230089233,4,85896,5607,-87451,-32763,14642,-15844
R,29c3,230090423,2,47345,4955,-48757,-32763,19004,-19897
R,29c3,230091613,2,51891,6614,-49890,-32763,24135,-24284
R,29c3,230092834,2,57456,8076,-48201,-32763,29994,-29052
R,29c3,230094024,2,63616,9549,-43520,-32763,32750,-31553
R,29c3,230096405,4,131056,23397,-66288,-32762,32750,-29691
R,29c3,230097595,2,65528,12948,-22525,-32762,32750,-26510
R,29c3,230100006,4,131056,23836,-28827,-32762,32750,-20852
R,29c3,230101196,2,65347,9373,-9264,-32762,32750,-18186
R,29c3,230102416,2,61860,7437,-7395,-32762,32750,-15773
R,29c3,230103607,2,56376,5748,-5748,-32762,32750,-13540
R,29c3,230104797,2,50076,3930,-4011,-32762,32750,-12493
R,aa2c,230106201,84,-768743,1041997,-261893,-1492,-32764,12028
R,29c3,230109619,8,130544,-2382,4389,-28302,32750,-5900
R,29c3,230110809,2,13945,-4706,5803,-26088,32750,-4886
R,29c3,230111999,2,6203,-6309,7186,-25081,32750,-4641
R,29c3,230114410,4,-9077,-17834,17356,-24478,32750,-5575
R,29c3,230115570,2,-14098,-11819,9720,-24190,32750,-5132
R,29c3,230116790,2,-20205,-13985,10019,-23883,32750,-5175
R,29c3,230117980,2,-26177,-16195,10030,-22797,32750,-6749
R,29c3,230119201,2,-31304,-18240,9960,-21119,32750,-7732
R,29c3,230120391,2,-35267,-19882,9832,-19295,32750,-8202
R,29c3,230121582,2,-38475,-21018,9725,-17788,32750,-8084
R,29c3,230122802,2,-41594,-21939,9669,-16321,32750,-8040
R,29c3,230123992,2,-44751,-22558,9638,-14960,30571,-9271
R,aa2c,230124267,30,-195704,639639,233612,-30761,-29721,32764
R,29c3,230125183,2,-47297,-22869,9612,-13355,25177,-11066
R,29c3,230126373,2,-48638,-22837,9700,-11948,21985,-10645
R,29c3,230127593,2,-49442,-22537,9698,-10432,18086,-10569
R,aa2c,230127899,6,-77365,80791,-9738,-31917,-32764,32764
R,29c3,230129974,4,-99758,-42787,19906,-7784,8991,-10849
R,29c3,230131195,2,-48652,-19815,10233,-6711,4632,-10840
R,aa2c,230131530,6,-54555,39035,-16639,-32763,-32764,32764
R,29c3,230132385,2,-46730,-18568,10487,-6205,278,-10610
R,29c3,230133575,2,-44139,-17359,10747,-5817,-4481,-10985
R,29c3,230134765,2,-40571,-16162,10982,-5327,-8974,-11518
R,aa2c,230135131,6,-10985,-7151,-16775,-22490,-31040,32764
R,29c3,230135955,2,-35916,-14870,11334,-4907,-12719,-12548
R,29c3,230137176,2,-30217,-13579,11877,-4489,-15351,-13118
R,29c3,230138366,2,-24020,-12322,12700,-4049,-16804,-13499
R,aa2c,230138732,6,35292,-36475,-16930,-10853,-21626,31054
R,29c3,230139556,2,-17494,-11090,13703,-3435,-16527,-13022
R,29c3,230141967,4,-16822,-18510,30346,-2611,-11421,-10240
R,aa2c,230142364,6,66399,-45022,-16807,-9968,-11057,22574
R,29c3,230143157,2,-1163,-7456,16091,-2429,-7913,-8728
R,29c3,230144378,2,2180,-6361,16237,-2217,-4678,-7365
R,29c3,230145568,2,4497,-5356,16229,-2065,-1825,-6155
R,aa2c,230145996,6,76553,-47686,-16125,-10407,-5740,15683
R,29c3,230148010,4,12668,-8230,32238,-1773,2773,-4199
R,29c3,230149169,2,6884,-3159,15922,-1596,4473,-3353
R,29c3,230150360,2,6581,-2617,15768,-1572,5794,-2707
R,29c3,230152770,4,10895,-4211,30950,-1570,7750,-1867
R,29c3,230155181,4,5851,-3479,29856,-1517,8918,-1166
R,29c3,230156372,2,328,-1652,14256,-1644,9125,-986
R,aa2c,230156860,18,206685,-159553,-52540,-6595,-4875,7289
R,29c3,230157562,2,-1755,-1682,13706,-1491,8093,-1532
R,29c3,230159973,4,-8948,-3286,25422,-686,5674,-2181
R,29c3,230161163,2,-6717,-1390,11713,-283,4457,-2538
R,29c3,230163574,4,-16480,-1969,21498,421,1834,-3441
R,aa2c,230164123,12,116373,-118120,-38853,-3283,-6959,4602
R,29c3,230164733,2,-9101,-442,9903,699,570,-3819
R,29c3,230165954,2,-9182,11,9431,1221,-342,-4133
R,29c3,230167144,2,-8961,459,9126,1516,-1027,-4160
R,aa2c,230167724,6,63876,-60676,-17219,-2512,-6072,3648
R,29c3,230168334,2,-8594,951,8930,1725,-1940,-4571
R,29c3,230170745,4,-14853,3577,17547,2649,-3317,-4591
R,aa2c,230171325,6,69188,-61289,-14791,-1514,-4604,2302
R,29c3,230171936,2,-5753,2789,8918,2935,-3275,-4279
R,29c3,230173156,2,-4594,3496,9131,2765,-3210,-4085
R,29c3,230174346,2,-3513,4112,9281,2529,-2722,-3739
R,aa2c,230174957,6,72970,-61887,-11535,-1660,-1829,2074
R,29c3,230175567,2,-2588,4651,9333,2279,-2223,-3402
R,29c3,230177947,4,-3177,10436,18628,1692,-1601,-2992
R,aa2c,230178558,6,69557,-63587,-10628,-1322,-613,1436
R,29c3,230179138,2,-841,5679,9108,1751,-1494,-2672
R,29c3,230181549,4,-497,12220,17920,1682,-885,-1933
R,aa2c,230182189,6,63092,-65457,-9193,-837,440,244
R,29c3,230183959,4,326,13254,17378,1377,-225,-1513
R,29c3,230185119,2,239,6953,8328,1296,77,-1203
R,aa2c,230185821,6,55260,-66856,-7979,-142,631,-1054
R,29c3,230188751,6,14,21954,23364,895,394,-736
R,aa2c,230189422,6,47976,-67290,-7123,816,463,-2477
R,29c3,230189941,2,-318,7636,7260,808,422,-616
R,29c3,230194732,8,-2711,31914,26870,674,530,6
R,29c3,230195922,2,-1044,8364,6128,559,564,143
R,29c3,230197143,2,-1178,8502,5876,383,565,291
R,29c3,230198333,2,-1317,8614,5648,250,554,488
R,29c3,230199554,2,-1432,8716,5435,112,560,571
R,29c3,230200714,2,-1525,8792,5236,-10,542,723
R,29c3,230203125,4,-3245,17782,9925,-121,520,976
R,aa2c,230203918,24,151046,-243390,-20474,4014,267,-6480
R,29c3,230204315,2,-1680,8968,4703,-182,600,1128
R,29c3,230206726,4,-3503,18112,8863,-333,762,1529
R,aa2c,230207550,6,34439,-49074,-2126,4526,722,-7024
R,29c3,230207885,2,-1841,9107,4188,-463,803,1643
R,29c3,230209106,2,-1917,9132,4019,-533,789,1721
R,29c3,230210327,2,-1976,9154,3863,-563,822,1847
R,aa2c,230211151,6,34077,-43176,-593,5034,1242,-7269
R,29c3,230211517,2,-2040,9133,3695,-661,850,1978
R,29c3,230213928,4,-4284,18290,6985,-719,985,2282
R,aa2c,230214782,6,33254,-36883,882,5497,2086,-7241
R,29c3,230215087,2,-2271,9142,3261,-780,967,2399
R,29c3,230216308,2,-2365,9126,3103,-787,1063,2540
R,29c3,230217498,2,-2469,9103,2962,-885,1142,2711
R,aa2c,230218383,6,31244,-30182,2335,5629,2815,-7048
R,29c3,230218688,2,-2618,9070,2828,-960,1125,2821
R,29c3,230221099,4,-5705,17972,5161,-1136,1083,3004
R,aa2c,230222015,6,28190,-23634,3756,5633,3174,-6812
R,29c3,230222290,2,-3059,8877,2344,-1156,1008,3113
R,29c3,230223510,2,-3192,8813,2210,-1191,1023,3198
R,29c3,230224700,2,-3327,8725,2098,-1267,1031,3350
R,29c3,230225891,2,-3510,8623,1928,-1318,996,3446
R,29c3,230227081,2,-3678,8497,1763,-1290,940,3531
R,29c3,230228302,2,-3855,8396,1615,-1261,845,3619
R,aa2c,230229248,12,45194,-29482,12282,5408,3846,-5774
R,29c3,230231903,6,-12489,24614,3903,-1177,539,3866
R,aa2c,230232879,6,16008,-6749,8277,5235,4070,-5163
R,aa2c,230240081,12,19800,-981,22536,4141,4937,-2725
R,29c3,230241485,16,-37466,62702,5237,-1050,-2164,4881
R,29c3,230242706,2,-4619,7759,250,-1198,-2656,5160
R,29c3,230245086,4,-8859,15353,-91,-1825,-3168,5575
R,29c3,230246276,2,-4270,7447,-464,-2076,-3345,5744
R,29c3,230248687,4,-8251,14078,-2066,-2431,-3559,5866
R,29c3,230249877,2,-3966,6559,-1606,-2565,-3611,5818
R,29c3,230252288,4,-7540,12065,-4364,-2397,-3579,5695
R,29c3,230259490,12,-18984,29949,-20726,-1622,-1957,4926
R,29c3,230263092,6,-8652,13295,-13970,-1613,-1452,4547
R,29c3,230264282,2,-2891,4366,-5132,-1809,-1253,4459
R,29c3,230266662,4,-5879,8614,-10988,-1921,-1196,4204
R,29c3,230270263,6,-8745,12753,-18498,-2044,-1214,4086
R,29c3,230271453,2,-2831,4249,-6666,-2176,-1184,4048
R,29c3,230273864,4,-5517,8442,-14036,-2424,-1166,4048
R,29c3,230275054,2,-2690,4206,-7396,-2537,-1224,4000
R,29c3,230277465,4,-5222,8355,-15639,-2890,-1351,3946
R,29c3,230281066,6,-7029,12569,-25788,-3363,-1578,3705
R,29c3,230284667,6,-5403,12900,-28450,-4154,-1346,3602
R,29c3,230291870,12,-4072,27176,-65669,-6126,-246,3097
R,29c3,230295440,6,2139,14742,-36935,-7191,1136,3302
R,29c3,230296630,2,1274,5077,-12927,-7564,1550,3392
R,29c3,230302642,10,8870,26699,-68838,-10871,3860,4743
R,29c3,230306243,6,5611,15931,-47420,-11897,4458,4835
R,29c3,230307434,2,2370,5064,-16130,-12262,4971,5068
R,29c3,230308624,2,2788,4900,-16021,-12673,5499,5116
R,29c3,230309844,2,3333,4735,-15926,-12953,6174,5243
R,29c3,230311035,2,3920,4554,-15758,-13064,6946,5429
R,29c3,230314636,6,15251,12762,-45123,-14019,9419,5535
R,aa2c,230316101,126,-532449,341960,411222,-117,-4998,9567
R,29c3,230317016,4,13167,7832,-27567,-14620,11490,6099
R,29c3,230318237,2,7320,3699,-12875,-14907,12569,6486
R,29c3,230319427,2,7690,3527,-12235,-15351,13538,6635
R,aa2c,230319702,6,-57571,31368,24663,-547,-6820,9644
R,29c3,230320617,2,7929,3281,-11573,-15608,14392,6858
R,aa2c,230323364,6,-56753,32489,27255,-1265,-7441,10216
R,29c3,230324218,6,24240,8142,-30584,-16596,17107,7918
R,29c3,230325408,2,7696,1941,-8835,-16777,17611,8067
R,aa2c,230326965,6,-55202,34247,28828,-1282,-8860,10021
R,29c3,230327819,4,14520,2566,-15510,-17157,18661,9282
R,29c3,230329010,2,6636,523,-6609,-17432,18551,9537
R,aa2c,230330596,6,-51913,36674,30266,-1293,-11389,9044
R,29c3,230331420,4,12028,-667,-10840,-17966,18569,10528
R,29c3,230332611,2,5428,-1233,-4210,-18403,18471,10977
R,29c3,230333831,2,4980,-2004,-3414,-18571,18112,11321
R,aa2c,230334197,6,-47296,39440,31682,-2064,-12859,9221
R,aa2c,230337829,6,-42273,41915,32304,-2690,-14078,9399
R,29c3,230339813,10,20119,-21217,-6401,-18767,15100,12753
R,29c3,230341003,2,3604,-6464,724,-18798,14586,13050
R,aa2c,230341430,6,-37460,44284,31962,-3711,-15408,10280
R,29c3,230342193,2,3579,-7176,1365,-18799,13991,13298
R,29c3,230346984,8,14438,-35384,11023,-19333,11812,14518
R,29c3,230348205,2,3737,-10449,3997,-19704,11244,14917
R,29c3,230349395,2,3787,-11168,4370,-20239,10920,15546
R,29c3,230350616,2,3740,-11860,4598,-20836,10425,15961
R,29c3,230351776,2,3710,-12657,4717,-21224,9849,16260
R,aa2c,230352325,18,-81397,137045,82950,-6806,-19216,13272
R,29c3,230352966,2,3765,-13451,4766,-21694,9400,16605
R,29c3,230354187,2,3879,-14320,4848,-21859,8908,16730
R,aa2c,230355926,6,-15437,42547,20385,-7719,-20172,14499
R,29c3,230357788,6,13271,-48451,15834,-22120,8421,17316
R,29c3,230360198,4,9987,-37161,12103,-21861,8267,17658
R,29c3,230361389,2,5226,-20010,6469,-21819,8330,17801
R,29c3,230362609,2,5284,-20940,6722,-21708,8171,17853
R,aa2c,230363159,12,-12553,69768,22983,-9226,-20515,18353
R,29c3,230364990,4,10732,-44638,14242,-21619,7865,17693
R,aa2c,230366790,6,2129,23509,1896,-9618,-20351,19621
R,29c3,230367370,4,10940,-48309,15382,-21498,7463,17592
R,29c3,230369781,4,11132,-51847,16535,-21478,6854,17720
R,29c3,230370971,2,5668,-27192,8705,-21611,6484,17702
R,29c3,230373382,4,11641,-56992,18330,-21924,5773,17736
R,aa2c,230374023,12,23066,16892,-13088,-10421,-19232,21061
R,29c3,230374603,2,5973,-29807,9607,-22069,5351,17649
R,29c3,230375793,2,6098,-30680,9876,-22177,5004,17723
R,29c3,230376983,2,6167,-31541,10129,-22268,4562,17681
R,29c3,230379394,4,12598,-65621,20726,-22371,3651,17579
R,29c3,230380584,2,6483,-34028,10577,-22422,3217,17523
R,29c3,230384185,6,20440,-106878,32687,-22919,1946,17150
R,aa2c,230384887,18,86621,-63996,-48456,-9400,-15635,19445
R,29c3,230386566,4,14683,-75337,22522,-23170,1007,16562
R,29c3,230387756,2,7717,-38941,11431,-23167,705,16220
R,29c3,230390167,4,16120,-80265,23100,-23105,-7,15286
R,29c3,230391357,2,8385,-41295,11588,-22905,-321,14799
R,29c3,230392578,2,8607,-42001,11616,-22660,-628,14300
R,29c3,230393768,2,8835,-42667,11641,-22515,-892,13647
R,29c3,230396179,4,18357,-87289,23242,-22251,-1241,12313
R,29c3,230397369,2,9492,-44576,11592,-22017,-1448,11567
R,29c3,230398590,2,9696,-45160,11571,-21856,-1615,10743
R,29c3,230402160,6,30190,-138530,34505,-20877,-1999,8438
R,29c3,230403350,2,10440,-47021,11397,-20422,-2133,7751
R,29c3,230404571,2,10637,-47346,11333,-19962,-2111,7240
R,29c3,230405761,2,10817,-47599,11261,-19638,-2157,6815
R,29c3,230406951,2,10955,-47792,11179,-19443,-2269,6362
R,29c3,230408172,2,11073,-47955,11122,-19242,-2376,5975
R,29c3,230409362,2,11201,-48122,11019,-19044,-2590,5580
R,aa2c,230410217,42,326277,-428808,-176892,-3493,-8240,7132
R,29c3,230410552,2,11306,-48254,10940,-18878,-2868,5098
R,29c3,230411743,2,11437,-48365,10849,-18720,-3163,4588
R,29c3,230412963,2,11583,-48469,10722,-18476,-3442,3978
R,aa2c,230413848,6,42127,-71892,-26811,-2740,-8901,5637
R,29c3,230415344,4,23711,-97044,21010,-17687,-4081,2625
R,aa2c,230417480,6,40084,-71974,-26673,-1835,-9365,4400
R,29c3,230418945,6,37059,-144983,29814,-15957,-4017,957
R,29c3,230420135,2,12622,-47907,9323,-15278,-3886,532
R,aa2c,230421081,6,37925,-70896,-26966,-1139,-9982,3220
R,29c3,230422546,4,25307,-94887,17688,-13982,-3676,-320
R,29c3,230423736,2,12605,-46916,8403,-13489,-3624,-826
R,aa2c,230424713,6,35826,-68667,-28099,-685,-10601,2018
R,29c3,230426147,4,24969,-92762,15862,-12561,-3669,-2050
R,29c3,230427337,2,12356,-45843,7474,-12034,-3744,-2698
R,aa2c,230428314,6,34220,-65473,-30024,-289,-11093,998
R,29c3,230429748,4,24476,-90504,13956,-10754,-3876,-3949
R,29c3,230430938,2,12154,-44620,6459,-10040,-3930,-4526
R,aa2c,230431945,6,33184,-61467,-32571,61,-11360,151
R,aa2c,230435577,6,32477,-56796,-35612,424,-11421,-480
R,29c3,230436950,10,60884,-214704,27227,-6218,-4360,-7303
R,29c3,230438140,2,12420,-40969,4376,-5500,-4433,-7767
R,29c3,230440521,4,25378,-79595,7804,-4183,-4648,-8564
R,29c3,230444122,6,40007,-113075,9027,-2419,-4828,-9348
R,29c3,230445312,2,14002,-35915,2297,-1908,-4761,-9460
R,29c3,230451324,10,75084,-165405,6182,156,-3945,-9234
R,29c3,230452514,2,15921,-30134,75,415,-3618,-8993
R,29c3,230454925,4,32342,-57441,-1035,667,-2867,-8466
R,29c3,230458526,6,49095,-79287,-4534,890,-1498,-7428
R,29c3,230459716,2,16312,-24737,-2305,894,-1021,-7016
R,29c3,230463317,6,48077,-69824,-9221,449,410,-5843
R,29c3,230465698,4,31086,-43478,-7800,88,1324,-5092
R,29c3,230466888,2,15203,-21037,-4326,-91,1829,-4765
R,29c3,230469299,4,29648,-40882,-9475,-309,2707,-4187
R,29c3,230470489,2,14416,-19895,-5122,-416,3077,-3885
R,29c3,230472900,4,28122,-38797,-10927,-440,3801,-3307
R,29c3,230474090,2,13749,-18912,-5689,-458,4038,-2910
R,29c3,230476501,4,27069,-36855,-11650,-632,4456,-2225
R,29c3,230477691,2,13363,-17967,-5948,-845,4630,-1833
R,29c3,230480102,4,26594,-35046,-12120,-1233,4942,-1070
R,29c3,230481292,2,13281,-17103,-6127,-1426,5119,-634
R,29c3,230483703,4,26720,-33477,-12333,-1796,5661,78
R,29c3,230484893,2,13461,-16446,-6158,-2051,5974,532
R,29c3,230488494,6,40710,-48542,-18394,-2871,7014,1764
R,29c3,230489685,2,13677,-16052,-6028,-3199,7383,2187
R,29c3,230490905,2,13711,-16087,-5939,-3533,7731,2563
R,29c3,230493286,4,27459,-32479,-11464,-4125,8447,3186
R,29c3,230494476,2,13701,-16472,-5527,-4408,8808,3450
R,29c3,230495666,2,13627,-16675,-5412,-4648,9182,3664
R,29c3,230496887,2,13527,-16889,-5290,-4760,9629,3796
R,29c3,230498077,2,13398,-17135,-5170,-4829,10051,3822
R,29c3,230499267,2,13221,-17379,-5027,-4787,10517,3881
R,29c3,230500488,2,12981,-17602,-4887,-4723,10989,3847
R,29c3,230501678,2,12700,-17814,-4720,-4558,11477,3677
R,29c3,230502868,2,12392,-18002,-4527,-4385,11981,3532
R,29c3,230504089,2,12005,-18176,-4342,-4196,12458,3299
R,29c3,230505279,2,11585,-18296,-4139,-3962,12923,3037
R,29c3,230507690,4,21669,-36852,-7596,-3429,13806,2403
R,29c3,230508880,2,10007,-18493,-3453,-3231,14112,2011
R,29c3,230510070,2,9409,-18486,-3201,-3042,14400,1565
R,29c3,230511260,2,8821,-18447,-2966,-2830,14620,1117
R,aa2c,230511566,126,435782,-434294,-1103762,-140,3893,9272
R,29c3,230512481,2,8190,-18394,-2693,-2640,14760,629
R,29c3,230513671,2,7596,-18314,-2416,-2430,14855,117
R,29c3,230514862,2,7009,-18202,-2138,-2191,14949,-401
R,29c3,230518463,6,17870,-53711,-4623,-1464,14694,-1889
R,aa2c,230518798,12,15386,-43598,-86310,1043,5182,8081
R,29c3,230519653,2,5070,-17483,-940,-1240,14562,-2359
R,29c3,230520874,2,4727,-17253,-590,-1037,14406,-2785
R,29c3,230522064,2,4460,-16984,-208,-825,14210,-3153
R,aa2c,230522430,6,5282,-22188,-38341,1558,5526,7548
R,29c3,230523254,2,4246,-16678,168,-707,14010,-3483
R,29c3,230524444,2,4097,-16356,542,-579,13771,-3804
R,29c3,230525634,2,3985,-16021,901,-494,13544,-4037
R,aa2c,230526031,6,3099,-21822,-35133,1802,5409,7220
R,29c3,230526824,2,3895,-15676,1242,-431,13308,-4177
R,29c3,230528045,2,3847,-15310,1550,-369,13074,-4221
R,29c3,230529266,2,3816,-14933,1865,-370,12851,-4185
R,aa2c,230529663,6,794,-21491,-31801,1811,4792,7117
R,29c3,230530456,2,3823,-14564,2191,-352,12605,-4094
R,29c3,230531646,2,3820,-14201,2507,-349,12403,-3974
R,29c3,230532836,2,3803,-13846,2816,-375,12262,-3830
R,aa2c,230533264,6,-1037,-21490,-29118,1888,4064,6999
R,29c3,230535247,4,7538,-26744,6369,-456,12054,-3401
R,29c3,230536437,2,3683,-12954,3508,-538,12009,-3267
R,aa2c,230536895,6,-2519,-21664,-27215,1990,3402,6876
R,29c3,230538879,4,6945,-25233,7571,-727,11933,-2865
R,29c3,230540039,2,3155,-12353,4088,-825,11929,-2678
R,aa2c,230540527,6,-3688,-21937,-25720,2350,3070,6487
R,29c3,230541259,2,2878,-12198,4243,-841,11893,-2481
R,29c3,230542449,2,2542,-12083,4373,-795,11788,-2338
R,29c3,230543640,2,2193,-11978,4468,-746,11685,-2235
R,aa2c,230544128,6,-4774,-22130,-24736,2797,2907,6007
R,29c3,230544830,2,1792,-11874,4554,-699,11558,-2166
R,29c3,230546020,2,1377,-11763,4586,-592,11367,-2072
R,29c3,230547241,2,960,-11658,4632,-505,11140,-2035
R,aa2c,230547760,6,-5702,-21895,-23827,3206,2839,5391
R,29c3,230552032,8,46,-45508,19020,-283,9889,-1956
R,29c3,230553222,2,-803,-11128,4817,-270,9533,-2000
R,29c3,230554443,2,-1040,-11034,4822,-199,9202,-2050
R,29c3,230556823,4,-2635,-21820,9637,-67,8613,-2169
R,29c3,230558044,2,-1545,-10760,4806,17,8350,-2220
R,aa2c,230558624,18,-21360,-61495,-65914,4252,2835,4097
R,29c3,230559234,2,-1658,-10658,4754,61,8090,-2281
R,29c3,230560424,2,-1757,-10585,4760,154,7915,-2342
R,29c3,230561645,2,-1833,-10489,4713,216,7734,-2410
R,aa2c,230562255,6,-8224,-17966,-20313,4492,2962,3831
R,29c3,230562805,2,-1901,-10400,4657,262,7549,-2509
R,29c3,230566406,6,-6052,-30610,13655,713,7177,-2741
R,29c3,230568817,4,-4313,-19758,8755,966,6964,-2985
R,aa2c,230569488,12,-18417,-30951,-38136,4780,3161,3760
R,aa2c,230573120,6,-10187,-13072,-17657,4805,3113,3925
R,29c3,230573608,8,-9168,-37600,16537,1368,6570,-3467
R,29c3,230574829,2,-2380,-8967,3907,1447,6448,-3520
R,aa2c,230576721,6,-10783,-11744,-16609,4851,2924,4156
R,29c3,230577209,4,-4750,-17397,7599,1631,6300,-3769
R,29c3,230578399,2,-2373,-8412,3694,1682,6230,-3880
R,29c3,230580810,4,-4690,-16285,7041,1825,6217,-4126
R,29c3,230582000,2,-2324,-7862,3386,1913,6232,-4283
R,29c3,230583221,2,-2312,-7674,3287,1999,6241,-4375
R,29c3,230584411,2,-2307,-7465,3206,2099,6305,-4514
R,29c3,230585601,2,-2299,-7259,3131,2217,6332,-4649
R,29c3,230586791,2,-2319,-7031,3041,2349,6394,-4808
R,aa2c,230587585,18,-34414,-29199,-44792,4865,1997,4828
R,29c3,230587982,2,-2345,-6792,2945,2467,6440,-4925
R,29c3,230590423,4,-4819,-12859,5579,2662,6576,-5239
R,aa2c,230591217,6,-11432,-8092,-13668,4925,1698,4941
R,29c3,230593994,6,-7662,-17333,7744,2942,6761,-5726
R,29c3,230595214,2,-2715,-5236,2450,3041,6804,-5921
R,29c3,230596405,2,-2815,-4956,2346,3115,6837,-6141
R,29c3,230597625,2,-2942,-4678,2257,3190,6946,-6340
R,aa2c,230598449,12,-20633,-13859,-26177,4973,1490,5035
R,29c3,230598785,2,-3071,-4396,2153,3332,7019,-6592
R,29c3,230600006,2,-3218,-4096,2048,3432,7100,-6810
R,aa2c,230602081,6,-8403,-5804,-12424,5055,1601,5042
R,29c3,230603576,6,-10601,-10340,5704,3926,7226,-7556
R,29c3,230604797,2,-3884,-2746,1764,4036,7192,-7762
R,aa2c,230605682,6,-6776,-4966,-11865,5165,1901,4975
R,29c3,230605987,2,-4053,-2360,1679,4195,7191,-7964
R,29c3,230607177,2,-4220,-1973,1571,4295,7167,-8185
R,29c3,230608398,2,-4369,-1570,1471,4396,7127,-8370
R,aa2c,230609313,6,-5176,-3985,-11209,5302,2285,4827
R,29c3,230610778,4,-9136,-1869,2744,4618,7004,-8751
R,29c3,230611999,2,-4742,-269,1297,4695,6951,-8903
R,29c3,230614379,4,-9751,811,2409,4893,6826,-9196
R,aa2c,230616546,12,-5956,-4545,-19383,5643,3302,4533
R,29c3,230617980,6,-15152,4825,2942,5212,6644,-9609
R,29c3,230620391,4,-10331,5767,1587,5415,6580,-9849
R,29c3,230621582,2,-5239,3703,712,5486,6554,-9965
R,aa2c,230623779,12,-1958,868,-13861,5862,4202,4256
R,29c3,230625183,6,-16043,14378,1639,5602,6647,-10449
R,29c3,230626373,2,-5547,5923,333,5686,6713,-10803
R,29c3,230628784,4,-11739,13628,323,5988,6993,-11813
R,29c3,230629974,2,-6367,7821,-50,6318,7153,-12496
R,29c3,230632385,4,-14186,17970,-753,7191,7387,-14035
R,29c3,230635986,6,-25879,34192,-3128,8522,6957,-16333
R,29c3,230639556,6,-30835,44927,-5441,8979,5593,-18493
R,29c3,230640777,2,-10932,17619,-2192,8920,5026,-19134
R,29c3,230643157,4,-22067,39270,-4972,8559,3966,-20179
R,29c3,230644348,2,-10903,21688,-2738,8346,3496,-20530
R,29c3,230646759,4,-20972,47472,-5911,7750,2701,-21038
R,29c3,230647949,2,-9902,25797,-3118,7494,2382,-21174
R,29c3,230649169,2,-9391,27180,-3210,7074,2151,-21200
R,29c3,230650360,2,-8857,28534,-3331,6677,1961,-21205
R,29c3,230651550,2,-8274,29893,-3404,6188,1796,-21118
R,29c3,230653961,4,-14763,63767,-7055,5116,1588,-20779
R,29c3,230655151,2,-6468,33842,-3680,4532,1578,-20534
R,29c3,230664733,16,-32586,313293,-33816,-1256,1204,-17635
R,29c3,230671936,12,-4137,275413,-32056,-6307,1157,-14756
R,29c3,230673126,2,974,48335,-6029,-7169,1185,-14248
R,29c3,230675537,4,3334,98149,-12654,-8785,1468,-13176
R,29c3,230677947,4,5134,99707,-13435,-10105,2086,-11944
R,29c3,230680328,4,6611,100930,-14306,-11326,2770,-10413
R,29c3,230681518,2,3822,50901,-7563,-12011,3127,-9431
R,29c3,230682739,2,4160,51151,-7767,-12754,3423,-8350
R,29c3,230683929,2,4562,51382,-7987,-13623,3835,-7109
R,29c3,230685119,2,5000,51543,-8187,-14558,4170,-5715
R,29c3,230686309,2,5479,51600,-8318,-15541,4777,-4308
R,29c3,230687500,2,5946,51561,-8409,-16497,5450,-2742
R,29c3,230688720,2,6395,51435,-8514,-17439,6221,-1073
R,29c3,230689910,2,6815,51257,-8666,-18355,7076,661
R,29c3,230691131,2,7197,50930,-8811,-19031,8218,2569
R,29c3,230692321,2,7493,50596,-8948,-19681,9499,4480
R,29c3,230693511,2,7726,50210,-9023,-20368,10907,6410
R,29c3,230697113,6,23717,147211,-27097,-21837,15958,12784
R,29c3,230699523,4,14829,94151,-16880,-22845,19228,17092
R,29c3,230700714,2,6736,45422,-7686,-23428,20662,19325
R,29c3,230701904,2,6165,44058,-7015,-24130,21813,21693
R,29c3,230703125,2,5520,42510,-6202,-24813,22847,24172
R,aa2c,230703399,132,61880,245112,223694,970,-754,11798
R,29c3,230704315,2,4820,40709,-5362,-25719,23586,26635
R,29c3,230705505,2,4055,38643,-4549,-26547,24131,29031
R,29c3,230706695,2,3274,36371,-3722,-27303,24446,31440
R,aa2c,230707031,6,28021,-11856,1348,964,1569,10625
R,29c3,230707885,2,2464,33922,-2899,-28249,24367,32764
R,29c3,230709106,2,1743,31243,-2088,-28908,24208,32764
R,29c3,230710296,2,1090,28354,-1254,-29542,23947,32764
R,aa2c,230710632,6,30565,-13898,1367,1032,3758,9782
R,29c3,230711517,2,486,25296,-396,-30154,23508,32764
R,29c3,230712707,2,-31,22061,428,-30642,22970,32764
R,29c3,230713897,2,-425,18654,1227,-31111,22043,32764
R,29c3,230715087,2,-658,15078,2020,-31498,20739,32764
R,29c3,230716308,2,-598,11294,2866,-31493,19359,32764
R,29c3,230718688,4,-88,11018,8435,-30189,17370,32764
R,29c3,230724700,10,5043,-32064,32753,-22500,17102,32764
R,29c3,230725891,2,417,-14387,7647,-21345,17050,32764
R,29c3,230727081,2,-247,-16460,7843,-20459,16865,32764
R,29c3,230728302,2,-1029,-18379,7967,-19670,16467,31425
R,aa2c,230728759,30,148110,-95931,25223,3190,10294,7111
R,29c3,230729492,2,-1814,-20151,8058,-19015,15909,29281
R,29c3,230730682,2,-2623,-21787,8126,-18426,15186,27008
R,29c3,230731872,2,-3383,-23354,8160,-17851,14613,24718
R,aa2c,230732360,6,19491,-21921,9837,4021,10839,6743
R,29c3,230733093,2,-4091,-24811,8152,-17218,13957,22475
R,29c3,230734283,2,-4709,-26200,8112,-16470,13301,20203
R,29c3,230735473,2,-5225,-27472,8080,-15704,12672,17955
R,29c3,230736694,2,-5645,-28623,8057,-14873,12105,15771
R,29c3,230739074,4,-12162,-60269,16197,-13219,11040,11551
R,aa2c,230739593,12,22289,-43914,27585,4853,10579,6343
R,29c3,230740264,2,-6339,-31393,8156,-12377,10549,9578
R,29c3,230742675,4,-12748,-64634,16414,-10729,9961,5995
R,29c3,230745086,4,-12545,-66312,16545,-9267,9593,3190
R,aa2c,230746856,12,570,-44957,40712,5025,8213,6425
R,29c3,230747467,4,-12211,-67221,16640,-8203,9639,882
R,29c3,230748687,2,-6081,-33838,8325,-7874,9621,-96
R,29c3,230749877,2,-6104,-33898,8312,-7464,9600,-1166
R,29c3,230751068,2,-6143,-33967,8280,-7099,9574,-2113
R,29c3,230753479,4,-12463,-67993,16484,-6049,9559,-3918
R,aa2c,230754089,12,-16986,-47587,52379,4994,4136,7038
R,29c3,230754669,2,-6368,-33927,8202,-5470,9579,-4709
R,29c3,230755859,2,-6498,-33795,8140,-4779,9643,-5424
R,29c3,230757080,2,-6652,-33565,8077,-4120,9650,-6141
R,aa2c,230757690,6,-12480,-24845,28764,5010,1964,7287
R,29c3,230763061,10,-35227,-162000,39120,-1192,9757,-9515
R,29c3,230764251,2,-7173,-30863,7615,-707,9875,-10203
R,aa2c,230764923,12,-26327,-51178,58539,5101,-1950,7339
R,29c3,230765441,2,-7110,-30291,7620,-158,10147,-10762
R,29c3,230766662,2,-7040,-29672,7707,320,10380,-11355
R,29c3,230767852,2,-6948,-29030,7838,830,10638,-11884
R,29c3,230771453,6,-20280,-82770,24430,2219,11174,-13209
R,29c3,230773864,4,-13058,-51316,17132,2952,11457,-14011
R,aa2c,230775817,18,-24139,-77682,82140,5417,-4721,6275
R,29c3,230776275,4,-12818,-48026,17957,3704,11615,-14593
R,29c3,230777435,2,-6375,-22718,9299,3961,11686,-14868
R,aa2c,230779418,6,-1157,-24797,24199,5761,-4630,5728
R,29c3,230782257,8,-25914,-81662,38766,5417,11130,-15514
R,aa2c,230783050,6,2125,-23143,22385,6107,-4203,5260
R,29c3,230783447,2,-6645,-17928,9992,5710,10813,-15584
R,29c3,230784667,2,-6716,-16879,10094,5989,10508,-15591
R,29c3,230785827,2,-6793,-15770,10192,6258,10161,-15549
R,aa2c,230786682,6,4736,-20685,20601,6326,-3609,4986
R,29c3,230787017,2,-6845,-14661,10233,6450,9751,-15496
R,29c3,230788238,2,-6885,-13543,10244,6573,9306,-15362
R,29c3,230789428,2,-6917,-12397,10229,6721,8826,-15232
R,aa2c,230790283,6,6829,-17685,18800,6244,-3080,4987
R,29c3,230790618,2,-6913,-11261,10223,6801,8346,-15045
R,29c3,230791839,2,-6891,-10122,10177,6919,7836,-14794
R,29c3,230793029,2,-6825,-9007,10137,7011,7302,-14584
R,aa2c,230793884,6,8753,-14864,17171,5848,-2615,5226
R,29c3,230794219,2,-6738,-7887,10086,7067,6788,-14277
R,29c3,230795440,2,-6613,-6766,10004,7064,6279,-13982
R,29c3,230796661,2,-6443,-5677,9893,6995,5800,-13745
R,aa2c,230797515,6,11171,-12790,15866,5559,-2045,5547
R,29c3,230797821,2,-6248,-4595,9744,6947,5323,-13443
R,29c3,230799041,2,-6040,-3570,9561,6788,4942,-13089
R,29c3,230800231,2,-5795,-2574,9384,6676,4629,-12841
R,aa2c,230801147,6,14187,-11273,15021,5645,-1083,6013
R,29c3,230801422,2,-5540,-1614,9196,6491,4306,-12472
R,29c3,230802642,2,-5277,-708,9007,6364,4117,-12145
R,29c3,230803833,2,-5013,154,8799,6247,3899,-11832
R,aa2c,230804748,6,17393,-9925,14845,5736,191,6543
R,29c3,230806213,4,-9290,2781,16990,6024,3495,-11263
R,29c3,230807403,2,-4264,2568,8117,5921,3214,-11009
R,aa2c,230808380,6,19991,-8458,15295,5875,1531,7075
R,29c3,230809814,4,-7731,7462,15501,5697,2866,-10410
R,29c3,230811035,2,-3455,4879,7372,5556,2767,-10086
R,aa2c,230811981,6,21510,-6973,16145,5965,2644,7470
R,29c3,230813415,4,-6024,11949,13910,5197,2583,-9523
R,29c3,230814605,2,-2587,7016,6535,5023,2583,-9300
R,aa2c,230815612,6,21971,-5698,17530,5783,3394,7834
R,29c3,230817016,4,-4336,15992,12167,4680,2696,-8858
R,29c3,230818206,2,-1772,8957,5641,4568,2764,-8707
R,aa2c,230819244,6,21681,-4864,19143,5480,3748,8141
R,29c3,230820617,4,-2857,19767,10398,4308,3009,-8409
R,29c3,230821807,2,-1129,10831,4800,4172,3152,-8294
R,29c3,230824218,4,-1668,23518,8742,3810,3498,-8298
R,29c3,230825408,2,-515,12713,3921,3510,3777,-8436
R,29c3,230827789,4,-145,27188,6999,3042,4604,-8845
R,29c3,230829010,2,500,14468,3239,2822,5243,-8995
R,29c3,230831420,4,2228,30590,6413,2525,6731,-9240
R,29c3,230832611,2,1678,16174,3243,2364,7528,-9245
R,29c3,230835021,4,4237,34120,6667,1901,9006,-9177
R,29c3,230836212,2,2432,17998,3453,1535,9708,-9089
R,29c3,230838592,4,5074,37792,7128,617,11002,-8882
R,29c3,230839813,2,2491,19781,3663,112,11609,-8735
R,29c3,230842193,4,4399,41067,7490,-907,12754,-8337
R,29c3,230843383,2,1759,21227,3816,-1288,13275,-8103
R,29c3,230845794,4,2222,43632,7816,-1966,14135,-7588
R,29c3,230846984,2,310,22366,4019,-2316,14440,-7291
R,29c3,230849395,4,-1290,45731,8199,-2844,14932,-6802
R,29c3,230850585,2,-1689,23348,4181,-3144,15039,-6541
R,29c3,230852996,4,-5643,47533,8596,-3671,15099,-6090
R,29c3,230854187,2,-4018,24145,4419,-3927,15037,-5806
R,29c3,230856597,4,-10481,48995,9024,-4284,14685,-5403
R,29c3,230857788,2,-6454,24813,4585,-4514,14394,-5220
R,29c3,230860198,4,-15247,50240,9358,-4837,13722,-4860
R,29c3,230863769,6,-28156,76865,14502,-5296,12455,-4399
R,29c3,230864990,2,-10568,26003,4933,-5467,12012,-4371
R,29c3,230867370,4,-22490,52520,10057,-5841,11257,-4327
R,29c3,230876983,16,-99588,216767,44939,-6732,9375,-2708
R,29c3,230878173,2,-12984,27849,6261,-6962,9122,-2219
R,29c3,230879364,2,-13067,27994,6392,-7253,8826,-1670
R,aa2c,230880737,102,348958,-167726,527998,3838,4835,4509
R,29c3,230885345,10,-66439,140533,33232,-8764,7628,1144
R,29c3,230886535,2,-13452,27906,6723,-8962,7605,1732
R,29c3,230887756,2,-13539,27739,6720,-9094,7564,2329
R,29c3,230888946,2,-13641,27525,6733,-9147,7585,2904
R,29c3,230890167,2,-13754,27301,6746,-9222,7581,3438
R,29c3,230891357,2,-13884,27065,6770,-9266,7600,3990
R,29c3,230892547,2,-13981,26801,6784,-9374,7660,4438
R,29c3,230893737,2,-14072,26506,6797,-9498,7822,4878
R,aa2c,230895263,24,19742,-29364,173201,3560,1501,6253
R,29c3,230896148,4,-28316,51984,13748,-9770,8363,5798
R,29c3,230898559,4,-28530,50346,14209,-9737,9032,6855
R,aa2c,230898834,6,2184,-8638,44379,3596,937,6370
R,29c3,230902160,6,-43813,72065,22900,-9652,9591,8625
R,aa2c,230902465,6,1745,-9751,44374,3349,431,6429
R,aa2c,230906097,6,1100,-11126,43951,3227,-137,6465
R,29c3,230906951,8,-61758,89260,32711,-10142,9425,10803
R,29c3,230909332,4,-32405,41097,17131,-10560,9174,11970
R,aa2c,230909698,6,626,-12618,43439,3508,-509,6530
R,29c3,230910552,2,-16536,19503,8766,-10693,9066,12485
R,29c3,230916534,10,-84701,85494,46420,-10448,8322,14512
R,aa2c,230916961,12,478,-27746,84831,4553,-1328,6500
R,29c3,230917724,2,-16980,14609,9875,-10274,8285,14724
R,29c3,230920135,4,-33662,26790,20539,-9886,8370,14973
R,aa2c,230920562,6,695,-13975,41674,4725,-1762,6424
R,29c3,230921325,2,-16653,12227,10731,-9661,8460,15134
R,29c3,230922515,2,-16581,11444,11038,-9396,8547,15261
R,29c3,230923706,2,-16564,10717,11305,-9174,8496,15379
R,aa2c,230924194,6,1296,-13690,41523,4359,-2248,6488
R,29c3,230924926,2,-16584,10028,11526,-8935,8408,15406
R,29c3,230926116,2,-16613,9349,11733,-8800,8156,15454
R,aa2c,230927825,6,1669,-14348,40925,4269,-2647,6698
R,29c3,230928527,4,-33484,16815,24072,-8659,7572,15365
R,29c3,230929718,2,-16871,7476,12256,-8653,7194,15271
R,29c3,230930908,2,-16952,6859,12377,-8658,6763,15116
R,aa2c,230931457,6,1839,-14214,39908,3582,-3067,6747
R,29c3,230932128,2,-17011,6238,12492,-8635,6265,14860
R,29c3,230933319,2,-17001,5582,12547,-8626,5764,14533
R,29c3,230934509,2,-16890,4933,12615,-8483,5431,14160
R,aa2c,230935089,6,1944,-14169,39493,4234,-3397,7161
R,29c3,230935699,2,-16661,4291,12700,-8252,5179,13845
R,29c3,230938110,4,-32520,6756,25952,-7686,4796,13288
R,aa2c,230938690,6,2002,-14030,38804,4268,-3891,7523
R,29c3,230939300,2,-15793,2543,13291,-7413,4560,13023
R,29c3,230940521,2,-15479,2031,13514,-7157,4246,12790
R,aa2c,230942291,6,2097,-13738,38242,3750,-4425,7951
R,29c3,230942932,4,-29968,2608,27568,-6841,3504,12261
R,29c3,230944122,2,-14451,639,14015,-6736,3154,11956
R,29c3,230945312,2,-14102,205,14088,-6728,2846,11694
R,aa2c,230945922,6,2271,-14290,37642,3307,-5070,8331
R,29c3,230946502,2,-13757,-225,14161,-6584,2479,11435
R,29c3,230947723,2,-13447,-628,14247,-6378,2157,11238
R,29c3,230948913,2,-13126,-1000,14308,-6178,1867,11101
R,aa2c,230949523,6,2486,-15709,37159,3332,-5512,8585
R,29c3,230950103,2,-12867,-1339,14344,-5985,1488,10934
R,29c3,230951293,2,-12639,-1667,14332,-5681,1124,10778
R,29c3,230952514,2,-12414,-1953,14316,-5382,616,10648
R,aa2c,230953155,6,2372,-17148,36384,3631,-5976,8634
R,29c3,230953704,2,-12204,-2242,14247,-5026,141,10575
R,aa2c,230956787,6,2297,-18033,35541,3844,-6519,8498
R,29c3,230957305,6,-35181,-7850,42137,-4184,-1487,10040
R,29c3,230958496,2,-11120,-2911,13772,-3866,-1976,9873
R,29c3,230959716,2,-10746,-3012,13641,-3669,-2433,9630
R,29c3,230960906,2,-10321,-3094,13481,-3408,-2812,9428
R,29c3,230962097,2,-9862,-3180,13320,-3220,-3212,9240
R,29c3,230963287,2,-9376,-3228,13168,-3012,-3577,9035
R,aa2c,230964019,12,5819,-37049,68235,4023,-7556,7806
R,29c3,230964477,2,-8841,-3269,13023,-2834,-3900,8788
R,29c3,230966888,4,-15987,-6668,25662,-2456,-4414,8575
R,29c3,230968109,2,-7113,-3346,12646,-2301,-4620,8519
R,aa2c,230971252,12,10219,-37617,64282,4007,-8268,6852
R,aa2c,230974884,6,7017,-18874,30536,3916,-8502,6425
R,29c3,230975311,12,-30975,-20006,72352,-2152,-5548,9997
R,29c3,230976470,2,-3374,-3453,11377,-2182,-5663,10379
R,29c3,230977691,2,-2920,-3536,11162,-2177,-5719,10696
R,aa2c,230978485,6,7707,-18868,29207,3881,-8726,6006
R,29c3,230978881,2,-2473,-3633,10905,-2143,-5709,11056
R,29c3,230983673,8,-5844,-15603,41144,-2009,-5323,12186
R,29c3,230986083,4,-812,-8631,19282,-1973,-4923,12488
R,29c3,230987274,2,3,-4575,9375,-1944,-4730,12644
R,29c3,230988464,2,233,-4731,9163,-1904,-4533,12677
R,29c3,230989685,2,414,-4908,8950,-1790,-4350,12700
R,29c3,230990875,2,585,-5056,8740,-1640,-4170,12759
R,29c3,230992065,2,715,-5183,8543,-1540,-4003,12708
R,29c3,230993286,2,808,-5298,8378,-1388,-3808,12673
R,29c3,230994476,2,872,-5380,8214,-1238,-3671,12639
R,29c3,230995697,2,892,-5438,8049,-1126,-3551,12612
R,aa2c,230996582,30,45049,-94207,125209,3837,-9387,3389
R,29c3,230999267,6,2602,-16631,22997,-825,-3411,12347
R,29c3,231000457,2,797,-5577,7247,-809,-3472,12247
R,29c3,231001678,2,755,-5582,7045,-745,-3594,12125
R,29c3,231002868,2,723,-5586,6894,-723,-3678,12053
R,aa2c,231003845,12,17837,-33696,39543,3609,-9555,2963
R,29c3,231006469,6,2098,-16795,19643,-771,-4088,12071
R,29c3,231008850,4,1418,-11315,12053,-938,-4474,12392
R,29c3,231010070,2,770,-5769,5662,-1050,-4730,12625
R,29c3,231013671,6,2753,-18044,15784,-1215,-5232,13431
R,29c3,231020843,12,9140,-41345,25706,-1248,-5792,14953
R,29c3,231023254,4,4114,-15720,6850,-1131,-5867,15235
R,29c3,231024444,2,2186,-8230,3120,-1093,-5972,15360
R,29c3,231026824,4,4505,-17234,5513,-964,-6155,15566
R,29c3,231028045,2,2293,-8973,2382,-896,-6212,15680
R,29c3,231031646,6,6843,-28377,5516,-983,-6623,15765
R,29c3,231034057,4,4531,-20272,2378,-1060,-7017,15646
R,29c3,231035247,2,2311,-10575,800,-1064,-7256,15472
R,29c3,231037628,4,4847,-22128,751,-1004,-7659,15138
R,29c3,231041229,6,8210,-35495,-889,-818,-7936,14457
R,29c3,231042419,2,3048,-12391,-811,-712,-8021,14254
R,29c3,231048431,10,17827,-65443,-7360,-105,-8361,13008
R,29c3,231049621,2,4124,-13663,-2166,27,-8331,12769
R,29c3,231052032,4,8771,-27660,-5022,155,-8247,12312
R,29c3,231053222,2,4599,-13986,-2825,224,-8243,12084
R,29c3,231055633,4,9551,-28286,-6297,186,-8331,11786
R,29c3,231059234,6,15027,-43508,-11182,-225,-8928,10928
R,29c3,231060424,2,5237,-14887,-4304,-155,-9074,10536
R,29c3,231061614,2,5387,-15082,-4599,42,-9069,10172
R,29c3,231064025,4,11252,-30608,-10043,638,-8992,9353
R,29c3,231065216,2,5854,-15378,-5436,940,-8912,8937
R,29c3,231067596,4,12148,-30738,-11775,1446,-8639,8103
R,29c3,231068786,2,6273,-15237,-6309,1640,-8528,7661
R,29c3,231070007,2,6395,-15105,-6595,1768,-8439,7220
R,29c3,231071197,2,6533,-14931,-6896,1850,-8290,6804
R,29c3,231072418,2,6685,-14732,-7195,1919,-8111,6435
R,29c3,231074798,4,13802,-28760,-15184,2016,-7682,5627
R,29c3,231077209,4,14362,-27749,-16232,2106,-7149,4974
R,29c3,231078399,2,7351,-13460,-8497,2209,-6861,4667
R,aa2c,231079833,126,39559,-151884,147379,1683,-14550,28
R,29c3,231080810,4,15013,-26018,-17803,2357,-6233,4056
R,29c3,231084381,6,23204,-36373,-28515,2485,-5085,3343
R,29c3,231085571,2,7880,-11354,-9938,2462,-4713,3148
R,29c3,231086761,2,7919,-10984,-10111,2434,-4294,2962
R,29c3,231087982,2,7961,-10596,-10317,2346,-3878,2864
R,29c3,231089202,2,7983,-10204,-10510,2236,-3490,2736
R,29c3,231090393,2,8007,-9817,-10707,2160,-3117,2680
R,aa2c,231090698,18,5464,-1399,-37666,1469,-13116,30
R,29c3,231091583,2,8035,-9443,-10909,2012,-2759,2609
R,29c3,231092773,2,8070,-9116,-11041,1841,-2306,2649
R,29c3,231093994,2,8105,-8781,-11157,1709,-1856,2645
R,29c3,231095184,2,8140,-8493,-11244,1612,-1454,2719
R,29c3,231096374,2,8160,-8216,-11300,1597,-968,2777
R,29c3,231098785,4,16305,-15625,-22713,1752,-59,3059
R,29c3,231099975,2,8086,-7363,-11391,1841,384,3176
R,29c3,231101165,2,7991,-7057,-11399,1890,823,3323
R,aa2c,231101562,18,10644,13559,-62663,1992,-10130,682
R,29c3,231102355,2,7864,-6753,-11391,1836,1188,3489
R,29c3,231105987,6,22462,-18381,-34108,1449,2207,3977
R,29c3,231107177,2,7008,-5574,-11408,1279,2454,4101
R,29c3,231110778,6,19350,-15381,-34361,972,2954,4550
R,aa2c,231112426,18,9526,28610,-77109,2019,-7464,1508
R,29c3,231113189,4,11695,-9261,-22959,653,3210,4681
R,29c3,231114379,2,5604,-4400,-11459,524,3368,4704
R,29c3,231115570,2,5495,-4285,-11436,420,3563,4776
R,aa2c,231116088,6,2084,12644,-27372,2203,-6898,1777
R,29c3,231116760,2,5418,-4160,-11382,404,3852,4857
R,29c3,231117980,2,5346,-4069,-11310,388,4107,4954
R,29c3,231119171,2,5283,-3952,-11252,435,4440,5041
R,aa2c,231119659,6,2276,14217,-27760,2320,-6175,2155
R,29c3,231121582,4,10348,-7468,-22232,380,5055,5167
R,29c3,231123962,4,9989,-6884,-21903,169,5714,5359
R,29c3,231125152,2,4791,-3240,-10877,26,6049,5513
R,29c3,231126342,2,4613,-3139,-10822,-177,6325,5566
R,29c3,231128753,4,8585,-6014,-21447,-516,6900,5725
R,29c3,231129943,2,3948,-2927,-10662,-627,7093,5759
R,29c3,231131164,2,3722,-2885,-10609,-792,7378,5787
R,29c3,231132354,2,3516,-2866,-10554,-880,7575,5774
R,29c3,231133544,2,3332,-2854,-10499,-937,7888,5700
R,29c3,231134765,2,3158,-2803,-10424,-977,8126,5672
R,29c3,231135955,2,3023,-2808,-10317,-978,8447,5651
R,29c3,231138366,4,5705,-5530,-20249,-1016,9047,5576
R,29c3,231139556,2,2712,-2713,-9900,-1062,9360,5477
R,29c3,231140747,2,2662,-2691,-9739,-1118,9711,5340
R,aa2c,231141357,36,14778,115312,-170545,2944,-507,6537
R,29c3,231141967,2,2649,-2639,-9572,-1181,10136,5171
R,29c3,231143157,2,2660,-2607,-9346,-1160,10572,5042
R,29c3,231144348,2,2684,-2556,-9085,-1147,11081,4960
R,aa2c,231144989,6,1047,21867,-26246,3220,582,7448
R,29c3,231151550,12,16105,-14028,-47853,-1144,14561,4364
R,29c3,231153930,4,4781,-3962,-13012,-1001,15790,4357
R,29c3,231155151,2,2066,-1814,-5854,-952,16359,4463
R,29c3,231156341,2,1735,-1702,-5405,-900,16830,4579
R,29c3,231157531,2,1337,-1566,-4981,-847,17188,4771
R,29c3,231158752,2,856,-1429,-4569,-864,17458,5000
R,29c3,231161132,4,101,-2500,-7998,-920,17662,5458
R,29c3,231162322,2,-836,-1094,-3451,-1097,17635,5698
R,29c3,231164733,4,-3519,-2097,-5802,-1371,17360,6120
R,aa2c,231166717,36,-38773,110724,-101449,4611,1449,11081
R,29c3,231167114,4,-5924,-2238,-4431,-1617,16817,6533
R,29c3,231169525,4,-8136,-2664,-3177,-1648,16057,6664
R,aa2c,231170318,6,-13599,14074,-8155,4937,700,11165
R,29c3,231170745,2,-4743,-1534,-1135,-1577,15664,6680
R,29c3,231171936,2,-5114,-1665,-807,-1452,15270,6696
R,aa2c,231173950,6,-12781,13031,-6225,5115,279,11207
R,29c3,231174316,4,-11070,-3708,-656,-1241,14480,6654
R,29c3,231176727,4,-11791,-4063,532,-1071,13751,6489
R,aa2c,231177581,6,-11455,11951,-4581,5157,21,11128
R,29c3,231179107,4,-12014,-4312,1672,-891,13072,6311
R,29c3,231180328,2,-5961,-2235,1224,-807,12772,6260
R,aa2c,231181182,6,-10348,10561,-3082,5235,-179,10933
R,29c3,231181488,2,-5846,-2243,1465,-707,12490,6197
R,29c3,231182708,2,-5696,-2257,1732,-578,12280,6182
R,29c3,231183898,2,-5521,-2264,1986,-497,12119,6164
R,aa2c,231184814,6,-9843,9043,-1816,5550,-421,10646
R,29c3,231185089,2,-5344,-2282,2269,-468,11970,6197
R,29c3,231186309,2,-5191,-2301,2471,-444,11812,6199
R,29c3,231187500,2,-5078,-2288,2675,-422,11681,6190
R,aa2c,231188415,6,-10135,7872,-1052,5750,-915,10308
R,29c3,231189910,4,-9904,-4664,5799,-398,11418,6101
R,29c3,231191101,2,-4818,-2363,3087,-313,11376,5974
R,aa2c,231192047,6,-10396,6985,-815,6055,-1616,9825
R,29c3,231193511,4,-9370,-4875,6628,-142,11402,5804
R,aa2c,231195678,6,-10083,6319,-694,6255,-2159,9485
R,29c3,231197113,6,-13943,-7589,11133,299,11192,5752
R,29c3,231198303,2,-4801,-2547,3911,416,11017,5658
R,aa2c,231199279,6,-9451,5938,-1098,6245,-2557,9191
R,29c3,231200714,4,-10006,-5052,7950,564,10609,5467
R,29c3,231201904,2,-5215,-2518,4022,598,10321,5421
R,aa2c,231202911,6,-8580,5585,-1904,6302,-2741,8898
R,29c3,231204315,4,-10896,-5040,8010,723,9654,5165
R,29c3,231207885,6,-17216,-7534,11710,1188,8257,4739
R,29c3,231209106,2,-5802,-2457,3780,1309,7779,4624
R,29c3,231211486,4,-11361,-4798,7268,1539,6844,4362
R,29c3,231212707,2,-5460,-2325,3468,1625,6446,4245
R,29c3,231215087,4,-10189,-4481,6635,1843,5695,4027
R,29c3,231216278,2,-4661,-2151,3159,1879,5374,3991
R,29c3,231218688,4,-8275,-4160,5934,2038,4924,3918
R,29c3,231219879,2,-3582,-2003,2763,2122,4799,3871
R,29c3,231222290,4,-5988,-3806,5073,2284,4705,3864
R,29c3,231223480,2,-2406,-1788,2351,2306,4798,3850
R,29c3,231229492,10,-7090,-8039,9760,2522,5778,3743
R,29c3,231233093,6,-1469,-4073,4462,2657,6530,3641
R,29c3,231234283,2,-209,-1224,1294,2641,6802,3599
R,29c3,231236663,4,-54,-2219,2425,2601,7410,3389
R,29c3,231237884,2,176,-1026,1183,2604,7762,3375
R,29c3,231240264,4,660,-1897,2562,2606,8544,3367
R,29c3,231241455,2,402,-849,1349,2595,8852,3400
R,29c3,231243865,4,705,-1486,2821,2604,9336,3489
R,29c3,231247467,6,335,-1693,4554,2442,9701,3634
R,29c3,231248657,2,-181,-480,1625,2375,9741,3697
R,29c3,231251068,4,-790,-907,3404,2282,9652,3770
R,29c3,231252258,2,-614,-458,1776,2282,9572,3792
R,29c3,231255859,6,-2556,-1473,5716,2322,9133,3828
R,29c3,231257049,2,-1039,-522,2017,2385,8965,3884
R,29c3,231258270,2,-1111,-524,2099,2419,8769,3861
R,29c3,231259460,2,-1161,-530,2149,2466,8516,3921
R,29c3,231260650,2,-1204,-532,2166,2485,8325,3981
R,29c3,231261840,2,-1210,-521,2201,2499,8135,4000
R,29c3,231263061,2,-1206,-526,2213,2476,7906,4007
R,29c3,231264251,2,-1166,-536,2232,2418,7757,3988
R,29c3,231265441,2,-1091,-552,2284,2364,7609,3950
R,29c3,231266632,2,-998,-600,2341,2367,7585,3954
R,29c3,231267822,2,-908,-658,2410,2397,7553,3946
R,29c3,231269042,2,-841,-702,2449,2509,7562,4004
R,29c3,231270233,2,-802,-709,2495,2628,7500,4021
R,29c3,231271453,2,-774,-723,2499,2787,7506,4044
R,29c3,231272644,2,-784,-723,2509,2844,7451,4033
R,29c3,231273834,2,-802,-702,2520,2848,7366,4080
R,29c3,231275024,2,-838,-666,2518,2855,7308,4048
R,29c3,231277435,4,-1829,-1306,5009,2781,7173,4053
R,29c3,231278625,2,-992,-644,2481,2788,7041,4057
R,29c3,231279815,2,-1048,-669,2477,2805,6942,4012
R,29c3,231282226,4,-2157,-1363,4990,2899,6750,3949
R,29c3,231284637,4,-2220,-1317,4986,3031,6553,3949
R,29c3,231285797,2,-1112,-616,2497,3063,6447,3971
R,29c3,231287017,2,-1126,-610,2425,3115,6344,3955
R,29c3,231288238,2,-1131,-555,2417,3121,6246,3965
R,29c3,231289428,2,-1153,-518,2379,3114,6167,4005
R,aa2c,231289764,144,-53139,36233,-70002,5915,-712,5029
R,29c3,231291839,4,-2307,-959,4759,3105,5949,3987
R,29c3,231293029,2,-1188,-444,2342,3133,5854,4026
R,aa2c,231293395,6,-1436,-3323,3663,6014,-966,4884
R,29c3,231295440,4,-2408,-796,4482,3187,5649,3989
R,29c3,231296630,2,-1209,-359,2164,3217,5549,3970
R,aa2c,231296997,6,-1438,-3131,3848,6051,-1115,4826
R,29c3,231297821,2,-1231,-330,2111,3276,5422,3949
R,29c3,231299011,2,-1230,-302,2075,3314,5341,3983
R,29c3,231300231,2,-1227,-239,2036,3300,5209,3977
R,aa2c,231300598,6,-1447,-2839,4090,6034,-1260,4799
R,29c3,231301422,2,-1236,-186,1979,3349,5111,3957
R,29c3,231305023,6,-3574,-257,5499,3366,4832,3867
R,29c3,231306213,2,-1084,49,1690,3375,4776,3908
R,29c3,231309814,6,-2771,514,4883,3397,4734,3927
R,29c3,231312225,4,-1431,672,3098,3351,4717,4034
R,29c3,231313415,2,-618,424,1490,3319,4762,4126
R,29c3,231315795,4,-1087,1016,2810,3297,4788,4230
R,29c3,231317016,2,-491,581,1336,3229,4812,4315
R,29c3,231318206,2,-466,634,1302,3222,4821,4406
R,29c3,231319396,2,-447,690,1258,3224,4770,4472
R,29c3,231320587,2,-429,737,1209,3187,4754,4518
R,29c3,231324188,6,-1038,2423,3353,3027,4759,4660
R,29c3,231329010,8,-479,3559,4164,3045,4946,4794
R,29c3,231331390,4,189,1978,2023,2958,5135,4897
R,29c3,231332580,2,168,1033,1023,2899,5209,4965
R,29c3,231334991,4,409,2063,2041,2717,5384,4958
R,29c3,231337402,4,434,2016,2177,2689,5583,4999
R,29c3,231341003,6,460,2986,3363,2754,5678,5048
R,29c3,231342193,2,78,1003,1153,2791,5687,5082
R,29c3,231343383,2,23,1011,1163,2773,5696,5097
R,29c3,231345764,4,-160,2045,2416,2711,5529,5162
R,29c3,231346984,2,-158,1034,1222,2725,5424,5241
R,29c3,231348175,2,-189,1019,1222,2644,5281,5285
R,29c3,231350585,4,-373,2080,2434,2602,5059,5391
R,29c3,231352966,4,-243,2039,2452,2561,4884,5516
R,29c3,231354187,2,-39,985,1262,2486,4777,5569
R,aa2c,231354919,90,-10164,-37159,53852,5267,-3425,5200
R,29c3,231355377,2,25,958,1283,2523,4746,5633
R,29c3,231357788,4,241,1875,2530,2487,4647,5736
R,aa2c,231358551,6,1401,-3401,858,5223,-3440,5214
R,29c3,231360168,4,526,1826,2471,2483,4625,5822
R,29c3,231361358,2,383,900,1218,2462,4632,5846
R,29c3,231362579,2,459,857,1227,2480,4675,5921
R,29c3,231363769,2,537,851,1215,2457,4686,5928
R,29c3,231364959,2,605,829,1230,2445,4716,5986
R,aa2c,231365783,12,4286,-7351,255,5237,-3283,5210
R,29c3,231367370,4,1380,1586,2376,2333,4811,5965
R,aa2c,231369415,6,2954,-3707,-630,5305,-3079,5199
R,29c3,231370971,6,2379,2155,3497,2301,4974,5882
R,aa2c,231373016,6,3464,-3554,-1000,5325,-2843,5212
R,29c3,231373352,4,1689,1288,2296,2393,5057,5766
R,aa2c,231376647,6,3830,-3386,-1263,5305,-2592,5217
R,29c3,231378143,8,3513,2426,4547,2547,5214,5490
R,aa2c,231380249,6,3985,-3225,-1228,5263,-2387,5278
R,29c3,231381744,6,2666,1927,3390,2635,5192,5323
R,29c3,231388946,12,5195,4467,6772,2588,4918,5078
R,29c3,231390136,2,907,827,1058,2602,4900,5025
R,aa2c,231391113,18,11869,-9303,-3567,5275,-2204,5238
R,29c3,231393737,6,2883,2617,3150,2624,4886,4905
R,29c3,231397338,6,3066,2851,2869,2728,4867,4745
R,29c3,231399749,4,2122,2152,1740,2750,4863,4717
R,29c3,231400939,2,1109,1176,840,2686,4856,4669
R,29c3,231403350,4,2400,2469,1591,2597,4976,4536
R,29c3,231406921,6,4186,3915,2514,2467,5418,4465
R,29c3,231409332,4,3031,2716,1800,2538,5692,4620
R,29c3,231414123,8,5708,6192,3500,2520,6025,4808
R,29c3,231418914,8,4636,6945,3440,2296,6006,5007
R,29c3,231421325,4,1998,3545,1736,2278,6004,5083
R,29c3,231422515,2,946,1803,877,2280,6028,5104
R,29c3,231423706,2,911,1785,885,2252,5991,5127
R,29c3,231426116,4,1728,3596,1814,2219,6016,5151
R,29c3,231427307,2,801,1802,922,2226,6033,5199
R,29c3,231428497,2,754,1804,910,2231,6039,5162
R,29c3,231429718,2,711,1825,888,2221,6055,5172
R,29c3,231430908,2,679,1849,868,2269,6091,5120
R,29c3,231432098,2,647,1857,891,2260,6064,5101
R,29c3,231435699,6,1807,5712,2776,2195,6207,4987
R,29c3,231438110,4,1158,3885,1937,2250,6327,4961
R,29c3,231439300,2,549,1983,1032,2287,6382,4992
R,29c3,231441711,4,1035,4073,2163,2328,6528,5012
R,29c3,231442901,2,452,2094,1161,2305,6555,5115
R,29c3,231444091,2,395,2145,1189,2304,6568,5136
R,29c3,231445312,2,307,2193,1222,2252,6616,5218
R,29c3,231446502,2,242,2229,1222,2165,6639,5261
R,29c3,231447692,2,155,2246,1263,2176,6603,5356
R,29c3,231448883,2,45,2262,1299,2118,6540,5444
R,29c3,231450103,2,-39,2260,1323,2096,6493,5588
R,29c3,231451293,2,-140,2269,1360,2060,6424,5673
R,29c3,231452484,2,-233,2241,1390,2058,6315,5786
R,29c3,231453704,2,-330,2241,1423,1998,6200,5853
R,aa2c,231456268,108,67911,-31681,18448,4848,-2138,5400
R,29c3,231457305,6,-1452,6636,4299,1986,5798,6156
R,29c3,231458496,2,-608,2151,1435,1915,5663,6234
R,29c3,231462097,6,-2062,6303,4390,1924,5342,6380
R,29c3,231466888,8,-2982,7908,5900,1913,5019,6629
R,29c3,231469268,4,-1575,3749,2915,1891,4863,6792
R,29c3,231472869,6,-2473,5326,4360,1801,4709,7022
R,29c3,231474060,2,-866,1659,1446,1815,4644,7097
R,aa2c,231474365,30,5825,-2982,26439,4324,-2299,5010
R,29c3,231475280,2,-900,1604,1430,1785,4598,7168
R,aa2c,231477996,6,-245,-183,7278,4165,-2377,4915
R,29c3,231478881,6,-2981,4353,4209,1783,4490,7289
R,29c3,231481262,4,-2316,2527,2777,1804,4376,7338
R,29c3,231486053,8,-5803,4288,5525,1971,4121,7337
R,29c3,231487243,2,-1730,933,1316,2045,4014,7326
R,29c3,231488464,2,-1841,905,1299,2087,3910,7349
R,aa2c,231488861,18,-5685,197,27880,3667,-2661,4495
R,29c3,231489654,2,-1941,893,1325,2153,3738,7351
R,29c3,231492065,4,-4184,1778,2684,2156,3483,7379
R,29c3,231493255,2,-2219,872,1344,2185,3297,7408
R,29c3,231494445,2,-2310,860,1292,2195,3132,7426
R,29c3,231495666,2,-2390,839,1281,2193,2917,7462
R,aa2c,231496093,12,-8739,811,24738,3366,-3162,4204
R,29c3,231496856,2,-2472,812,1288,2218,2729,7468
R,29c3,231499267,4,-5156,1607,2554,2336,2352,7502
R,aa2c,231499694,6,-6033,555,14391,3358,-3496,4076
R,29c3,231500427,2,-2689,810,1279,2444,2185,7506
R,29c3,231501647,2,-2766,811,1267,2509,1972,7519
R,29c3,231502838,2,-2850,825,1245,2599,1734,7520
R,aa2c,231503326,6,-7226,683,15785,3416,-3888,3935
R,29c3,231505249,4,-5931,1812,2397,2776,1245,7599
R,29c3,231506439,2,-3086,985,1116,2897,992,7638
R,aa2c,231506927,6,-8542,806,17085,3518,-4436,3787
R,29c3,231507629,2,-3180,1051,1100,2985,717,7666
R,29c3,231508819,2,-3273,1106,1057,3097,420,7684
R,aa2c,231510559,6,-9913,1005,18168,3799,-5001,3673
R,29c3,231511260,4,-6823,2564,1963,3358,-198,7710
R,29c3,231512451,2,-3566,1487,875,3503,-575,7687
R,29c3,231513641,2,-3684,1636,746,3631,-923,7694
R,aa2c,231514190,6,-11287,1447,19255,3855,-5747,3637
R,29c3,231516082,4,-7635,3846,1114,3917,-1708,7820
R,29c3,231517242,2,-3918,2251,337,3895,-2067,7860
R,aa2c,231517822,6,-12638,1936,20014,3726,-6527,3610
R,29c3,231518432,2,-3918,2456,187,3880,-2455,7845
R,29c3,231524444,10,-18747,14659,-1002,4043,-4150,7792
R,aa2c,231525085,12,-29185,4654,40953,3727,-8311,3603
R,29c3,231525604,2,-3400,3419,-609,4197,-4400,7811
R,29c3,231526824,2,-3249,3642,-724,4339,-4666,7780
R,29c3,231528015,2,-3104,3892,-851,4460,-4893,7798
R,aa2c,231528656,6,-16129,2615,20189,3670,-9297,3550
R,29c3,231529205,2,-2927,4161,-987,4554,-5141,7773
R,29c3,231530426,2,-2757,4424,-1137,4570,-5350,7735
R,29c3,231531616,2,-2601,4723,-1297,4581,-5591,7717
R,aa2c,231532287,6,-16601,2777,19579,3601,-10317,3348
R,29c3,231532806,2,-2436,4980,-1463,4531,-5803,7654
R,29c3,231535217,4,-4376,10776,-3353,4617,-6214,7588
R,aa2c,231535888,6,-16688,2858,18577,3616,-11306,3007
R,29c3,231538818,6,-5300,18220,-6128,4612,-6887,7668
R,29c3,231541229,4,-2657,13512,-4943,4489,-7367,7830
R,aa2c,231543151,12,-32428,6411,32202,3678,-13235,1968
R,29c3,231543609,4,-1868,14573,-5715,4215,-7868,8119
R,29c3,231544830,2,-622,7631,-3154,4099,-8110,8315
R,29c3,231545989,2,-422,7831,-3365,3941,-8350,8511
R,aa2c,231546783,6,-15153,4085,12691,3762,-14164,1278
R,29c3,231547180,2,-211,8008,-3578,3792,-8573,8762
R,29c3,231548400,2,-8,8171,-3823,3687,-8756,9048
R,29c3,231549621,2,202,8322,-4095,3617,-8998,9359
R,aa2c,231550384,6,-14027,5170,9462,3748,-15063,576
R,29c3,231550842,2,411,8447,-4389,3508,-9163,9682
R,29c3,231553222,4,1464,17227,-9648,3261,-9574,10235
R,29c3,231554412,2,1073,8734,-5216,3064,-9820,10505
R,29c3,231555603,2,1322,8785,-5508,2906,-9978,10781
R,29c3,231556823,2,1592,8818,-5772,2703,-10142,10998
R,aa2c,231557617,12,-22421,14502,7341,3593,-16423,-1009
R,29c3,231561614,8,9195,35166,-26197,1952,-10629,11668
R,29c3,231563995,4,6586,17162,-14895,1551,-10722,11866
R,29c3,231565185,2,3854,8411,-7861,1370,-10715,11844
R,29c3,231567596,4,8928,16379,-16531,1029,-10589,11809
R,aa2c,231568481,18,-13027,36750,-24155,2630,-16516,-2693
R,29c3,231568786,2,5055,7925,-8680,812,-10492,11730
R,29c3,231571197,4,11424,15279,-18253,419,-10189,11385
R,aa2c,231582946,24,22457,79160,-100167,1049,-13101,-3586
R,29c3,231584381,22,94392,67681,-113468,-12,-6507,8095
R,29c3,231585571,2,10698,4965,-10862,-9,-6206,7767
R,aa2c,231586578,6,11088,23166,-34761,822,-11860,-3671
R,aa2c,231590209,6,12172,24423,-37452,612,-10683,-3673
R,29c3,231591583,10,55922,23510,-55249,-138,-4913,6414
R,aa2c,231593811,6,12514,25798,-39873,386,-9640,-3627
R,29c3,231598785,12,69815,26188,-67691,-427,-4082,5365
R,29c3,231602355,6,35623,12140,-34251,-698,-3852,4893
R,29c3,231603546,2,11982,3855,-11394,-764,-3800,4770
R,29c3,231605957,4,24194,7421,-22920,-845,-3642,4624
R,29c3,231607147,2,12205,3549,-11485,-936,-3549,4547
R,29c3,231609558,4,24671,6695,-23003,-1041,-3396,4580
R,29c3,231610748,2,12458,3151,-11458,-1118,-3284,4641
R,29c3,231611968,2,12524,2983,-11432,-1222,-3240,4647
R,29c3,231613159,2,12575,2807,-11386,-1319,-3218,4666
R,29c3,231614349,2,12616,2613,-11393,-1459,-3212,4743
R,29c3,231616760,4,25329,4634,-22872,-1736,-3165,4795
R,29c3,231617950,2,12683,2014,-11488,-1810,-3109,4799
R,29c3,231620361,4,25322,3322,-23054,-2074,-3056,4819
R,29c3,231621551,2,12588,1302,-11577,-2128,-3046,4861
R,29c3,231623962,4,24931,1835,-23336,-2282,-2945,4796
R,29c3,231625152,2,12315,547,-11831,-2337,-2907,4768
R,29c3,231627532,4,24224,355,-23997,-2435,-2819,4599
R,29c3,231628753,2,11879,-181,-12154,-2448,-2824,4505
R,29c3,231631134,4,23283,-1045,-24587,-2546,-2714,4201
R,29c3,231632354,2,11374,-840,-12448,-2574,-2692,4053
R,29c3,231634735,4,22136,-2293,-25358,-2709,-2601,3617
R,29c3,231635955,2,10765,-1455,-12909,-2715,-2587,3334
R,29c3,231638336,4,20922,-3464,-26234,-2801,-2528,2848
R,29c3,231641937,6,29896,-6375,-40460,-2834,-2405,2079
R,29c3,231643127,2,9563,-2379,-13833,-2917,-2354,1839
R,29c3,231645538,4,18482,-5144,-28195,-2990,-2294,1246
R,29c3,231646728,2,8936,-2730,-14378,-3023,-2254,1049
R,29c3,231647918,2,8732,-2833,-14587,-3096,-2190,810
R,29c3,231650329,4,16864,-5871,-29738,-3248,-2139,432
R,29c3,231655120,8,31606,-12466,-62255,-3828,-2130,-142
R,29c3,231659912,8,29446,-13536,-66179,-4698,-2050,-573
R,29c3,231661132,2,7155,-3593,-17249,-4905,-1973,-662
R,29c3,231662322,2,7087,-3671,-17543,-5146,-1857,-822
R,29c3,231663513,2,7027,-3773,-17840,-5310,-1686,-856
R,29c3,231664703,2,6958,-3877,-18134,-5501,-1536,-933
R,29c3,231665893,2,6845,-4011,-18454,-5654,-1369,-882
R,aa2c,231666198,120,113953,740068,-974513,-3210,1535,-1640
R,29c3,231667083,2,6713,-4106,-18773,-5915,-1062,-793
R,29c3,231668334,2,6506,-4215,-19136,-6267,-767,-580
R,aa2c,231677062,18,-52427,125898,-150633,5850,160,1904
R,29c3,231679107,18,37595,-42049,-231950,-13384,-7841,-2358
R,29c3,231680297,2,7541,-3649,-34460,-15343,-7385,-2533
R,aa2c,231680694,6,-18162,48372,-55826,4736,882,4423
R,29c3,231682708,4,21664,-6848,-72691,-18809,-4849,-2668
R,29c3,231683898,2,14340,-3346,-37972,-20474,-3447,-3314
R,29c3,231685089,2,16774,-3323,-38503,-22303,-2306,-4378
R,29c3,231687500,4,41537,-6576,-77248,-26147,-621,-6875
R,aa2c,231687927,12,-37499,123368,-113336,-2310,12502,16014
R,29c3,231688690,2,25223,-2949,-38598,-28431,130,-8381
R,29c3,231691101,4,61407,-3595,-78735,-32709,3006,-12853
R,aa2c,231691528,6,-45610,69054,-51522,-2696,21046,25009
R,29c3,231692291,2,37430,34,-40813,-32762,5740,-15048
R,29c3,231693481,2,42683,1720,-41694,-32762,8935,-17440
R,aa2c,231695159,6,-88944,76072,-44607,1887,26530,32764
R,29c3,231695892,4,102096,10977,-84870,-32762,17368,-20282
R,29c3,231697082,2,58253,10696,-45320,-32762,19830,-26522
R,29c3,231698303,2,64486,15711,-50760,-32762,25080,-32476
R,aa2c,231698760,6,-143954,90999,-30564,6363,20869,32764
R,29c3,231699493,2,65528,21169,-54119,-32762,32704,-32750
R,29c3,231700683,2,65528,26481,-51674,-32467,32750,-32750
R,29c3,231701873,2,65528,30600,-43049,-30591,32750,-32750
R,aa2c,231702392,6,-187146,120003,-16691,5871,326,32764
R,29c3,231703063,2,65528,33158,-30634,-31820,32750,-32750
R,29c3,231704284,2,65528,33637,-17181,-32762,32750,-32750
R,29c3,231705474,2,65528,32352,-5682,-32762,32750,-32750
R,aa2c,231706054,6,-190402,150370,-8084,1698,-28213,32764
R,29c3,231706665,2,65528,29171,2107,-32762,32750,-29011
R,29c3,231707885,2,65528,24281,5818,-32762,32750,-23594
R,29c3,231709075,2,65528,18714,6042,-32762,32750,-16524
R,aa2c,231709625,6,-138078,172682,-7818,-12755,-32764,32764
R,29c3,231710266,2,65528,13397,4525,-32762,32750,-9460
R,29c3,231711486,2,58893,8581,2654,-32762,32750,-3033
R,29c3,231712677,2,40018,4351,1282,-32604,32750,1317
R,aa2c,231713256,6,-50530,173517,-16038,-28647,-32764,32764
R,29c3,231713867,2,20577,752,963,-25764,32750,2569
R,29c3,231715087,2,2482,-2131,1597,-20995,32750,539
R,29c3,231716278,2,-12897,-4249,2437,-18855,32750,-2305
R,aa2c,231716888,6,27129,148767,-21173,-32764,-32746,32764
R,29c3,231717468,2,-25172,-5873,3265,-17876,32750,-5412
R,29c3,231718658,2,-34533,-7354,4428,-17124,32750,-8110
R,29c3,231719879,2,-41452,-8648,6130,-16556,32750,-10302
R,aa2c,231720489,6,71202,101487,-27801,-32764,-18116,32764
R,29c3,231721069,2,-46308,-9783,8230,-16033,32750,-12095
R,29c3,231723480,4,-100196,-21918,23345,-14688,32750,-14466
R,aa2c,231724121,6,86609,48194,-36970,-32384,-8401,32764
R,29c3,231724670,2,-51309,-11496,15050,-13946,32750,-15028
R,29c3,231725860,2,-50939,-11390,17166,-13109,30200,-15372
R,29c3,231727050,2,-49900,-10957,19101,-12538,24835,-15396
R,aa2c,231727722,6,91550,2636,-41171,-22620,-1282,32764
R,29c3,231728271,2,-48328,-10267,20723,-12107,20107,-15436
R,29c3,231729461,2,-46223,-9327,22016,-11824,15993,-15290
R,29c3,231730651,2,-43821,-8270,23101,-11729,12314,-14972
R,aa2c,231731353,6,95117,-28911,-39888,-14343,4476,32764
R,29c3,231731872,2,-41199,-7304,24020,-11538,8954,-14852
R,29c3,231733062,2,-38350,-6343,24840,-11446,6090,-14357
R,29c3,231734252,2,-35429,-5464,25496,-11285,3493,-13972
R,aa2c,231734985,6,97695,-47173,-34432,-9541,8969,25518
R,29c3,231735443,2,-32382,-4688,25939,-10899,1506,-13260
R,29c3,231736663,2,-29490,-4013,26278,-10057,33,-11842
R,29c3,231737854,2,-27095,-3433,26509,-9433,-1087,-10117
R,aa2c,231738586,6,96731,-55978,-28082,-7272,12067,18072
R,29c3,231739044,2,-25317,-2955,26271,-9393,-2257,-9133
R,29c3,231741455,4,-46036,-4268,48214,-8370,-4512,-7807
R,aa2c,231742218,6,91677,-59441,-19304,-5797,14700,12609
R,29c3,231742675,2,-20489,-1168,20748,-6622,-5038,-7204
R,29c3,231743865,2,-18647,-387,19043,-4894,-4980,-6638
R,aa2c,231745849,6,80644,-60640,-9035,-5081,16041,8250
R,29c3,231746246,4,-32489,1187,36407,-3315,-4256,-5392
R,29c3,231748657,4,-27243,2921,36305,-3136,-3392,-4128
R,29c3,231749877,2,-12153,1869,18014,-3018,-3098,-3473
R,29c3,231752258,4,-22425,3940,35414,-2481,-2862,-2301
R,29c3,231753448,2,-10588,1990,17364,-2341,-3091,-2067
R,29c3,231754638,2,-10259,1933,17056,-2185,-3483,-1923
R,29c3,231755859,2,-9912,1821,16720,-1937,-3885,-1792
R,29c3,231758239,4,-18635,3305,32360,-1496,-4780,-1597
R,29c3,231760650,4,-16681,2768,30998,-874,-5537,-1226
R,29c3,231761840,2,-7507,1188,14914,-666,-5822,-1003
R,29c3,231763031,2,-6890,1041,14455,-344,-5984,-715
R,aa2c,231763946,30,211773,-297721,66276,1358,9481,-1759
R,29c3,231764221,2,-6286,918,14021,-92,-6071,-317
R,29c3,231765411,2,-5696,781,13579,52,-6182,-99
R,29c3,231766632,2,-5141,623,13132,178,-6370,115
R,aa2c,231767547,6,13094,-48987,28657,1610,7586,-2525
R,29c3,231769042,4,-8520,747,24979,351,-6663,339
R,29c3,231770233,2,-3357,107,11901,483,-6800,445
R,29c3,231773834,6,-6393,-814,33582,794,-6817,887
R,aa2c,231778411,18,7855,-122976,98217,781,1621,-4472
R,29c3,231779815,10,-124,-4434,47462,1023,-6137,1271
R,29c3,231782226,4,2470,-2584,15563,1030,-5632,1465
R,29c3,231783416,2,1516,-1448,6944,984,-5388,1471
R,29c3,231785797,4,3442,-3254,12196,920,-4736,1479
R,29c3,231787017,2,1829,-1805,5270,944,-4398,1466
R,29c3,231789428,4,3704,-3991,8969,1043,-3702,1387
R,29c3,231802612,22,15580,-27866,18942,1943,-700,106
R,29c3,231811004,14,5401,-16712,-5192,2445,611,-620
R,29c3,231815795,8,2253,-6351,-5796,2503,1066,-613
R,29c3,231816986,2,542,-1121,-1653,2508,1163,-564
R,29c3,231821777,8,2051,-2638,-7345,2193,1541,-200
R,29c3,231825378,6,1174,-170,-6497,1886,1884,190
R,29c3,231826568,2,242,221,-2362,1789,1971,353
R,29c3,231827789,2,147,337,-2420,1692,2082,492
R,29c3,231830169,4,-50,1063,-5176,1508,2234,817
R,29c3,231833770,6,-1060,2401,-8797,1150,2320,1328
R,29c3,231834960,2,-626,969,-3196,1018,2336,1477
R,29c3,231837371,4,-1631,2183,-6777,729,2364,1738
R,29c3,231838562,2,-990,1172,-3623,569,2376,1876
R,29c3,231839782,2,-1101,1201,-3813,469,2388,1981
R,29c3,231840972,2,-1193,1262,-3999,358,2412,2063
R,29c3,231843383,4,-2615,2595,-8550,165,2511,2309
R,aa2c,231847198,114,-108776,-118884,298174,3361,-539,2004
R,29c3,231849365,10,-7624,6658,-24418,-363,3056,2776
R,aa2c,231854431,12,-41724,43848,11271,3226,-490,3122
R,29c3,231856567,12,-10767,7324,-35444,-903,4099,3053
R,29c3,231857757,2,-1968,1110,-6558,-961,4279,3026
R,29c3,231860168,4,-4070,2103,-13710,-1135,4732,3018
R,29c3,231862548,4,-4231,1980,-14444,-1284,5181,2957
R,29c3,231863739,2,-2170,950,-7466,-1343,5415,2890
R,29c3,231864929,2,-2186,942,-7641,-1407,5662,2879
R,aa2c,231865295,18,-78456,73802,14991,3091,-408,4862
R,29c3,231868560,6,-6533,2844,-23728,-1595,6415,2838
R,29c3,231870941,4,-4168,1946,-16400,-1737,7030,2766
R,aa2c,231872528,12,-63771,54081,10022,2980,-470,5992
R,29c3,231875732,8,-7686,4322,-33751,-2198,8300,2715
R,aa2c,231876129,6,-35755,28574,5430,2899,-678,6512
R,29c3,231876922,2,-1737,1191,-8578,-2310,8705,2711
R,29c3,231880554,6,-4929,3991,-25899,-2700,10090,2794
R,29c3,231882934,4,-3311,2988,-17418,-2986,10976,2853
R,aa2c,231883361,12,-79511,60529,12257,2594,-1126,7724
R,29c3,231884124,2,-1728,1585,-8691,-3067,11418,2912
R,29c3,231885345,2,-1818,1619,-8653,-3192,11872,2955
R,29c3,231886535,2,-1905,1682,-8600,-3328,12329,2982
R,aa2c,231886993,6,-43554,32036,7038,2284,-1552,8265
R,29c3,231887725,2,-2029,1729,-8545,-3424,12698,3025
R,aa2c,231890625,6,-45547,33117,7788,1944,-2052,8839
R,29c3,231894927,12,-14959,11588,-48947,-4308,14900,3546
R,29c3,231896118,2,-3030,2091,-7614,-4486,15215,3647
R,29c3,231898529,4,-6614,4228,-14686,-4897,15829,3825
R,29c3,231899719,2,-3593,2086,-7055,-5026,16130,3975
R,29c3,231900909,2,-3780,2050,-6838,-5186,16365,4077
R,29c3,231902130,2,-3992,2002,-6584,-5314,16673,4272
R,29c3,231904510,4,-8606,3832,-12375,-5606,17181,4657
R,aa2c,231905090,24,-195039,140378,40000,310,-4314,11115
R,29c3,231905700,2,-4655,1826,-5753,-5779,17331,4879
R,29c3,231906890,2,-4911,1708,-5454,-5863,17472,5033
R,29c3,231908111,2,-5170,1617,-5133,-6048,17548,5220
R,aa2c,231908721,6,-50233,36310,12108,-84,-4962,11756
R,29c3,231909301,2,-5448,1485,-4823,-6181,17663,5330
R,29c3,231911712,4,-11721,2630,-8739,-6359,17699,5650
R,aa2c,231912322,6,-50278,36419,12576,-651,-5807,12282
R,29c3,231912902,2,-6301,1119,-3916,-6407,17658,5858
R,29c3,231914123,2,-6601,992,-3587,-6488,17545,6003
R,29c3,231915313,2,-6886,853,-3275,-6587,17471,6200
R,aa2c,231915954,6,-49651,36081,12891,-1201,-6744,12722
R,29c3,231916503,2,-7168,696,-2969,-6685,17290,6343
R,29c3,231917694,2,-7451,519,-2675,-6819,17057,6489
R,29c3,231918884,2,-7712,338,-2376,-6804,16756,6568
R,29c3,231921295,4,-16005,74,-3829,-6748,16231,6827
R,aa2c,231923217,12,-94269,69093,25754,-2139,-8341,13710
R,29c3,231924896,6,-25281,-1368,-3453,-6747,15348,7057
R,aa2c,231926818,6,-43594,31762,12350,-2552,-9014,14187
R,29c3,231928497,6,-26562,-3130,-975,-6491,14355,7128
R,29c3,231929687,2,-9070,-1436,212,-6324,14075,7179
R,aa2c,231930450,6,-40738,29112,11583,-2953,-9588,14459
R,29c3,231930908,2,-9173,-1606,446,-6184,13696,7184
R,29c3,231932098,2,-9259,-1782,657,-6049,13370,7143
R,29c3,231933288,2,-9330,-1930,908,-6006,12964,7103
R,aa2c,231934051,6,-37553,25772,10476,-3277,-10177,14725
R,29c3,231934509,2,-9397,-2092,1106,-5865,12583,7030
R,29c3,231935699,2,-9440,-2253,1334,-5764,12168,6947
R,29c3,231936889,2,-9467,-2421,1537,-5553,11823,6856
R,aa2c,231937683,6,-33947,21696,9243,-3416,-10494,14773
R,29c3,231938110,2,-9462,-2560,1761,-5336,11438,6773
R,29c3,231939300,2,-9446,-2694,1959,-5136,11052,6653
R,29c3,231941680,4,-18810,-5672,4476,-4799,10377,6387
R,29c3,231944091,4,-18645,-6004,5094,-4395,9756,6126
R,aa2c,231944915,12,-55992,29495,14076,-3524,-10827,14574
R,29c3,231945281,2,-9272,-3082,2779,-4208,9388,5969
R,29c3,231946472,2,-9212,-3121,2932,-3989,9065,5862
R,29c3,231951293,8,-36168,-12492,13047,-3264,7693,5448
R,aa2c,231952148,12,-39292,9152,8612,-3301,-10374,13798
R,29c3,231952453,2,-8817,-3068,3534,-3089,7374,5390
R,29c3,231953674,2,-8717,-3022,3656,-2991,7013,5305
R,aa2c,231955780,6,-13633,-3082,2603,-3028,-10036,13246
R,29c3,231956085,4,-17042,-5912,7612,-2694,6236,5129
R,29c3,231957275,2,-8260,-2855,3965,-2574,5840,5100
R,29c3,231958465,2,-8047,-2789,4020,-2473,5509,4996
R,aa2c,231959381,6,-9894,-7766,1726,-2652,-9627,12439
R,29c3,231960876,4,-15467,-5325,8257,-2234,4984,4923
R,29c3,231962066,2,-7416,-2517,4164,-2071,4702,4869
R,aa2c,231963012,6,-6257,-11928,1120,-2220,-9142,11562
R,29c3,231964477,4,-14219,-4703,8411,-1834,4228,4763
R,29c3,231966857,4,-13367,-4197,8498,-1578,3780,4693
R,aa2c,231970245,12,-2740,-33674,1116,-1441,-8149,9692
R,29c3,231972869,10,-29465,-7958,21131,-1103,2722,4597
R,aa2c,231973876,6,2893,-20499,359,-1064,-7705,8789
R,aa2c,231977508,6,5300,-22231,328,-648,-7288,7997
R,29c3,231980072,12,-27049,-4779,24701,-793,1765,4676
R,29c3,231982452,4,-6928,-569,7832,-724,1561,4692
R,29c3,231983642,2,-3073,-90,3870,-707,1438,4679
R,29c3,231986053,4,-5403,117,7539,-645,1313,4658
R,29c3,231987243,2,-2350,226,3627,-632,1277,4680
R,29c3,231989654,4,-4060,745,6922,-601,1233,4707
R,29c3,231990844,2,-1719,517,3309,-511,1157,4695
R,29c3,231994445,6,-4016,2145,9373,-457,1070,4709
R,29c3,231998046,6,-2344,2898,8374,-462,1078,4727
R,29c3,232001647,6,-854,3482,7237,-518,1087,4733
R,29c3,232004028,4,170,2576,4236,-510,1143,4709
R,29c3,232012420,14,4317,10512,10538,-681,1586,4695
R,29c3,232014831,4,2009,3329,1776,-709,1798,4731
R,29c3,232016052,2,1087,1705,694,-765,1911,4767
R,29c3,232018432,4,2284,3483,933,-873,2129,4731
R,29c3,232019622,2,1176,1768,234,-965,2239,4738
R,29c3,232022033,4,2378,3585,76,-985,2559,4788
R,29c3,232023223,2,1173,1803,-175,-1119,2666,4794
R,29c3,232025604,4,2185,3612,-775,-1288,2829,4770
R,29c3,232026794,2,1021,1783,-586,-1355,2896,4697
R,29c3,232029205,4,1948,3531,-1604,-1369,3059,4702
R,29c3,232030426,2,961,1783,-1032,-1410,3121,4733
R,29c3,232032806,4,1900,3651,-2477,-1571,3336,4725
R,29c3,232033996,2,971,1852,-1400,-1695,3415,4800
R,29c3,232035217,2,1006,1853,-1467,-1835,3530,4874
R,29c3,232037597,4,2141,3695,-3172,-2106,3819,5088
R,29c3,232038818,2,1117,1801,-1705,-2269,3928,5232
R,29c3,232040008,2,1139,1739,-1803,-2414,4104,5380
R,29c3,232041198,2,1171,1721,-1878,-2608,4195,5531
R,29c3,232042388,2,1174,1637,-1948,-2726,4320,5639
R,29c3,232043609,2,1186,1567,-2003,-2857,4501,5735
R,29c3,232044799,2,1186,1518,-2064,-3007,4612,5845
R,aa2c,232046264,114,193521,-340882,20494,2860,-2392,2143
R,29c3,232048400,6,3447,4152,-6722,-3343,5122,6186
R,29c3,232049591,2,1081,1238,-2438,-3466,5305,6308
R,29c3,232050811,2,1023,1151,-2522,-3628,5469,6354
R,29c3,232051971,2,949,1052,-2594,-3744,5637,6427
R,29c3,232053192,2,878,937,-2634,-3848,5835,6518
R,29c3,232059204,10,3186,2967,-13988,-4183,6628,6630
R,29c3,232061584,4,681,372,-5810,-4257,6920,6582
R,29c3,232063995,4,369,-19,-5827,-4334,7100,6548
R,29c3,232065185,2,94,-170,-2888,-4430,7241,6545
R,29c3,232066375,2,43,-256,-2880,-4511,7356,6496
R,29c3,232069976,6,-230,-1344,-8495,-4600,7740,6392
R,29c3,232071166,2,-206,-646,-2797,-4651,7872,6360
R,aa2c,232071594,42,-57240,60938,26663,577,-4307,6248
R,29c3,232072387,2,-285,-755,-2763,-4657,8000,6312
R,29c3,232073577,2,-344,-827,-2729,-4687,8134,6237
R,29c3,232074768,2,-419,-901,-2645,-4661,8238,6209
R,29c3,232077178,4,-1084,-2019,-5121,-4635,8467,6060
R,29c3,232081970,8,-3260,-4762,-9559,-4553,8731,5780
R,29c3,232085571,6,-3339,-3958,-6305,-4499,8824,5587
R,29c3,232089172,6,-4013,-4061,-5555,-4422,8841,5290
R,29c3,232090362,2,-1479,-1345,-1671,-4372,8830,5223
R,29c3,232092773,4,-3129,-2648,-3048,-4334,8793,5077
R,aa2c,232093322,36,-93332,86563,27047,-1037,-6814,8618
R,29c3,232093963,2,-1640,-1278,-1362,-4267,8757,4953
R,29c3,232095153,2,-1700,-1256,-1279,-4226,8728,4906
R,29c3,232096374,2,-1748,-1194,-1179,-4193,8656,4825
R,aa2c,232096923,6,-14863,13665,3675,-1238,-7151,8909
R,29c3,232098754,4,-3643,-2264,-2091,-4106,8543,4678
R,aa2c,232100555,6,-13688,13032,3319,-1367,-7343,9158
R,29c3,232101165,4,-3767,-1999,-1745,-4033,8360,4568
R,29c3,232102355,2,-1926,-898,-728,-3979,8268,4552
R,29c3,232103546,2,-1947,-827,-632,-3948,8164,4501
R,29c3,232107147,6,-5901,-2027,-1385,-3835,7836,4392
R,aa2c,232107788,12,-23409,23364,4918,-1733,-7616,9551
R,29c3,232108398,2,-1961,-521,-311,-3815,7726,4367
R,29c3,232109558,2,-1938,-428,-230,-3750,7608,4385
R,29c3,232110748,2,-1907,-358,-134,-3726,7465,4329
R,29c3,232113159,4,-3663,-449,-66,-3651,7307,4322
R,29c3,232114349,2,-1741,-103,71,-3648,7201,4356
R,aa2c,232115051,12,-17328,18622,2477,-1915,-7763,9804
R,29c3,232115539,2,-1698,-17,140,-3571,7091,4370
R,29c3,232116729,2,-1636,46,216,-3548,7012,4381
R,29c3,232117950,2,-1576,133,279,-3538,6943,4413
R,aa2c,232118652,6,-6049,7135,283,-1969,-7733,9834
R,29c3,232119140,2,-1519,212,354,-3526,6850,4472
R,29c3,232121551,4,-2864,635,887,-3481,6696,4484
R,aa2c,232122283,6,-4241,5474,-375,-1930,-7657,9874
R,29c3,232122711,2,-1360,425,530,-3444,6592,4545
R,29c3,232123931,2,-1316,486,550,-3404,6511,4531
R,29c3,232125122,2,-1260,556,613,-3366,6455,4598
R,aa2c,232125885,6,-2352,3655,-908,-1906,-7484,9833
R,29c3,232126342,2,-1219,610,658,-3347,6358,4614
R,29c3,232127532,2,-1176,667,680,-3335,6257,4568
R,29c3,232128723,2,-1142,720,724,-3292,6172,4609
R,aa2c,232129516,6,-455,1784,-1392,-1826,-7267,9675
R,29c3,232129943,2,-1084,785,746,-3258,6088,4634
R,29c3,232131134,2,-1041,848,748,-3228,6040,4615
R,29c3,232132324,2,-992,912,767,-3218,5961,4607
R,aa2c,232133148,6,1350,-136,-1869,-1689,-6945,9515
R,29c3,232134735,4,-1860,2009,1573,-3084,5807,4603
R,aa2c,232136749,6,2929,-1978,-2190,-1513,-6699,9182
R,29c3,232139526,8,-3160,4697,3229,-2948,5520,4468
R,aa2c,232140350,6,4411,-3765,-2456,-1263,-6336,8827
R,29c3,232140716,2,-642,1333,792,-2888,5444,4407
R,29c3,232141937,2,-587,1392,795,-2850,5413,4414
R,aa2c,232143981,6,5626,-5328,-2687,-997,-6027,8413
R,29c3,232144317,4,-983,2982,1563,-2746,5325,4337
R,29c3,232145507,2,-393,1578,754,-2737,5301,4309
R,29c3,232146697,2,-335,1637,781,-2679,5272,4322
R,aa2c,232147613,6,6555,-6515,-2818,-756,-5683,7886
R,29c3,232147918,2,-272,1703,767,-2628,5279,4322
R,29c3,232149108,2,-214,1761,755,-2623,5293,4346
R,29c3,232150329,2,-140,1825,713,-2612,5240,4311
R,aa2c,232151245,6,7189,-7438,-2925,-472,-5398,7448
R,29c3,232152709,4,-134,3778,1384,-2589,5258,4283
R,29c3,232153930,2,12,1928,724,-2558,5254,4306
R,29c3,232156311,4,136,3923,1404,-2508,5253,4266
R,29c3,232157501,2,137,2005,668,-2501,5228,4297
R,aa2c,232158447,12,15457,-16604,-5935,49,-4971,6622
R,29c3,232159912,4,355,4085,1279,-2447,5204,4281
R,29c3,232164703,8,1089,8538,2266,-2399,5255,4230
R,29c3,232167083,4,704,4421,953,-2342,5282,4153
R,29c3,232168304,2,369,2249,437,-2380,5276,4163
R,29c3,232170715,4,798,4593,747,-2299,5369,4152
R,29c3,232174285,6,1135,7176,853,-2343,5480,4047
R,29c3,232175506,2,329,2475,212,-2365,5529,4030
R,29c3,232177886,4,519,5009,253,-2332,5565,3914
R,29c3,232179077,2,189,2545,38,-2301,5582,3893
R,29c3,232182678,6,444,7841,-70,-2175,5672,3713
R,29c3,232186279,6,258,8360,-308,-2091,5827,3617
R,29c3,232192291,10,211,15392,-888,-2172,5915,3491
R,29c3,232195892,6,131,10136,-614,-2152,6109,3504
R,29c3,232199493,6,-36,10750,-806,-2155,6264,3449
R,29c3,232206665,12,-1635,23407,-1712,-2079,6620,3520
R,29c3,232211456,8,-2925,16933,-1328,-2222,6629,3527
R,29c3,232215057,6,-3021,13047,-897,-2184,6844,3552
R,29c3,232217468,4,-2598,8893,-673,-2149,6752,3444
R,29c3,232218658,2,-1428,4516,-298,-2072,6692,3381
R,29c3,232222259,6,-4365,13900,-562,-1898,6458,3271
R,29c3,232224670,4,-2615,9787,4,-1837,6537,3425
R,29c3,232225830,2,-1218,5123,132,-1933,6572,3670
R,29c3,232228240,4,-2380,10732,531,-2214,6307,4110
R,29c3,232229461,2,-1098,5568,441,-2573,6121,4405
R,29c3,232230651,2,-936,5677,566,-2912,5833,4708
R,29c3,232231842,2,-719,5702,668,-3234,5553,4991
R,29c3,232236633,8,398,22294,4182,-4418,5277,7124
R,29c3,232237854,2,1022,5295,1482,-4715,5212,7889
R,29c3,232239044,2,1472,5105,1634,-4988,5154,8790
R,29c3,232241455,4,4474,9586,4080,-6076,4999,10784
R,29c3,232242645,2,3107,4352,2509,-6721,4890,11905
R,29c3,232245056,4,8100,7418,6104,-8235,4645,14364
R,aa2c,232245330,144,88812,-54454,-9144,-1004,-8367,10086
R,29c3,232246215,2,5023,2921,3567,-9006,4549,15681
R,29c3,232247436,2,5684,2353,3835,-9872,4513,17134
R,aa2c,232248962,6,3349,-4791,5402,-1166,-9509,11225
R,29c3,232251037,6,21049,2848,12796,-12388,4418,21773
R,29c3,232252227,2,8405,-685,4756,-13203,4408,23403
R,29c3,232253417,2,9107,-1663,5066,-14140,4499,25022
R,29c3,232254638,2,9756,-2731,5377,-15066,4618,26647
R,29c3,232255828,2,10367,-3885,5674,-16013,4679,28140
R,aa2c,232259826,18,19096,-37495,10436,-2622,-14611,14983
R,29c3,232260620,8,46923,-28871,24934,-18822,5122,32764
R,29c3,232261810,2,12908,-10938,6766,-19440,5173,32764
R,29c3,232263000,2,13300,-12513,7045,-19986,5182,32764
R,aa2c,232263427,6,13333,-24159,-1320,-2676,-15949,15860
R,29c3,232264221,2,13678,-14164,7318,-20553,5085,32764
R,29c3,232265411,2,14088,-15910,7613,-21133,4962,32764
R,29c3,232266601,2,14477,-17737,7913,-21790,4859,32764
R,aa2c,232267028,6,18623,-30913,-5732,-2562,-16658,16314
R,29c3,232267822,2,14845,-19672,8190,-22393,4785,32764
R,29c3,232269012,2,15175,-21630,8442,-22962,4768,32764
R,29c3,232270202,2,15448,-23657,8612,-23366,4894,32764
R,aa2c,232270660,6,23925,-37590,-11215,-2313,-16864,16379
R,29c3,232271392,2,15606,-25704,8797,-23666,5009,32764
R,29c3,232272613,2,15669,-27755,8941,-23843,5192,32764
R,29c3,232273803,2,15603,-29791,9088,-23895,5391,32764
R,aa2c,232274291,6,28639,-43887,-17073,-2239,-16769,15848
R,29c3,232274993,2,15427,-31805,9210,-23883,5601,32764
R,29c3,232276214,2,15115,-33771,9263,-23858,5764,32764
R,29c3,232277404,2,14678,-35693,9323,-23770,5811,32670
R,aa2c,232277923,6,32741,-49824,-22674,-2260,-16291,14883
R,29c3,232278594,2,14124,-37531,9340,-23584,5750,31185
R,29c3,232279815,2,13495,-39282,9333,-23330,5583,29494
R,29c3,232281005,2,12814,-40904,9284,-23018,5356,27638
R,aa2c,232281524,6,36213,-55583,-27640,-1956,-15146,13596
R,29c3,232282196,2,12097,-42391,9193,-22567,4960,25640
R,29c3,232283416,2,11393,-43737,9029,-22028,4555,23565
R,29c3,232284606,2,10716,-44906,8840,-21400,4169,21501
R,aa2c,232285186,6,38305,-60547,-31529,-1507,-14292,12011
