:10100000805F0020C14C000021EB0000AD4C0000CF
:10101000AD4C0000AD4C0000AD4C000000000000E5
:101020000000000000000000000000009D4D0000D6
:10103000AD4C0000000000007D500000AD4C0000F1
:1010400031510000218F000031510000315100006A
:101050003151000031510000315100003151000088
:101060003151000031510000B189000031510000C0
:101070003151000031510000315100003151000068
:101080003151000031510000315100003151000058
:10109000C18F00003151000031510000315100007A
:1010A0003151000031510000315100003151000038
:1010B0003151000031510000315100003151000028
:1010C0003151000031510000315100003151000018
:1010D0003151000031510000315100003151000008
:1010E00031510000315100003151000031510000F8
:1010F00031510000315100003151000031510000E8
:10110000014B1B685B68184700000020014B1B68FF
:101110009B68184700000020014B1B681B6918479B
:1011200000000020014B1B685B691847000000208D
:10113000014B1B689B69184700000020014B1B688E
:10114000DB69184700000020014B1B681B6A184729
:1011500000000020014B1B689B6A1847000000201C
:1011600030B4044C9DF8085024680295E468A44605
:1011700030BC604700000020171700001D1700005A
:101180001F17000045170000231700004F1700002D
:1011900029170000591700002F17000065170000DD
:1011A0003B1700003F170000311700003717000001
:1011B000551700005F17000030B50346114890F93D
:1011C0001C209A4219DD90F924209A4217DA9A1AC3
:1011D000846AA05C0C4A15569D420DD00E3200293F
:1011E00018BF01309442C0B206D129B1013BDBB235
:1011F000012B01D80130C0B230BD0D20FCE700202A
:10120000FAE700BF100800201430010008B5054BB4
:1012100093F91C30984203DAFFF7CEFF024B1B56BE
:10122000184608BD100800201430010008B5184BFE
:1012300093F82C20FAB9012283F82C20154A126861
:10124000A2F10800082803D813490141C90709D5AC
:10125000911F092910D9013212D04FF4DF71742087
:1012600000F034F80D4A9A62D8221A6283F82420DA
:1012700008229A611A7708BD094A0A41D207ECD4BC
:10128000084A9A62D8221A6283F824200422F0E7DE
:1012900010080020C0090020DEFEFFFF4F300100D3
:1012A000EEFCFFFF22300100BFF34F8F0549064BD4
:1012B000CA6802F4E0621343CB60BFF34F8F00BFF4
:1012C000FDE700BF00ED00E00400FA051FB572B6AF
:1012D000134B5D6895B9FFF7E7FF2346B2FBF6F2C3
:1012E0005C1C002AF9D104AEDCB256FA83F303F891
:1012F0000C2C0A2234B901A8A847ECE702460023C7
:101300000A26EDE7631E04AEDCB256FA83F3B0FBA7
:10131000F2F602FB1600303003F80C0C3046E9E719
:10132000880900204FF08052034BD2F83011196029
:10133000D2F834215A607047C009002081F0004182
:1013400002E000BF83F0004330B54FEA41044FEAAA
:10135000430594EA050F08BF90EA020F1FBF54EA45
:10136000000C55EA020C7FEA645C7FEA655C00F0E1
:10137000E2804FEA5454D4EB5555B8BF6D420CDDB2
:101380002C4480EA020281EA030382EA000083EA35
:10139000010180EA020281EA0303362D88BF30BDD5
:1013A00011F0004F4FEA01314FF4801C4CEA11312B
:1013B00002D0404261EB410113F0004F4FEA03338A
:1013C0004CEA133302D0524263EB430394EA050F15
:1013D00000F0A780A4F10104D5F1200E0DDB02FA84
:1013E0000EFC22FA05F2801841F1000103FA0EF218
:1013F000801843FA05F359410EE0A5F120050EF1DE
:10140000200E012A03FA0EFC28BF4CF0020C43FA0E
:1014100005F3C01851EBE37101F0004507D54FF01B
:10142000000EDCF1000C7EEB00006EEB0101B1F56B
:10143000801F1BD3B1F5001F0CD349085FEA3000B1
:101440004FEA3C0C04F101044FEA445212F5800FBC
:1014500080F09A80BCF1004F08BF5FEA500C50F159
:10146000000041EB045141EA050130BD5FEA4C0C3C
:10147000404141EB0101013C28BFB1F5801FE9D299
:1014800091F0000F04BF01460020B1FA81F308BFBC
:101490002033A3F10B03B3F120020CDA0C3208DD88
:1014A00002F1140CC2F10C0201FA0CF021FA02F163
:1014B0000CE002F11402D8BFC2F1200C01FA02F1D3
:1014C00020FA0CFCDCBF41EA0C019040E41AA2BFF8
:1014D00001EB0451294330BD6FEA04041F3C1CDAC0
:1014E0000C340EDC04F11404C4F1200220FA04F0E0
:1014F00001FA02F340EA030021FA04F345EA03018A
:1015000030BDC4F10C04C4F1200220FA02F001FA4B
:1015100004F340EA0300294630BD21FA04F02946CD
:1015200030BD94F0000F83F4801306BF81F4801166
:101530000134013D4EE77FEA645C18BF7FEA655CD9
:1015400029D094EA050F08BF90EA020F05D054EAAB
:10155000000C04BF1946104630BD91EA030F1EBFB0
:101560000021002030BD5FEA545C05D140004941B4
:1015700028BF41F0004130BD14F580043CBF01F5A7
:10158000801130BD01F0004545F0FE4141F470018D
:101590004FF0000030BD7FEA645C1ABF1946104668
:1015A0007FEA655C1CBF0B46024650EA013406BF69
:1015B00052EA033591EA030F41F4002130BD00BF28
:1015C00090F0000F04BF0021704730B54FF48064E5
:1015D00004F132044FF000054FF0000150E700BF66
:1015E00090F0000F04BF0021704730B54FF48064C5
:1015F00004F1320410F0004548BF40424FF00001B2
:101600003EE700BF42004FEAE2014FEA31014FEAF4
:1016100002701FBF12F07F4393F07F4F81F0605143
:10162000704732F07F4208BF704793F07F4F04BF8E
:1016300041F40021704730B54FF4607401F000456B
:1016400021F000411CE700BF50EA010208BF7047CB
:1016500030B54FF000050AE050EA010208BF7047BC
:1016600030B511F0004502D5404261EB41014FF425
:10167000806404F132045FEA915C3FF4D8AE4FF02D
:1016800003025FEADC0C18BF03325FEADC0C18BF10
:10169000033202EBDC02C2F1200300FA03FC20FA61
:1016A00002F001FA03FE40EA0E0021FA02F11444AE
:1016B000BDE600BF53B94AB9002908BF00281CBFC6
:1016C0004FF0FF314FF0FF3000F00CB8ADF1080CD7
:1016D0006DE904CE00F059F8DDF804E0DDE90223FD
:1016E00004B07047704700BF08B5FFF71BFEBDE8A8
:1016F0000840FFF79BBD801A00F3070038B540B2E1
:101700000D4659B21446FFF781FD002328706B7017
:10171000204440B238BD002303607047704700206A
:1017200070474FF0FF3070474FF0FF307047704701
:101730004FF0FF30704700207047002070470023B3
:10174000037070479DF800300022FFF7D4BF4FF0C0
:10175000FF307047002070474FF0FF3070474FF068
:10176000FF307047704710F8012B11F8013B012A38
:1017700028BF9A42F7D0D01A7047034613F8012BBE
:10178000002AFBD1181A013870472DE9F0478C4622
:101790008E46089E154604461946002B40F0D08020
:1017A000724547D9B2FA82F74FB1C7F120030EFA5A
:1017B00007FC20FA03F3BD4043EA0C0CBC404FEA9F
:1017C000154EA8B2BCFBFEF8230C0EFB18CC08FB90
:1017D00000F943EA0C43994528D9EB1808F1FF3288
:1017E00004D2994502D9A8F102022B44A3EB0903C4
:1017F000A4B2B3FBFEFC0EFB1C330CFB00F044EA6E
:101800000344A04214D92C190CF1FF3304D2A04296
:1018100002D9ACF102032C44241A43EA02401EB15F
:10182000FC40002334607360BDE8F0874246DDE78A
:101830006346F1E7002A79D0B2FA82F3002B3FD059
:101840001946C1F1200302FA01F52EFA03F20EFA4D
:1018500001FE20FA03F343EA0E034FEA154E00FAA5
:1018600001F4B2FBFEFCAFB20EFB1C201A0C0CFB09
:1018700007F842EA004290455AD9AA180CF1FF3005
:1018800004D2904502D9ACF102002A44A2EB08022E
:101890009BB2B2FBFEFC0EFB1C220CFB07F743EADB
:1018A00002439F4246D9EB180CF1FF3204D29F420B
:1018B00002D9ACF102022B44DB1B42EA004202E0F7
:1018C000AEEB020301224FEA154EAFB2B3FBFEFCB2
:1018D000200C0EFB1C330CFB07F840EA0343984531
:1018E0002AD9EB180CF1FF3004D2984502D9ACF19B
:1018F00002002B44A3EB0803A4B2B3FBFEFC0EFBD7
:101900001C330CFB07F744EA0344A74216D92C19F1
:101910000CF1FF3304D2A74202D9ACF102032C44EC
:10192000E41B43EA00400F46114678E71F2188E791
:101930006046ABE76246BFE76046DBE76346EFE73A
:10194000734506D916B9002108466DE7C6E9000EB1
:10195000F9E7B3FA83F787B9734501D3824207D811
:10196000841A6EEB030301209C461EB900215BE73D
:101970003846FAE7C6E9004CF8E7C7F1200CBB404F
:1019800022FA0CF51D4320FA0CF12EFA0CF30EFA94
:1019900007FE41EA0E014FEA154900FA07F4B3FBCE
:1019A000F9F81FFA85FE09FB18300B0C08FB0EFA3C
:1019B00043EA00439A4502FA07F240D9EB1808F1CE
:1019C000FF3004D29A4502D9A8F102002B44A3EBC0
:1019D0000A0389B2B3FBF9F809FB183308FB0EFEC2
:1019E00041EA03418E452CD9691808F1FF3304D22E
:1019F0008E4502D9A8F10203294443EA0040A0FB26
:101A00000298A1EB0E014145CE46434602D306D1D2
:101A10004C4504D2B9EB020E68EB05030138002EE9
:101A2000A4D0B4EB0E0261EB030101FA0CFC22FA24
:101A300007F34CEA0303F940C6E9003196E7404654
:101A4000C5E74346D9E70000F8B5164F3D68854223
:101A5000044625D0002D0BDB50225543124E13486F
:101A600005F1440131440BF01AFE2E4486F8410082
:101A7000002C3C6010DB50230B495C430B1993F89E
:101A800041304BB14434094821440BF011FEBDE80C
:101A9000F84006480BF0C4BD044800F049FCF6E7E6
:101AA000F8BD00BFD800002094130020741200205D
:101AB0002DE9F043D5B00BF058FD0646EFF3118445
:101AC000402383F31288BFF36F8F2C494FF4A07229
:101AD00004A810F05DFD2A4BD3F80080294B1F6845
:101AE00084F31188BFF36F8FDFF8C89004AC002532
:101AF000237823B3236B4EF66022F31A93421ED849
:101B0000B3F57A7F35D294F838309A0733D41E4A29
:101B100013F0010F1D4B18BF1346626A0392A26AAD
:101B2000029294F83920019294F940200092184AC8
:101B300061681848454508BF4A460BF055FE013517
:101B4000042D04F15004D3D1134B1449002F18BFB6
:101B50001946134BBFF35B8F1B68BFF35B8F1148B4
:101B60003A460BF041FE104855B0BDE8F0430BF08B
:101B70003BBE0E4BD1E70E4BCFE700BF94130020C6
:101B8000D8000020901300209E37010097370100F5
:101B9000AA370100BE370100B2370100B937010092
:101BA000D4140020ED3701001238010090370100F5
:101BB00086370100A337010073B50E6805460C4651
:101BC00030461F49FFF7CFFD18B91E480BF00CFE39
:101BD00006E01D493046FFF7C6FD20B9FFF768FF54
:101BE000012002B070BD19493046FFF7BCFD20BB93
:101BF000022DF6D1656816492846FFF7B4FD50B1AD
:101C0000102201A928460AF007FB019B1B7803B9A3
:101C100008B91048DAE7EFF31183402282F3128803
:101C2000BFF36F8F0C4A106083F31188BFF36F8F7F
:101C30000A4861680BF0D8FDD2E70020D1E700BF69
:101C40001C38010021380100563801005C380100C1
:101C5000B937010061380100901300208B38010072
:101C600030B50378022B95B004D1164D0AA807F0C1
:101C700089FB08B115B030BD9DF82840202CF5D85F
:101C800022460DF12D0101A810F082FC9DF82A30AA
:101C90008DF824405B428DF825300B48002200234C
:101CA00001A910F0E8F80028E0D0BFF35B8F55E8F9
:101CB000003F013345E80032002AF8D1BFF35B8FC3
:101CC000D4E700BFD4140020A80600202DE9F04777
:101CD000DFF82882B4B04FF0FF3213A94FF0FF3382
:101CE000804808F0A7FD0BF040FC9DF86C100646FC
:101CF0000BAA13A80BF0FBFC0028ECD0EFF3118922
:101D0000402383F31288BFF36F8F7748DDF830A04C
:101D1000D8F800C04FF0FF32134600240746017880
:101D2000002956D041688A4534D1502303FB0474FE
:101D30009DF84B3084F839309DF86D3084F8403090
:101D4000237A9DF82D209DF84A10266384F83820C8
:101D500033B194F83A30E06BCB1A50FA83F3E36373
:101D600084F83A10D10702AB58BF666303AA0BA9E7
:101D700004F108000BF0F1FCE51B5C4B2D115D43F9
:101D80005B4B1B688246002B43D06268934237D17D
:101D900028463BE0A44521D10134042C00F1500039
:101DA000BDD1581C02D1002A25DB1346502202FB6C
:101DB00003F57C190021204610F0F8FB05F108001E
:101DC000012338447B55C4F804A026630BF0C1FC02
:101DD000AEE7B3F1FF3F08BF2346DDE7002A08DB8B
:101DE000502505FB0275016B2D6BA94238BF2246B9
:101DF000D2E72246D0E789F31188BFF36F8F6AE7F5
:101E0000D8F800309D421DD14FF0FF30FFF71CFE87
:101E100018E0D8F800309D4214D0002BB8DB5022D7
:101E20005343FA18FB5C002BB2D0136BF61AB6F5CD
:101E30007A7FADD292F83830DA0703D594F838308B
:101E4000DB07A5D562680692626A0792A26A0892C9
:101E5000E26B099294F840208DF8282094F83820FD
:101E60008DF829205222D8F800308DF82A2089F3E5
:101E70001188BFF36F8FAB427FF42DAF06A801F03E
:101E80000BFB00F0E3FE1B490B68984206D01CA830
:101E900000F0C2FE18481CA90BF0F4FB01F0F4F8A6
:101EA00010B1154800F044FABAF1010F03D11248FD
:101EB0000BF0B6FB0FE7029A002A3FF40CAF1CAC04
:101EC00011AB03A90C48009400F066FADDE91C018F
:101ED00001F0FCFC029A084811AB214601F086FA99
:101EE000F9E600BFA806002094130020CDCCCCCC8E
:101EF000901300207012002074120020D8000020DF
:101F0000F8B51D4E0025002140F6CD4010F0A4F993
:101F100001350BF02AFBEFF31187402383F312887E
:101F2000BFF36F8F3368002B21DB5021134A4B43E3
:101F3000D118D45C34B10B6BC01AB0F57A7F2CBFCA
:101F400000240124214687F31188BFF36F8F0C48CA
:101F50000BF018FB74B90B4B0B4A6B43B2EBB30F8E
:101F60002CBF0121002109480BF00CFBCBE700211D
:101F70000C46E8E70021F6E7D80000209413002083
:101F800038330100CDCCCCCCCCCCCC0C30330100E0
:101F900000B599B0184A194806210BF007FB164AFC
:101FA000164808210BF002FB00F012FE14496846A7
:101FB00000F032FE694613480BF04DFB124801F069
:101FC00081FA124801F034FD1149012001F080FA34
:101FD00038B1104801210BF0D5FA002019B05DF896
:101FE00004FB07F019FA0028F3D10B4810F04DF963
:101FF0000A4810F04AF9F0E7010016000C2C010025
:10200000701200207412002028330100AD3000004F
:10201000611C000030330100080B0020400A002042
:10202000D0ED016A90ED006A90ED027A66EEA67A34
:1020300046EE067A47EE077AF1EEE77ADFED0F5AC1
:10204000F4EEE57AF1EE10FA16DD9FED0D5AF0EEA2
:10205000E75AF4EE455AF1EE10FA0DD8C6EE275ABB
:1020600086EEA76AC7EE276AC0ED005A80ED016AC6
:10207000C0ED026A0120704700207047BD378635E9
:10208000FFFF7F7FF0EE407A9FED0C7AF0EEE76A7B
:10209000F4EE476AF1EE10FAB0EE600A0DD8F4EEF5
:1020A000E07AF1EE10FA08D4F4EEC17AF1EE10FA0B
:1020B000D4BFB0EE670AB0EE410A7047FFFF7F7FE2
:1020C00008B590ED007ADFED147AB0EEC77AB4EE81
:1020D000677AF1EE10FA02460B4611D890ED017ABC
:1020E000B0EEC77AB4EE677AF1EE10FA08D890ED48
:1020F000027AB0EEC77AB4EE677AF1EE10FA05D93B
:1021000003CB106051601868906008BDFFF788FF2E
:102110000028FAD1F4E700BFFFFF7F7F10B534221B
:10212000044600212C3010F041FA01232360104BAB
:102130006360104BA360104BE360104B23614FF0C2
:10214000804363610E4B0F4AA3614FF07E53E361FE
:1021500023626262A3640C4AA26240F201130B4A3A
:10216000A4F854304FF07F53A2632264A36510BDDE
:10217000295C0F3D40DAFF380040D0440000C841E0
:102180000000A0420000F0419A99193E000080BF73
:1021900010B5044698B06846FFF7C0FF2368012BCE
:1021A00007D060226946204610F0F2F9002018B0EE
:1021B00010BDD4ED017AF5EEC07AF1EE10FA08DD2B
:1021C0009FED527AF0EEE77AF4EE477AF1EE10FAEC
:1021D00001D9019B6360D4ED027AF5EEC07AF1EE8D
:1021E00010FA08DD9FED497AF0EEE77AF4EE477ACF
:1021F000F1EE10FA01D9029BA360D4ED037AB7EE99
:10220000007AF4EEC77AF1EE10FA08DD9FED3F7A1E
:10221000F0EEE77AF4EE477AF1EE10FA01D9039B7B
:10222000E36094ED040A9FED3A1ADFED3A0AFFF7F6
:1022300029FFDFED390A84ED040AB3EE041A94EDA8
:10224000050AFFF71FFF9FED351A84ED050AF7EE2B
:10225000000A94ED060AFFF715FF9FED311ADFED36
:10226000310A84ED060A94ED070AFFF70BFF9FED94
:102270002E1ADFED290A84ED070A94ED080AFFF70C
:1022800001FF9FED271ADFED230A84ED080A94ED84
:10229000090AFFF7F7FEDFED200A84ED090AB3EE25
:1022A000041A94ED0A0AFFF7EDFE9FED1F1A84ED64
:1022B0000A0A94ED0B0AFFF7E5FEDFED1C0A84ED38
:1022C0000B0A94ED160AFFF7DDFE94F8543084ED06
:1022D000160A003B18BF012384F8543094F8553097
:1022E000003B18BF012384F855300CA904F13000DD
:1022F000FFF7E6FE0FA904F13C00FFF7E1FE04F151
:10230000480012A9FFF7DCFE012050E7FFFF7F7FA6
:102310000000FA43CDCCCC3D000000000000FA44A0
:1023200000007A440AD7233C00004842CDCC4C3D03
:1023300010B500230022174983674FF0FF4443671D
:10234000036780F87C20C0F88830C0F88430C0F87B
:102350008030C0F88C3080F8B42080F81821C0F8A4
:102360009040C0F89C10C0F8A830C0F89440C0F865
:10237000A010C0F8AC30C0F89840C0F8A410C0F865
:10238000B030C0F8D030C0F8D430C0F8E030C0F879
:10239000E42010BD000080FF2DE9F04393B0044617
:1023A0001A9D884616460021282228461F4610F00E
:1023B000FDF894F8183185F82430002E00F0F882EA
:1023C00007EE906A94ED037AD4ED015A94ED026A17
:1023D000F8EE677A06AE87EE873AEC4632466946F3
:1023E000002358F8230007EE100AF8EEC76A37F901
:1023F000130086EEA77A0133032B27EE257AA1EC92
:10240000017A07EE100AB8EEC77A27EE067AA2EC38
:10241000017AE6D194F8B430A3B9634603CBC4F88B
:10242000B8001868C4F8BC103346C4F8C00003CB29
:10243000C4F8C4001868C4F8C8100123C4F8CC005C
:1024400084F8B430DFEDE67AD4ED345A94ED356A91
:1024500063EE277AF7EE002A37EEA27A04F18002C3
:10246000C7EE874A04F18C0160461346D3ED0E7A1D
:10247000B0EC015AD3ED116A35EE677A47EE247A53
:10248000B6EC017AC3ED0E7A75EE677A37EE664ADE
:1024900067EEA77A44EE246A47EE835AD3ED007ABA
:1024A000C3ED116A43EE057A37EE667AE3EC017A02
:1024B00027EE077A994207EE036AD7D1D4ED237A43
:1024C0009FEDC85AC4ED345A73EE277A84ED356A0D
:1024D000F4EEC57AF1EE10FAC4ED237A00F1A8808B
:1024E0000026F2EC016A86EEA77A42F8046CD2ED7F
:1024F000034AB4EEE47AD2ED064AF1EE10FAB4EEF5
:10250000E47A48BF82ED037AF1EE10FAC8BF82ED9B
:10251000067A92ED097A37EE267A914282ED097AAF
:10252000DFD194ED387AD4F8E430C4F88C6077EEDB
:10253000877A0133F4EEE27AF1EE10FAC4ED387ADC
:10254000C4F8E43074D40FABD4ED166A04F19002F1
:1025500004F19C0818464FF0010ED2ED064A84EEB5
:10256000A77A114604320EF0010ED1ED004AA0EC1C
:10257000017A91ED037A37EE647AB4EEE67AF1EE01
:1025800010FAC8BF4FF0000E9045E6D1C5EEA76A1D
:10259000F1EEE66A86EE277AC4ED366AF1EEC77A86
:1025A0009FED917AC4ED377AF4EEC76AF1EE10FA36
:1025B00040F101829FED8D7AF4EEC77AF1EE10FAC8
:1025C0004CBF01200020BEF1000F11D094F855201F
:1025D00072B194F87C1004F17002002940F0ED8192
:1025E00003CB2067186851600123906084F87C3029
:1025F0007F4BC4F89C304FF0FF42C4F8A030C4F8C1
:10260000A430002384F818E1C4F89020C4F8A8602E
:10261000C4F89420C4F8AC60C4F89820C4F8B06042
:10262000C4F8D060C4F8D460C4F8E060C4F8E43002
:1026300004F1700203A905F1080304F17C00B2EC77
:10264000017AFCEC017A77EEC77A9042E3EC017AEA
:10265000E1EC017A67EE837AC3ED027AEFD1B7F944
:102660000030D4ED026A07EE103AB7F9023003EEFB
:10267000903AB7F90430F8EEE33AB8EEC77A63EE71
:10268000A63A07EE903A27EE267ACDED0A3AF8EE12
:10269000E77A63EEA33A47EE073A67EEA67A8DED46
:1026A000097A47EEA73ACDED0B7AF1EEE33ADFED8A
:1026B000567AF4EEE73AF1EE10FA40F3B681DFED28
:1026C0004D7AF4EEE73AF1EE10FA4CBF01270027FD
:1026D00094F86C30DDED031A9DED044A9DED052A5A
:1026E000002B40F0A481F6EE007AF4EEE73AF1EE2A
:1026F00010FA0CDD09AB03CB20661868A066616692
:1027000004F160000123FFF78BFC84F86C3094F82F
:102710005430002B40F0D28104F1300204F13C032C
:1027200092ED017AD2ED007AD3ED006A24EE077AB9
:1027300001EEA77AD2ED027A02EE277AD3ED017A82
:1027400064EE277A41EEA67AD3ED026A42EE267A4B
:1027500067EEA76A47EE076AF1EEE66A94ED0A6A49
:102760009FED255AB5EEC06AF1EE10FA11DDB4EE18
:10277000E66AF1EE10FAB5BF36EEC66AF0EE457ABB
:10278000C6EE265AB0EE457ABCBF27EE257A67EE34
:10279000A57A27EEA76A07EE076AB1EEC66A94F833
:1027A000E830D4ED3B6A94ED3C4A47EE036A07EE0D
:1027B000834AC4ED3B6A84ED3C4A6BBB0123C4ED04
:1027C0003D6A84ED3E4AC4ED426A84ED434A84ED9D
:1027D0003F6A84ED407AC4ED417A84F8E8301BE02A
:1027E000DB0F4941CDCCCC3D9A99193FA69BC43B08
:1027F000000080FF9A99993F00000000DB0FC9405C
:102800006F12833A00FEFFC6CDCC4C3F35FA8E3CAA
:102810009A99993E00FEFF461FED082AD4ED095A09
:1028200065EE825A65EE835A75EEA24AC5EEA43A69
:10283000D4ED3F4AD4ED405A36EE646A37EE657AFD
:1028400046EE234A94ED416AC4ED3F4A77EEC67ADC
:1028500047EE235A07EEA36A94ED087AD4ED077A7F
:1028600084ED416A44EE877AC4ED405A67EE827A7D
:1028700067EE837A77EEA23A87EEA37AD4ED3D3AFB
:1028800076EEE36A46EE873AD4ED3E6AC4ED3D3A11
:1028900074EE667A47EE876AD4ED0B7AC4ED3E6A31
:1028A000F5EEC07AF1EE10FAC1BF1FED2B7A67EE9C
:1028B000877A45EEA73A46EE276AD4ED067A94ED7C
:1028C000056AD4ED435A24EE866A34EEA77A76EE92
:1028D000E55AC6EE077A94ED047A94ED426A77EEF3
:1028E000A27A33EEC66A67EE877A94ED447A06EEF2
:1028F000277A94ED456A05EEE76A84ED456A1FED97
:102900003B6AB4EEC67AF1EE10FA00F314815FED83
:10291000437AB4EEE77AF1EE10FA58BFF0EE477A58
:10292000BDEEE77AF8EEC75A77EEE57AC4ED447A61
:1029300085ED007A94ED457AB4EEC67AF1EE10FAA0
:1029400000F3FC805FED517AB4EEE77AF1EE10FA15
:1029500058BFF0EE477ABDEEE77AB8EEC76A77EE79
:10296000C67AC4ED457A85ED017AD4ED3B7AD4F888
:10297000FC3084ED425A77EEE37A84ED435AC4ED9D
:102980003B7AD4ED3D7A77EEE37AC4ED3D7AD4ED2F
:102990003C7A77EEE67AC4ED3C7AD4ED3E7A77EE77
:1029A000E67AC4ED3E7A2B6294F8183185F824302B
:1029B00013B0BDE8F083002005E604F17C0870B197
:1029C0005FED6F6AD2ED007AB3EC017A37EE677A89
:1029D00047EE267AE2EC017A9045F3D108E61046FC
:1029E0009946B6EE007AF0EC016AF9EC017A77EEDE
:1029F000E67AF0EEE77AF4EEC77AF1EE10FA01F03B
:102A00000101C8BF00218045EDD100293FF4F0ADA0
:102A1000D2ED007AB3EC017A37EE677A47EE057AA9
:102A2000E2EC017A9045F3D1E2E5002750E65FED54
:102A3000897A21EEA77A04F160018DED0C7A24EEFB
:102A4000277A62EE277A0CA80FAA8DED0D7ACDEDCC
:102A50000E7A0B460AF0C5FD04F16C060846D0ED6F
:102A6000007AB2EC017A43EE477AE0EC017A8642D2
:102A7000F5D147B90846FFF7D3FA00287FF447AEEF
:102A800084F86C0043E673EE037A09AAF4EEE27A66
:102A9000F1EE10FAD4BFB0EE677AB0EE627AB2EC23
:102AA000016AD3ED007AC6EE236A76EEE76A46EE57
:102AB000877AE3EC017A9E42F1D1DBE794F86C303F
:102AC000002B3FF429AE0FAA04F1600104F1480085
:102AD0000AF087FDDDED107ADDED0F6A9DED117ACC
:102AE00067EEA77A46EEA67A47EE077AF1EEE77A26
:102AF0001FEDB97AF4EEC77AF1EE10FA7FF70CAE5B
:102B00001046FFF78DFA00283FF406AED4ED187A90
:102B1000F1EE677ACDED0C7AD4ED197AF1EE677AA1
:102B2000CDED0D7AD4ED1A7AF1EE677A1346CDED3C
:102B30000E7A0CAAF4E5F0EE467AF1E65FEDCB7A78
:102B400009E700BF70B59AB00C4615461A4901AAAC
:102B50001E460BF0B3FE58B3019B4BBB602C24D137
:102B6000224602A93046A847602804461DD102A883
:102B7000FFF70EFBC8B1114B0593114B0393114B9B
:102B80000493EFF31185402383F31288BFF36F8F13
:102B90000D48224602A90FF0FBFC0C4A13680133D2
:102BA000136085F31188BFF36F8F00201AB070BDDA
:102BB0006FF00100FAE700BFC43801000040D044C4
:102BC000295C0F3D40DAFF38DC140020D8140020C7
:102BD00008B50B48FFF7A2FA094A0A4BD3600A4B23
:102BE00053600A4B93600A4B01221A6001F018FCF3
:102BF00020B9BDE80840074801F02ABB08BD00BF66
:102C0000DC1400200040D044295C0F3D40DAFF383E
:102C1000D8140020BC38010038B50C46EFF31185FC
:102C2000402383F31288BFF36F8F064960220FF0B1
:102C3000AFFC14B1044B1B68236085F31188BFF30C
:102C40006F8F38BDDC140020D8140020014B1868A9
:102C5000704700BFD814002010B598B0014660221C
:102C600068460FF095FC012368460093FFF790FA41
:102C70000D4B03930D4B01930D4B0293EFF3118416
:102C8000402383F31288BFF36F8F6022694609489F
:102C90000FF07EFC084A13680133136084F3118837
:102CA000BFF36F8F18B010BD0040D044295C0F3DBA
:102CB00040DAFF38DC140020D814002000B599B0A9
:102CC00068460021FFF7A8FF60226946024801F02C
:102CD0008DFA19B05DF804FBC038010037B50C4619
:102CE00001A9054609F00AF9019BAB420FD01878FB
:102CF00068B99FED087AF0EEC07AF4EE477AF1EE0B
:102D000010FA02D884ED000A012003B030BD002083
:102D1000FBE700BFFFFF7F7FF0B50B798A68012BCF
:102D200089B00C4600EB02050FD0022B15D0002B0A
:102D30002ED18058FEF766FC02460B4615482168E6
:102D400009B0BDE8F0400AF04FBD825C0968124846
:102D500009B0BDE8F0400AF047BD8058696805AB8E
:102D600003C3A86818600598FEF74CFC0646079850
:102D70000F46FEF747FCCDE902010698FEF742FC3C
:102D8000CDE900013246216804483B460AF02CFD9B
:102D900009B0F0BDC8380100D3380100DC380100AB
:102DA0002DE9F04F2DED108BB5B00FF035FB4FF442
:102DB0007A73A0FB030203FB0121C30B43EA4143E7
:102DC00014334FEAD13242F10002D20342EA5342B5
:102DD00040F2E731DB035B184FF000071A93A24C77
:102DE000A24EDFEDA3FA42F100031B93B846B946A9
:102DF000BA461A9BB3F57A7F1B9B73F10003C0F0B0
:102E00002D810023DDE91A014FF47A72FEF752FC9E
:102E10006FF00103181A4FF0FF3363EB01010FF05D
:102E20001BFAEFF31183402282F31288BFF36F8FF6
:102E3000E26827922269269262692592A269249209
:102E400094F820202392B4F93C202292B4F93E2039
:102E500094ED00FAD4ED01EA94ED02EAD4ED07DA3C
:102E600094ED09DAD4ED0ACA94ED0BCAD4ED0CBA8C
:102E700094ED0DBAD4ED0EAA94ED11AAD4ED129AE8
:102E800009EE102AB4F9402008EE902A32681C920C
:102E900072681F92B2681E92F2681D9296F9102015
:102EA00021920025727C96F812B02092C4E9005558
:102EB000C4E90355C4E90555A560C4ED07FA83F3D9
:102EC0001188BFF36F8F1C9B9A4501BF1F9BA3EB1B
:102ED00009091E9BA3EB080804BF1D9BDD1B654B66
:102EE0001B781CBFA846A946002B00F0A88000F064
:102EF00061FD002800F0A3800FF08EFA4FF47A7382
:102F0000A0FB03029FED5C8A03FB0122C00B40EA99
:102F10004241BBF1000F2FEE080A339108BF4FF07A
:102F20002D0B0AF0D7FA2EEE880A28900AF0D2FA72
:102F30002EEE080A29900AF0CDFAB2EE040A2DEE20
:102F4000800A2A900AF0C6FA2DEE080A2B900AF0A1
:102F5000C1FA2CEE880A2C900AF0BCFA2CEE080A72
:102F60002D900AF0B7FA2BEE880A07460AF0B2FA5B
:102F70002BEE080A2E900AF0ADFA2AEE880A2F905E
:102F80000AF0A8FADDED227ADFED3CAAB8EEE70AF6
:102F9000824620EE2A0A20EE080A0AF09BFAB8EED2
:102FA000C90A229020EE2A0A20EE080A0AF092FAB4
:102FB000B8EEE80A329020EE2A0A20EE080A0AF05B
:102FC00089FA2AEE080A31900AF084FA9FED2C0A59
:102FD000309029EE800A0AF07DFA209B319A1192F6
:102FE000CDE91753219BCDE91583309B1293329B7A
:102FF0001093229BCDE90EA32F9B0D932E9BCDE921
:103000000B732D9B0A932C9B0993239B08932B9B5B
:103010000793269B0693CDE91309279B05932A9BCB
:103020000493299B0393289B0293249B0193259B44
:1030300000931C9A339913485B460AF0D5FB1A9B00
:10304000DDF87C90DDF870A013F520231A931B9B0C
:1030500043F10003DDE91D781B93CAE66FF0010020
:103060004FF0FF31DBE600BF501500203C1500207B
:10307000000000003405002000007A4440DAFF38E8
:1030800000401C46F1380100074BBFF35B8F002264
:1030900053E8000F43E800210029F9D1BFF35B8F0B
:1030A000801A18BF012070479C1500202DE9F04FB1
:1030B000B5B0A34900246A4600940FF0C3FA04ADEA
:1030C000D8B1082C10D1049E9E493046FEF74BFB28
:1030D000C0B99D4B9D481B68012219680AF084FB0A
:1030E0009B480AF081FB0AE045F8040B94496A46C4
:1030F000002001340FF0A6FAE2E7002CE3D135B04E
:10310000BDE8F08F93493046FEF72DFB054678B9B0
:1031100001460CA8FFF780FD8F4E31460CA8013503
:10312000FFF7FAFD0E2D06F10C06F6D18B48D8E715
:103130008B493046FEF717FB054600287ED1022C4E
:1031400001DC8848CDE7059FDFF80C924FF00C0BAF
:103150000BFB05F8394659F808603046FEF703FBCB
:1031600008EB090A0146E8B90CAD2846FFF754FD03
:103170009AF80430DAF80870012B05EB070B27D01A
:10318000022B3BD0B3B12846FFF766FD002128464D
:10319000FFF742FD09EB08012846FFF7BDFD724825
:1031A000314604E001350E2DD2D1704839460AF07F
:1031B0001BFBA4E7032C02D06D483146F7E70698C5
:1031C00001A9FFF78BFD0028F6D0019BEB51DAE750
:1031D000032C02D067483146E9E7069801A9FFF7BA
:1031E0007DFD0028F6D0DDED017AF5EE407AF1EEB6
:1031F00010FA14BF01230023EB55C4E7052C02D0BD
:103200005D483146D3E7069801A9FFF767FD00281E
:10321000F6D0079802A9FFF761FD0028F0D00898C2
:1032200003A9FFF75BFD0028EAD001AB03CBE8510F
:103230001868CBF80410CBF80800A4E74F493046D3
:10324000FEF791FA38B9FFF739FD014608B14C484D
:10325000ADE74C4845E74C493046FEF784FA18B9CB
:103260000AF0B7FA49483CE749493046FEF77BFA8D
:1032700068B9BFF35B8F474B012253E8001F43E857
:1032800000200028F9D1BFF35B8F434829E7434969
:103290003046FEF768FA68B9022C0BD14049059810
:1032A000FEF761FA003818BF012000F069FB0599AC
:1032B0003C487CE73C493046FEF755FA70B9022C91
:1032C0000CD1059C36492046FEF74DFA374B0038A5
:1032D00018BF012018702146354868E73549304647
:1032E000FEF741FA054600286ED10CAE0146A02239
:1032F00030460FF05BF93048174F0AF075FA2C464C
:1033000057F824302D4AC5F1A001701908F0CCFD02
:10331000002806DB272C054403D09F2D04F103046D
:10332000EED9274831460AF05FFA074B1B685B6805
:1033300023B1204A019201A9012098472148D0E6F3
:103340004A390100AA380100A01500204E390100B9
:103350005B39010063390100403301006739010026
:103360006F390100733901000D3A01009F390100E6
:10337000B7390100D4390100ED390100183A0100D4
:103380001D3A01002A3A0100333A01003C3A01009B
:10339000493A01009C150020503A01005B3A0100B7
:1033A00034410100623A0100703A01003405002006
:1033B0007A3A01001C3801008B3A0100D43A01002E
:1033C000D83A0100E83A0100064B1B685B6813B964
:1033D00005483146EBE604A9204698470028F7D077
:1033E0008DE600BFA0150020F13A01002DE9F04361
:1033F000EFF31186402484F31288BFF36F8F254DBD
:1034000001F1140700F1600C023B05F13A0E01F1E5
:1034100020082C46B7EC017AD5ED007A77EE877A52
:103420004745E5EC017ADCF81090C5F820905CF88F
:10343000049BC5F82C9033F9029F2EF8029FE9D126
:103440000D68E368D1ED087A94ED077A2B44E360C8
:103450004D6823692B442361636901336361A36968
:103460001344A36191F8243084F82030F4EEC77A35
:10347000D0F8D8306364F1EE10FAD0F8DC30C8BF71
:10348000C4ED077AA36486F31188BFF36F8FBDE89C
:10349000F08300BF5015002070B50446EFF311868D
:1034A000402383F31288BFF36F8F0FCC044D0FC5F9
:1034B00023682B6086F31188BFF36F8F70BD00BF48
:1034C0003C150020014B1860704700BFA01500207C
:1034D000F0B5144D07460E460FCD87B001AC0FC4B2
:1034E0002B68236001A8002301248DF80570029643
:1034F000ADF812308DF8174005F03AFE78B90A4859
:1035000006F008F858B9094806F01EF838B9084816
:10351000214606F031F810B94C2006F053F807B0F8
:10352000F0BD00BF003001009C4101009841010046
:1035300097410100EFF31182402383F31288BFF318
:103540006F8F074B1970074900230B7006490B60FA
:1035500006490B6082F31188BFF36F8F704700BF7D
:103560000F2100200E210020AC150020B0150020F6
:1035700010B5084CA0B04FF0FF3307484FF0FF32B2
:10358000694607F057F92368002BF4D0684698473E
:10359000F1E700BFA4150020800600202DE9F04FC0
:1035A000524EB1B00446A368DB6B002B40F0908014
:1035B000A3689B6B002B40F09380A368DB6A33B950
:1035C000A3681B69002B34D16FF0570836E0204602
:1035D00098470028F4D1A368DB691BB120469847BF
:1035E0000028E0D0EFF31187402383F31288BFF364
:1035F0006F8F3F4D2946EB8831F80A2F9B1A9BB2FB
:10360000402B10AA28BF402328460AF040FC02465F
:1036100000284CD105F10A0128460AF06EFCA36887
:103620009B690BB12046984787F31188BFF36F8FD2
:10363000B9E740226946204698478046DFF8C090A7
:103640006D464FF0000AC245C5DA15F8012B0A2A6B
:1036500001D00D2A1DD196F800B0BBF1000F13D197
:10366000D9F8007087B13A46224910A80EF090FFB1
:1036700007F1C0030DEB030707F880BC1E480022CA
:10368000002310A90EF0F7FB0023C9F800303370B7
:1036900008E0D9F800307E2B07D8591CC9F8001073
:1036A0001449CA540AF1010ACDE70123EFE7A368E0
:1036B0001099DB684BB120469847104920EAE07228
:1036C000A1F10A000AF019FCAEE76FF05700F4E729
:1036D0002046984700287FF46BAF31B0BDE8F08FEB
:1036E0002046984700287FF468AFF6E78C2000203A
:1036F000DC0000208D20002080060020E600002055
:10370000A81500202DE9F047EFF311814FF0400A92
:103710008AF31288BFF36F8F2C4B1B7883B1DFF8CD
:10372000C88098F800305BB9294B1B7803F0FF097B
:1037300033B9284F284E3A68336852EA030005D15E
:1037400081F31188BFF36F8FBDE8F08747F6FF74F0
:10375000A24222481546A8BF25468542B8BF054665
:103760009C42A8BF1C468442B8BF0446521B1B1B88
:103770003A6033601A4A012388F80030C5F3072302
:103780009370C4F3072382F800905570D4701371BE
:1037900082F8059081F31188BFF36F8F11480621DD
:1037A0000CF04BFE0028CFD0EFF311828AF3128881
:1037B000BFF36F8F3B6888F800902B443B60336801
:1037C0002344336082F31188BCE700BF0F2100203F
:1037D00010210020B0150020AC1500200180FFFF53
:1037E000B4150020602C01000E210020EFF311839E
:1037F000402282F31288BFF36F8F044A00211170B8
:1038000083F31188BFF36F8FFFF77CBF0E21002079
:1038100013B50B780446092B18D8DFE803F0050E22
:103820001C1924171717172A0BF004FB70B1204638
:1038300002B0BDE810400BF09CBA0BF0FBFA10B1DF
:1038400020460BF0D9FA1D4B00221A7002B010BDB1
:103850001B4B0122F9E71A4B00221A7002B0BDE897
:103860001040FFF74FBF164A00231370134A13701E
:10387000ECE700230193134883689B6C13B101AA02
:1038800004219847019B0D4A003B18BF0123137088
:10389000137803F0FF02002BD8D1EFF311814023FE
:1038A00083F31288BFF36F8F074BC3E90122DA60FD
:1038B00081F31188BFF36F8FC8E700BF0D2100208F
:1038C00010210020282C0100DC00002050EA010318
:1038D000F0B410D0EFF31184402383F31288BFF3C8
:1038E0006F8F214B1B7813B1204B1B782BB984F3BE
:1038F0001188BFF36F8FF0BC70471D4D1D4E2A68B5
:10390000C317101843EBE27386424FF0000272EBCC
:103910000307B8BF1346184AB8BF304690424FF06D
:10392000FF36B341B8BF104628601448114D0268F5
:10393000CB17511843EBE2738D424FF0000272EB4C
:103940000306B8BF13460C4AB8BF294691424FF050
:10395000FF35AB41B8BF1146016084F31188BFF356
:103960006F8FF0BCFFF7CEBE350500200F21002081
:10397000B015002040420F00C0BDF0FFAC15002084
:10398000EFF31183402282F31288BFF36F8F064A50
:10399000107018B9054A1060054A106083F3118849
:1039A000BFF36F8F704700BF35050020AC150020B6
:1039B000B0150020044B1B7803F0FF001BB1034B34
:1039C000187880F0010070470D21002010210020A0
:1039D00070B50546FFF7EEFF0A46044698B1EFF3CF
:1039E0001186402383F31288BFF36F8F0E488189BD
:1039F00083885B1A01699BB2C91A8A4206D986F389
:103A00001188BFF36F8F0024204670BD29460AF04D
:103A10008DFA86F31188BFF36F8F044883685B6962
:103A2000002BF1D09847EFE7DC000020282C0100A4
:103A30003E4B37B518603E480EF02CF920B96FF0B8
:103A40001204204603B030BD3A4D28460EF022F94C
:103A50000028F4D0384B3949354840220CF0F0FCAE
:103A600004460028EDD1AB682BB11B6C1BB102469C
:103A7000334928469847334933480BF03CFA04460B
:103A80000028DED1314930480BF035FA04460028D1
:103A9000D7D12F492C480BF02EFA04460028D0D15C
:103AA0002C4929480BF027FA04460028C9D10146C1
:103AB000294A25480BF006FD04460028C1D10346DB
:103AC00001460122204802F09FFC04460028B8D19C
:103AD0000123EF22014600931B4802230BF0E0F87C
:103AE000214619480BF000F91C4917480BF0BEFF9E
:103AF00004460028A5D114480BF00BF90446002811
:103B00009FD1AB681B6A0BB10A4898470E480BF06F
:103B100091F928B14FF08043D3F83834DB0790D5C2
:103B2000094803B0BDE830400BF023B9A4150020CC
:103B3000602C0100282C0100E8330100A0410100A5
:103B40009D35000064010020640700204C01002026
:103B5000340100201C010020F0000020113800007A
:103B6000014B1B68184700BF7C01002030B504469C
:103B700085B00D461022002168460EF017FD022385
:103B80008DF802302A46044B01932146684608F01E
:103B900039FC05B030BD00BF613B000080B5054673
:103BA0000E461746984607F00FFD034601F0D2FA7D
:103BB000DFF81890044649F800304246304639464E
:103BC000A84754F8090001F043FA00BF08000000BC
:103BD00008B50446EFF31183402383F31288BFF343
:103BE0006F8FEFF3108372B604F0ACFE204601F045
:103BF0004DFD03480AF018F80AF0A6FFFCE700BFE5
:103C0000973B01002DE9F047058B0446280717462E
:103C10000CD501290CBF45F0100545F02005258382
:103C200087F31188BFF36F8FBDE8F087022905F095
:103C3000070540F0948020460AF01EF8052864D855
:103C400001A353F820F000BF213C00005F3D0000BD
:103C50000B3D0000CD3C0000E73C0000F93C0000BB
:103C600001F007035A1F012A1FD8002221F0070183
:103C7000062BD4F8008089B2C4E9002209D143465A
:103C800003E0628B013262831B68002BF9D141F0A3
:103C900002012183204609F0EFFF4FF000090028C0
:103CA0006DD041F02001218369E0042B0AD121F07D
:103CB000070189B22183204609F0DEFF10B141F0EF
:103CC000200121834FF00008C14658E02369D3F852
:103CD0000090238B23F0070343F0060323834FF068
:103CE000000846464BE02369D3F80490238B23F069
:103CF000070343F00403F1E72369D3F80890238B0B
:103D000023F0070343F00503E8E74FF00008C1463E
:103D1000E7E7012243F00803238387F31188BFF309
:103D20006F8F002A3BD1B8F1000F4AD1B9F1000FD3
:103D300002D02D492046C847EFF31187402383F373
:103D40001288BFF36F8F238B23F008039BB223836A
:103D5000D9063FD523F01002228303F007056669D8
:103D6000218B002EBFF67CAF0023D4F8008021F019
:103D70000701C4E9003341F0010121839946238BF7
:103D800003F0070AAA4502D0A268002AC1D1B8F1FF
:103D9000000F02D1B9F1000FDAD00022BAE7A16812
:103DA0000029C0D00D680029BDD04F683346524667
:103DB0002046B8471DB12B6829461D46F3E72B4620
:103DC000FAE74146334652462046D8F8008009F0CB
:103DD0007FFFA8E79A067FF523AF23F02002228316
:103DE00003F0070527E700BFFDDC000037B50446F8
:103DF0000821C06A124D0AF0EAF900234FF6FF725B
:103E0000ADF804306368ADF800208DF80620E26854
:103E100019182B401344181A60606846ADF8021058
:103E20000AF02DF9694620460AF0F0F9211D2046D6
:103E30000AF0FFF863682B40A36003B030BD00BFF9
:103E40000000FFFF2DE9F7430F4681460821C06AB5
:103E5000144D0AF0BCF93C68241A80463C6004EA20
:103E60000506B4421CD3A0B210B903B0BDE8F0837C
:103E700008236A46214648460AF0A2F80028F4D1F1
:103E80006946A0B20AF08FF938B1BDF80230BDF82A
:103E900004203C602E4013441E44A4EB0804E0E7D9
:103EA0000020E2E70000FFFF2DE9F047044688B05C
:103EB00000F1140738460DF0EDFFA06A8368DB6857
:103EC0009847E06228B96FF01505284608B0BDE8AC
:103ED000F087A06A8368DB6898470368013B1F2B63
:103EE000F1D8E368B3F5803FEDD8A06A216805AA50
:103EF0000CF0B4FF0028E6D1E568002DE3D0069B66
:103F0000B5FBF3F203FB1255002DDCD1238A012B04
:103F1000D9D9E36A009593F805804FF0FF334FF04D
:103F2000FF32384606F0EAFCE06A08210AF04FF951
:103F3000A9460646238A1FFA85FA534544D8238AA0
:103F40004B4500F0FF809A450BD10099082342466B
:103F5000891B20460AF042F818B9694620460AF043
:103F600068F869462046FFF76DFF0546002840F0D7
:103F7000EB80009961604FEA11494FEA0949C4F8A2
:103F80000890A3688B420DD8082301AA20460AF0A6
:103F900017F8B8B901AB13F8012B904532D10130B5
:103FA0000828F8D1636869466FF30F032046009331
:103FB0000AF03FF8E3680099424620460AF00EF8FE
:103FC00000283CDA0546BFE0E1682B04891B13FAA0
:103FD00081F1424608232046009109F0FFFF78B1A5
:103FE000694620460AF025F809F1010900990823DD
:103FF000424620461FFA89F909F0F0FF00289ED0BA
:10400000013597E7A08801A90AF0CDF8626810B9D8
:10401000911B6160B5E7BDF808A0BDF80610E06A25
:10402000C4F8089051440AF0D2F848448242A06093
:10403000EED1BAF1000FEBD06FF01C0584E05DD03B
:1040400063684FF6FF7906EB0308E368CDF800805C
:104050001FFA88F29B1B9A421CD34FF0000861683C
:10406000B8F1000F30D06FF30F0100912046694680
:1040700009F0DFFF0099204609F0E8FF0028A1D1F0
:10408000E368A288A3EB46039A425DD120460AF07A
:10409000DAF897E7082303AA4146204609F090FF83
:1040A00000288FD103A91FFA88F00AF07CF830B1FC
:1040B000BDF80C304B4502D1BDF810300BB1B04407
:1040C000C3E74FF00108CAE7204609F0BFFF002808
:1040D0007FF478AF6368214AE16813400B44A3EB97
:1040E000460363601340A360414620460AF02FF95F
:1040F000C4E7E26AA36812681344A360D4E90131FB
:104100008B4208D95B1A4246204609F067FF002817
:10411000FFF658AFEDD16168E36801EB46029A42C1
:10412000AED10E4BA06801EA03029042A8D020460F
:1041300009F08CFF00287FF445AF6268074B1A40F6
:10414000A2609DE76FF02C05384606F049FC002D73
:104150007FF4BBAE0123A374B7E600BF0000FFFFEE
:10416000014B0360002070470C34010070B5104B08
:104170001C680D46B4B10F4B196800238B4202DB5B
:104180006FF0010070BD224612F8106B864202D01B
:1041900001331446F2E7E0680DF07CFD28B12C6095
:1041A0000020EFE76FF00C00ECE76FF01200E9E79A
:1041B000800100200C34010010B588B043680293E0
:1041C0008368C068CDE903320A680023CDE906237D
:1041D0000C4601AA044905930CF044FE079808B95F
:1041E000059B236008B010BD47E800002DE9F041B1
:1041F0000C4B1C6805460E4617467CB100F000F9D2
:1042000063682046D3F8108032463B462946C047B3
:10421000044600F0FFF82046BDE8F0816FF001048D
:10422000F9E700BFBC15002000230360044B5A6867
:1042300012B9C3E90000704710605860704700BFB2
:10424000C0150020014B1860704700BFBC1500204E
:1042500030B585B00023CDE902330546019000F06A
:10426000CFF8094B1C6844B9284600F06BF80446A7
:1042700000F0D0F8204605B030BD636820461B68CA
:1042800001A998472468EEE7C0150020024B0022E0
:10429000C3E90022704700BFC0150020024B002276
:1042A000C3E90022FFF7F2BFC81500202DE9F7434C
:1042B00007460C4609B100230B601F4DDFF88090C4
:1042C00000264D450FD31D4B1D6885B355F8188C3E
:1042D00001AA41463846183D0AF0F0FA10B3D6B9A3
:1042E00014BB2E461EE0D5F8008001AA4146384690
:1042F0000AF0E4FA50B116B954B92E4606E0316816
:10430000002240460AF0DAFA0028F5D11835D8E73D
:10431000019B2360F1E73168002240460AF0CEFAA3
:104320000028DDD1AD69D0E7019B2360D9E7304695
:1043300003B0BDE8F08300BFE82F0100C8150020DE
:10434000003001002DE9F047DFF8AC90DFF8ACA0B9
:1043500080464FF000470026264C3D464C450DD385
:10436000DAF80040002C40D0183CB8F1000F24D1FE
:10437000226952BBA469F5E72F46EDE7B8F1000FBB
:1043800003D122694AB91834E8E72068002241467F
:104390000AF094FA0028F4D1F5E76368BB4206DD21
:1043A000AF4202D0AB42A8BF2B461D46EBE7EAD195
:1043B0009047002E08BF0646E5E7206800224146E8
:1043C0000AF07CFA0028D3D1D4E76368BB4206DD4B
:1043D000AF4202D0AB42A8BF2B461D46CAE7C9D1A7
:1043E0009047002E08BF0646C4E7AF42C4D130460E
:1043F000BDE8F087E82F010000300100C81500205B
:1044000003484FF0FF324FF0FF3306F077BA00BF9A
:1044100058060020014806F0E3BA00BF5806002005
:1044200038B5094DFFF7ECFF2B785BB9FFF736FF86
:1044300000F068F8044608B901232B70FFF7EAFF83
:10444000204638BD0024F9E7112100202DE9F04372
:10445000048F013499B006460F46A4B200F1080853
:10446000651EADB2B5F5004F47D04A2305AA2946CF
:1044700040460AF0E0F904F57F543F34A4B2814687
:10448000214601230DF10B0240460AF0D4F9B9F19F
:10449000000F014610DC002810DC338FAB4209D13D
:1044A00032466B1E22F8383F4FF40041022340464B
:1044B0000AF08CF82C46D3E7002808DC2946404651
:1044C0000AF060F9214640460AF05CF9E5E709F197
:1044D00060030DEB0309002309F84C3C084A0097E0
:1044E00003AB05A8CDF80C80ADF810400AF00AFA2D
:1044F0000028DFD019B0BDE8F0830020FAE700BF44
:1045000073E900007FB50123694603200193FFF79B
:104510002DFE044660BB02AA01A903200AF0B5F9EA
:10452000044610B110F10C0F22D10399B1F5803F70
:1045300023D2009A002394681846084484421AD370
:104540000133082BF9D10E4D69612B835368AB60A1
:104550002846D368EB630AF0A2FA044640B9094E34
:104560006E602846FFF760FE28466E60FFF76AFE21
:10457000204604B070BD9BB2E5E76FF02004F7E77A
:10458000D01500205034010008B5044809F04CFB58
:10459000034809F049FB002008BD00BFC03B0100F3
:1045A000F53B0100014807F027BB00BF6C34010058
:1045B00038B5044618B90F4B0F485B6898476168D7
:1045C000B1F5683F10D0B1F5680F0DD00B4DA94281
:1045D0000AD011F46861206807D0014608480DF040
:1045E000FAFB00232360656038BD14220DF0DEFF66
:1045F000F9E700BFB4040020223C01002C5F5CA955
:10460000101B002008B520B34368B3F5683F10D1F4
:1046100001220368BFF35B8F53E8001F002903D119
:1046200043E800200028F7D1BFF35B8F0DD10020B5
:1046300008BD094A93420AD000684FF0FF324FF09C
:10464000FF3306F05BF90028F1D00448F0E7044896
:10465000EEE76FF4E040EBE72C5F5CA9E98FFFFF2A
:10466000EA8FFFFF08B5D8B14368B3F5683F10D1B2
:1046700000220368BFF35B8F53E8001F012903D1B9
:1046800043E800200028F7D1BFF35B8F0BD1002057
:1046900008BD074A934208D0006806F0A1F9F6E782
:1046A0006FF4E040F4E70348F2E70348F0E700BFA7
:1046B0002C5F5CA9E98FFFFFEA8FFFFF10B504466E
:1046C00018B91D4B1D485B6898476368B3F5683F90
:1046D0002FD0B3F5680F2CD0194A934219D1236813
:1046E00003BB18484FF0FF324FF0FF33214606F06E
:1046F0000DF808B923681BB90F4B13485B6898473E
:104700002068142200210DF051FF4FF468636360AC
:1047100008E0B3F5680F0DD83A2B03D040F6BA6223
:104720009342DED120680DF0B5FB636843F03A0395
:10473000636010BD054AF3E7B4040020223C010089
:104740002C5F5CA9101B0020483C01003A00003A95
:1047500008B506490648402314220DF02FFBBDE89A
:1047600008400449044807F0B9BA00BF10160020F9
:10477000101B0020743401008834010008B5034880
:10478000034A0021121A0AF0C3F908BD10080020DC
:10479000E82300200748084A084908B5121A0AF019
:1047A000B9F90748074A0849BDE80840121A0AF053
:1047B000B1B900BF00000020100800206C420100C9
:1047C00000000020000000206C420100F0B5074608
:1047D00087B00C4600292ED0D1E901231D48096875
:1047E00009F022FAD4E90423E1681B4809F01CFA15
:1047F000E1691A4809F018FA26460025F36A04937D
:10480000EB1C0393B36A0293AB1C0193736A00938E
:10481000326A13486B1C2946043509F005FA102D3D
:1048200006F11006EAD1216E0E4809F0FDF9A169E2
:104830000D4809F0F9F9012F05D1EFF305810B4877
:10484000103909F0F1F92146384607B0BDE8F040CB
:1048500005F0FABD753C0100A53C0100D53C010006
:10486000E53C0100293D0100393D0100683D0100A2
:1048700030BFFFF7FDBF00BF2DE9F0410B4EDFF861
:10488000348006EB0807CC1B054632460849204613
:104890000DF07EFEA01942460021083C0DF086FE78
:1048A000AC6707F10800BDE8F08100BF0000000020
:1048B00000300100080000002DE9F843324D804629
:1048C00032488946174609F0AFF9AB6ADE0622D5B1
:1048D0002F4809F0A9F91124AB6A1D0703D52D480B
:1048E00009F0A2F91224284DAB6A980715D52A4879
:1048F00009F09AF96E6BAB6A190642D52748314622
:1049000009F092F9B9F1000F03D0AB6A23F08003EC
:10491000AB62132403E01024DEE76FF015061A4D96
:10492000AB6ADA0703D51E4809F07EF91424AB6A96
:104930009B0603D51B4809F077F91524124B9A6A98
:10494000D50602D49A6A90070AD55B68190507D57F
:104950004146304600F000FB10B180F30988022484
:10496000094B9A6A920642BF5A6A22F400525A626E
:104970009A6A42F0FF029A6200233B702046BDE82B
:10498000F8836FF01506C4E700ED00E07C3D010000
:10499000933D0100C73D0100DB3D0100F43D0100F6
:1049A0000B3E01002B3E010010B51D4C1D4809F0C7
:1049B0003BF9A36A990130D51B4809F035F91E204F
:1049C000A36ADA0103D5194809F02EF91F20144C07
:1049D000A36A1B0303D5164809F026F92120A36A10
:1049E000590303D5134809F01FF922200C4CA36A80
:1049F0009A0303D5104809F017F92320A36ADB03B3
:104A000003D50E4809F010F92420054A936A6FEA8D
:104A100003436FEA1343936210BD1D20D0E700BF2C
:104A200000ED00E05B3E0100743E0100883E0100A5
:104A3000A33E0100C23E0100E83E0100033F010029
:104A400070B5244C064624480D4609F0EDF8A36ADB
:104A5000D90435D5214809F0E7F81720A36A1A05CB
:104A600003D51F4809F0E0F818201A4CA36A9B05EB
:104A70000FD51C4809F0D8F8A16BA36A180407D514
:104A8000194809F0D1F81EB1A36A23F40043A362C8
:104A90001920104CA36A590503D5144809F0C4F82D
:104AA0001A20A36ADA050DD5114809F0BDF81B20BC
:104AB000084A936A43F47F43936200232B7070BDCE
:104AC0001620CBE7A36A9B04F2D50A4809F0ACF89C
:104AD0001C20EDE700ED00E02F3F0100463F010004
:104AE000C73D0100583F0100723F0100883F0100AF
:104AF000A43F01002B3E01002DE9F0415A4B5F68B5
:104B00009CB00546C7F30804002686F31188BFF35E
:104B10006F8F02F07F43B3F17F4F06D102F00C0399
:104B2000082B13D1514809F07FF8002635464FF085
:104B30000008E31E8DF80780092B00F28680DFE86D
:104B400003F00A7A7E7684848484848210074CBFC2
:104B50000D460126EBE74648434C09F065F88DF811
:104B60000780E36A9A0704D5424809F05DF80024FB
:104B70002AE0E36A002B01DA3F48F6E7E36A5B00CC
:104B8000F5D53E4809F050F86369AA6943F480738B
:104B90006361BFF34F8FBFF36F8F32F8023C6269DE
:104BA00022F480726261BFF34F8FBFF36F8F03F403
:104BB0007F42B2F55F4F21D1DBB2022B1ED12968B3
:104BC0002F4809F031F82C689DF807309BB968220E
:104BD000294602A80DF0DCFC099B002E41D0C3F34E
:104BE000080222B96FEA53236FEA4323099302A90B
:104BF0002046FFF7EBFD1CB0BDE8F0811A4B9A6A26
:104C0000D2B232B10DF1070201212846FFF754FE5E
:104C10000FE09A6A12F47F4F05D00DF107010120D1
:104C2000FFF70EFF05E09B6AB3F5803F9FD3FFF7C8
:104C3000BBFE0446C8E70DF107020021E5E70DF1D0
:104C400007010020ECE70F488FE70F4B0F49104892
:104C500017F4F87FA4F1100208BF194608F0E4FF2A
:104C600085E76FF30803C1E700ED00E0EB3F0100CB
:104C7000174001002F400100514001006040010039
:104C8000804001009D400100BD3F0100D23F010076
:104C9000C2400100044B5A6942F010025A615A693D
:104CA00022F008025A61704700ED00E0EFF308803F
:104CB000EFF3098101B57246FFF71EFF01BD00BF8A
:104CC000002080F31488BFF36F8F0F4880F30888AB
:104CD00004F0D0FE00200D490860BFF34F8F00F0B4
:104CE0002BF8402080F3118809484FF408614018E0
:104CF00080F30988EFF314800221084380F31488BD
:104D0000BFF36F8F00F0B4F8805F002094ED00E0F7
:104D1000004D00200749D1F890200023C2F307225C
:104D20001846934200DB7047C1F89830C1F8A000E4
:104D30000133F6E700ED00E008B572B6002383F317
:104D40001388FFF7E7FF144B4FF0FF32C3F88020C2
:104D5000C3F88420C3F88820C3F88C20C3F89020BF
:104D6000C3F89420C3F89820C3F89C20C3F880218E
:104D7000C3F88421C3F88821C3F88C21C3F890219B
:104D8000C3F89421C3F89821C3F89C2162B6BFF3FD
:104D90004F8FBFF36F8F08BD00E100E01EF0040FDE
:104DA0000CBFEFF30880EFF30980816911F8021C52
:104DB0000229FFD001B5724609F0AEFE01BD00BF69
:104DC00040B2002807DB044A4109012300F01F001C
:104DD000834042F82130704700E100E040B20028F3
:104DE0000CDB4309064900F01F00203301228240FA
:104DF00041F82320BFF34F8FBFF36F8F704700BF81
:104E000000E100E0054B420900F01F0053F82220AA
:104E1000012303FA00F01040704700BF00E100E0FA
:104E200040B2D30754BF023100210028ACBF00F1CB
:104E30006040074A4FEA4113ACBF00F5614000F003
:104E40000F00DBB2B4BF135480F80033704700BFCB
:104E500014ED00E0044B054A23F07F039360BFF399
:104E60004F8FBFF36F8F70470010000000ED00E020
:104E700008B5FFF7EFFF104BD3F8882022F470023B
:104E8000C3F88820D3F8882042F4A002C3F8882011
:104E90004FF04042C3F83422BFF34F8FBFF36F8F00
:104EA0000023E1EE103AFFF769FCFFF773FC00F016
:104EB00033F905F08FFB00BF00ED00E0818941F080
:104EC000020181814FF47D41C0F8C41042F8203CBA
:104ED000009B42F81C3C0A49019B42F8183C029B8B
:104EE00042F8143C21F001014FF0807342F8043C79
:104EF00042F8081C0023203A0265C367704700BFD0
:104F00009D3B0000838913F0020F124B03D190F8F0
:104F1000C520D20611D45A6B42F080425A63D0F8B1
:104F2000C43019075CBF43F00803C0F8C43083895C
:104F300043F002038381802070475A6B22F0804245
:104F40005A63D0F8C4301A0744BF23F00803C0F8EE
:104F5000C430F0E700EF00E0094A0346906870B102
:104F600013F1160F806E05D0A0F18002934205D395
:104F7000834203D2814228BF00207047002070473F
:104F800014200020104B9B6883421AD1EFF3058058
:104F9000B8B9EFF31181402282F31288BFF36F8F0B
:104FA0009A8922F002029A81EFF3148323F004031A
:104FB00083F31488BFF36F8F81F31188BFF36F8F72
:104FC00070476FF0150070471420002008B5154693
:104FD0000E460022E1EE102AEFF3148222F00402C2
:104FE00082F31488BFF36F8FBFF36F8F0B4A0C4BA4
:104FF0009060826F1A6000F0BFF82C4686F3098833
:105000000020044B98472046002100220023024C38
:10501000204700003BEB00009D3B000014200020D7
:105020002C1B0020014B10221A61704700ED00E09C
:10503000054B9A699B689A421FBF044A536843F024
:1050400080535360704700BF1420002000ED00E043
:10505000084B9B6883420BD1EFF3058343B1064BAA
:105060005A6842F080525A605A6A22F400425A62E8
:1050700006F0B0BA1420002000ED00E023498A6851
:1050800082F8C5E04FF030001044EFF3098C80E85F
:10509000F01F1EF0100F03D102F1840080EC108A83
:1050A000402080F31288BFF36F8F194F4FF00066D6
:1050B0008A698A603E60906F164C206092F9C5E064
:1050C000D06F0023D36780F311881EF0100F03D038
:1050D0000023E1EE103A03E002F1840090EC108A24
:1050E000EFF3148323F0040383F31488BFF36F8F6B
:1050F00004B5104600F040F8BDE8044002F130006D
:1051000090E8F01F8CF309887047000014200020FD
:1051100004ED00E02C1B0020044800234021C218AD
:105120000133302B82F80013F9D1704700E100E021
:1051300008B5EFF30583064A103B02EBC30152F8B2
:10514000330049688847BDE80840FFF771BF00BFDA
:10515000B42C010001480068704700002C1B00209F
:10516000024B034A0348012100F07CB800000420F0
:10517000000000209834010010B50446FFF7C2FE7D
:10518000A26E03460548D21AC0E90023044B83608F
:10519000BDE81040012100F06FB800BF301B0020B7
:1051A00000000B15084AC2F898000B6823F01F0393
:1051B000034343F01003C2F89C308B6843F00103B3
:1051C000C2F8A030704700BF00ED00E02DE9F043C9
:1051D000DFF8608085B00E461F4604464FF0000998
:1051E000B14523DA6068D8B13FB1411E08421BD1F6
:1051F0007F2819D92368194216D12368019309F031
:10520000BFFCA36803430393D8F89050C5F3072568
:10521000D0B2013DA84207D801A9FFF7C3FF421C45
:1052200009F101090C34DBE76FF01502104605B0F7
:10523000BDE8F08300ED00E0044B0522C3F89420A4
:10524000BFF34F8FBFF36F8F704700BF00ED00E0DB
:10525000BFF35F8F024B0022C3F89420704700BF5A
:1052600000ED00E010B5034C01232278FFF7AEFFFC
:10527000207010BD1221002008B50B4A00231278BF
:10528000FFF7A4FF10F1160F07D0084A0021D2F84B
:105290009030C3F30723984200DB08BDC2F89800A2
:1052A000C2F8A0100130F2E71221002000ED00E06A
:1052B0002DE9F0435A4B5B4DD3F890302C68C3F383
:1052C00007239C4285B000F2A780FFF7C1FF0020B2
:1052D0000C2684421AD1544EDFF84491347068464B
:1052E000FEF73EFF514C524D80460027B84514D181
:1052F00033784B490020D1F89020C2F30722934223
:10530000C0F28480FFF798FF002045E0696806FB43
:105310000011FFF747FF0130DBE7009800EB0711B2
:105320004FEA071CCB682340B3F5000F4DD00AD8D5
:10533000B3F5001F33D0B3F5800F3BD0B3F5801F1A
:1053400013D00137D2E7B3F1007F47D0B3F1805FCC
:105350004DD0B3F1807FF4D150F80C3088684A68A2
:1053600009F00EFC40F0887009E050F80C308868B5
:105370004A6809F005FC40F0885040F43020CDE93F
:1053800001230390D9F890303078C3F30723013B11
:10539000984234D96FF0150005B0BDE8F08350F89D
:1053A0000C3088684A6809F0EBFB40F0885040F404
:1053B0000020E4E750F80C3088684A6809F0E0FB08
:1053C00040F0007040F40030D9E750F80C308868A5
:1053D0004A6809F0D5FB40F08270D0E750F80C30F5
:1053E00088684A6809F0CCFB40F48020C7E750F891
:1053F0000C3088684A6809F0C3FB2843BFE701A95D
:10540000FFF7D0FE3378013333709AE7C1F8983054
:10541000C1F8A00001336EE74FF0FF30BCE700BFDA
:1054200000ED00E0A4340100122100200000F0FF94
:105430000000021108B50649064821F00701C1F134
:10544000005202F5802208F0ACFB002008BD00BF2E
:10545000478E00203C1B002070B54169867A0B4DB9
:10546000044659B1437ADB0706D4242303FB0653D1
:10547000DB691B689B6898470023636124202146F1
:1054800000FB0650BDE870400CF093BD1C070020E7
:10549000024B242202FB0030704700BF1C07002093
:1054A000827A064B242101FB02331A6A1B7D1B33CF
:1054B000801A23F00303B0FBF3F070471C070020B1
:1054C00038B5074B827A242404FB0233DB69D3E925
:1054D00001240C601568FFF7E3FF04FB005038BDA2
:1054E0001C0700202DE9F04385B00546684603916E
:1054F00090461C460CF092FFDDE90067EFF311893E
:10550000402383F31288BFF36F8F6B8A002B41D047
:105510002A8A9A4225D900220023284605F0B0FAAB
:105520000446F0B189F31188BFF36F8F039B002B02
:1055300041D032463B4668460CF095FFA27A264B96
:10554000242101FB02332046DB691B6803A91D6887
:10555000DDE90023A847606170BB2046FFF77CFFB0
:1055600024E0698A4B1E6B8289F31188BFF36F8F29
:105570002B7D2A8A2C6A1B3323F00303521A02FB69
:105580000344154B154AEB1A9B105343A3722B7D12
:10559000E372CBE789F31188BFF36F8F234642464E
:1055A000284605F06DFA04460028BFD100242046A5
:1055B00005B0BDE8F0836361012300252381039BCF
:1055C0006382E27A6560294604F118000CF0EEFF70
:1055D00063692582E360EAE71C070020398EE3381F
:1055E000F8B5124D0024242600B9F8BD00F10802D8
:1055F0004768BFF35B8F52E8003F591E42E8001C2A
:10560000BCF1000FF7D1BFF35B8FDBB2012BECD104
:10561000837AC46006FB035344609B6913B19847C7
:105620003846E1E7FFF718FFFAE700BF1C07002044
:105630000C4B0122C3F840254FF080434FF08051BE
:10564000C3F87825D1F83001082805D1D1F83411F4
:10565000022908BFC3F838260122C3F8802500209C
:10566000704700BF00E0014048B1054B054A1B6888
:10567000B3FBF2F35843044B43F001031847704760
:10568000A004002040420F0090300100BFF34F8F74
:105690000549064BCA6802F4E0621343CB60BFF3CE
:1056A0004F8F00BFFDE700BF00ED00E00400FA05EA
:1056B00008B5054A054B136010463F23536004F0BC
:1056C000C7FA002008BD00BF481B0020FFFF0700ED
:1056D0004FF08043D3F84036DB072ED54FF0102330
:1056E000D3F8043303F00703072B26D1134A012311
:1056F000C2F80435D2F80034002BFBD04FF0102153
:10570000D1F8043323F0070343F00403C1F8043352
:105710000023C2F80435094AD2F80034002BFBD02C
:10572000BFF34F8F0649074BCA6802F4E062134388
:10573000CB60BFF34F8F00BFFDE7704700E0014033
:1057400000ED00E00400FA052DE9F04190F8283062
:1057500003F01F03012B04460F4600F128062FD04B
:10576000022B18D08BB394F82910204609F069FB5E
:10577000024678B3304609F04EFC1D4D002834D166
:1057800013693BB33A463146204698470346FFF734
:10579000E1FC2B5024E0818DC9B209F033FF0546AE
:1057A0000028E0D0304609F036FC0246686883687D
:1057B000CAB99B6873B13A463146BDE8F041184713
:1057C000818DC9B209F005FFE9E790F8291009F0C9
:1057D0003CFFE4E7FFF7BEFC054B6FF085021A5073
:1057E0000020BDE8F081DB68E4E7D368C9E700BFCB
:1057F0000C0000002DE9F04F0B7E33F0800893B0D1
:1058000004460D46164640F08E847AB10846FFF7EE
:10581000E7FE6B7EDF0703D49E0711D52B7E7BB995
:10582000204613B0BDE8F04F09F021BC4A7E00F1DC
:105830002809900708D5802B0CD12846FFF7D0FE09
:10584000404613B0BDE8F08F910700F02784002B8D
:1058500040F02484D2072FD52B8A082B40F00684F1
:10586000EA681368A3625368C9F804302946002027
:1058700009F0C6F9054610B1FFF7B2FEEFE0484661
:1058800009F0C9FBE28D70B9B2B12946A0690BF0ED
:10589000E5F80146002800F02D84204613B0BDE84D
:1058A000F04F0AF058B83AB1114620460AF04EF8C7
:1058B0000546002800F01E84FFF74CFC94F8288071
:1058C000B14F002318F0600FC351C8F3411307D044
:1058D000032B40F0BD81FFF73DFC6FF0850337E0FF
:1058E000484609F098FB94F82930002840F04E8192
:1058F000013B0A2BEFD801A252F823F0735A0000A3
:10590000D7580000FF5A0000D7580000295900005E
:10591000D7580000D7580000D75800009959000008
:10592000D7580000FB590000618D7F29D3D8A38D83
:10593000002BD0D1E38D002BCDD118F01F0FCAD191
:1059400094F83030022B05D1FFF704FC4FF0FF3301
:105950003B5076E0A069036993F880301B0707D5B8
:10596000C9B209F0BAFB804628B1002D6CD167E7B7
:10597000012384F8393094F83030012B0AD1638D3B
:1059800043B984F83030FFF7E5FB3B58002B00F0BB
:10599000858056E00123F4E7204609F07CF9628D0A
:1059A000FF2A014697D8E38D002B94D194F8283034
:1059B000D80690D194F83030002BC5D02AB1D2B29D
:1059C000204609F02CFD0028BED0618D94F83830B7
:1059D0008B42D8D0C9B2204609F028FD8046002865
:1059E000C3D1628D002A14BF0223012384F8303012
:1059F000052120460AF050F8C5E708F01F08B8F165
:105A0000010F7FF468AFE38D002B7FF464AF628DEC
:105A1000FF2A3FF660AFA18DFF293FF65CAF94F8F7
:105A20003030022B90D1D2B2C9B2204609F011FF1A
:105A300010F1020F804640F01081FFF78BFB47F812
:105A4000008065B14FF000082846FFF7C9FDB8F1A6
:105A5000000F7FF4F5AEFFF77DFB3B58F3B14846EE
:105A600009F0D9FA0346A069002B00F04F8380218A
:105A700055E3E38D002B7FF42EAF94F83030002BEC
:105A80003FF462AF012BA18D02D100297FF45CAFFE
:105A900018F01F080CD0B8F1020F16D0E38D002BC0
:105AA00040F0D782204609F0CCFA0028D7D1B7E6DB
:105AB00000297FF449AF638D012BEFD194F86C304E
:105AC00061F3C30384F86C30E8E7B4F82AA0BAF1B4
:105AD000000FE3D15FFA81F84146204609F0ACFFA0
:105AE0000346FFF737FB3B50013302D14FF0FF383D
:105AF0003BE752464146204609F093FA43E7E38DDF
:105B0000002B7FF4E8AE628DA38D022A5FFA83FA40
:105B100011D108F01F085AEA08087FF4DCAEA0692A
:105B20000122190A09F0B6FA00287FF4D4AE012345
:105B300084F8393027E794F8301000293FF404AF97
:105B4000012902D1002B7FF4FFAE18F01F0811D0FD
:105B5000B8F1020FA2D1002AA0D15146204609F087
:105B600056FF0346FFF7F6FA3B500133BED0012241
:105B70005146C0E7002B7FF4E7AE012A8ED194F89E
:105B80006C3043F008039DE70C0000000A2B3FF641
:105B9000A2AE01A252F823F0C55B0000D758000066
:105BA000D7580000D7580000D7580000D758000039
:105BB0003F5C0000D7580000CF5F0000D7580000BE
:105BC000F95F0000E38D022B7FF485AE94F830304E
:105BD000002B3FF4B9AE012BA18D02D100297FF437
:105BE000B3AE18F01F0811D0B8F1020F1CD04FF05F
:105BF000000805F10C0A504609F005FAE38D9842B9
:105C000018D2FFF7A7FA6FF00B03A1E600297FF483
:105C10009BAE94F86C304FEA930808F00208C3F387
:105C2000001348EA0308E4E7C9B2204609F013FF6D
:105C30008046DEE74146504609F00BF8A3E6B4F88B
:105C40002AA018F01F0F4FEA1A235FFA8AFA09D028
:105C500029462046FFF778FD8046B8F1000F7FF413
:105C600084AE90E6013B0E2B3FF635AE01A252F812
:105C700023F000BFB15C0000F15C00009B5D000000
:105C8000D7580000D7580000935D0000935D0000D6
:105C9000D7580000D7580000D7580000D758000048
:105CA000D7580000D7580000D7580000DD5E00002C
:105CB00005F10C08404609F0A6F983462046B4F8E1
:105CC0002EA008F0E8FF20B101287FF404AE616F38
:105CD00000E0216F002900F02A820A78DA4528BF07
:105CE000DA46524528BF5246404608F0A1FF4AE630
:105CF000204608F0D0FF0AF1010201900146D2B21D
:105D0000204609F066FB804600283FF4E4AD05F12B
:105D10000C0AD0F804B0504609F075F99BF8002041
:105D2000824228BF02465946504608F081FFD8F803
:105D30000CB0BBF1000F09D1298AE38D99427FF69F
:105D400022AEC91A504608F08EFF1CE6DBF80400AC
:105D500083681B6B13B9DBF800B0EAE70199984739
:105D60000028F8D0A0F1040858F8041F0029F2D048
:105D70000A78002AEFD05046CDE9022109F043F914
:105D8000029A0399904238BF82B2504608F050FF01
:105D9000EAE7204608F07FFF9DE5524603212046B2
:105DA00009F08FF8824600283FF495AD09F026F9F6
:105DB000B4F82EB09AF81530C8B99AF814808DF856
:105DC00028808DF82930DAF8103005F10C0A1B888C
:105DD000ADF82A30504609F016F9C3455A4628BF97
:105DE0004246824228BF02460AA950467DE7DAF8B9
:105DF00008208DF81530C14B1340C14A4FF0000800
:105E000093428DF8148058D1102106A80BF0DCF8CD
:105E1000021EFFF660AD0AA9102ADFF8ECE20DF1D0
:105E2000180C084628BF1022424501F1020133D860
:105E3000920002325FFA82F88DF81480034605F171
:105E40000C0A5046029309F0DEF8D845424628BFB6
:105E50005A46904228BF104602288346804628BFF3
:105E60004FF0020B5A46A8EB0B0805A9504608F064
:105E7000DFFE4FEA58030193029B9B4603EB580257
:105E8000934521D118F0010F3FF47DAD019A995C43
:105E9000504608F0D6FE76E51CF8013B4FEA131A8F
:105EA00003F00F031EF80AA01EF8033001F802AC3D
:105EB00001F8013C08F10108B6E79AF81480DAF815
:105EC00010308DF81480BAE71BF8011B5046CDE95D
:105ED000023208F0BEFEDDE90232D1E7204608F0CA
:105EE000DAFE38B101282CD0FFF734F96FF08503C2
:105EF0003B5048E5236F002B00F019815B88B3F518
:105F0000007FF1D97F4B0A9300238DF82C30E36C8E
:105F100004F14C0B9B4508BF0023BDF82A10A3B128
:105F20005A7D0F2A08D11A7D0A44ADF82A209DF81F
:105F30002C2001328DF82C20226D934203D01B6857
:105F4000EBE7636FD7E7BDF82A10019105F10C0A62
:105F5000504609F058F8B4F82E800199884528BFBA
:105F60008846804528BF80464246052A28BF05222C
:105F70000AA95046019208F05BFE019AB8EB0208AC
:105F80003FF401ADE36C5B453FF4FDAC002B3FF407
:105F9000FAAC5A7D0F2A14D11A7D19690193424532
:105FA00028BF4246504608F043FE019B1A7D4245F9
:105FB00094BFA8EB0208A8EB0808B8F1000F3FF463
:105FC000E2AC226D93423FF4DEAC1B68DEE794F84E
:105FD0003030002B3FF4B8ACE38D012B7FF47BAC69
:105FE00005F10C08404609F00EF800283FF409AE10
:105FF00094F8381040464CE708F01F08B8F1010F3C
:106000007FF4A2AC204609F0F8F900283FF49CACDC
:10601000B4F82CA0BAF1FF0F3FF65DAC43681B79D2
:106020005345FFF458AC5FFA8AF30F2B3FF653AC9D
:10603000E38D012B7FF44FAC05F10C08404608F0CE
:10604000E2FF00283FF4DDAD04EB0A0393F83A10B9
:10605000D0E7484608F0DFFF18B92846FFF7C0FA36
:1060600020E52946204609F076FC08B1284603E4DD
:10607000A069036993F8801011F004017FF4D0AB9C
:106080000AF000FD054600283FF4E9AC0146204631
:1060900009F061FC00283FF4C3ABE7E752077FF546
:1060A000DEAC002B3FF4C9AB2846FFF799FA94F811
:1060B0003930002B3FF4C4AB94F82930052B05D1BF
:1060C000618DA069C9B209F008F8064694F8293034
:1060D000032B09D1638D022B06D1A18DA06900226B
:1060E000090A08F0D7FF0646002384F83930B04685
:1060F000FFF7A6BB6FF00B06B1E400BF00FF020084
:1061000000030200050F050019420100E38D002B7A
:106110003FF4ADAC16F10C0118BF0121C9010AF022
:10612000B6FBFFF77DBB6FF00408FFF789BB6FF08C
:1061300015081AE40B78062B10B414D10369D3F8B0
:106140009C20EFF31184402383F31288BFF36F8FF9
:106150004B6800201860506A60B9C2E9083384F3C4
:106160001188BFF36F8F05485DF8044B00220023B0
:106170000BF081BE03605362F1E700BFD006002040
:106180002DE9FF4140264FF0FF335E484FF0FF32CC
:1061900001A904F04FFB039B1B69D3F89C40236AC1
:1061A00093B1EFF3118286F31288BFF36F8F216AE8
:1061B00029B1606A0B682362814208BF636282F37F
:1061C0001188BFF36F8FC9B99DF80430062BDAD060
:1061D000072BD8D801A252F823F000BF2F6200008D
:1061E000236200004F62000035620000736200000D
:1061F0006962000087610000FD6200000B7ED1F83B
:106200001E205D06204609D1FFF7F4FA0246002859
:10621000C5D00721204609F03FFCC0E709F0E9F9A5
:10622000F4E700220121204609F036FCABE700220A
:106230001146F8E794F86C3043F0040301A984F8A0
:106240006C30204608F071FF00220321EBE794F840
:106250006C3023F0040301A984F86C30204608F068
:1062600064FF00220221DEE701A9204608F05DFF5D
:1062700089E794F86C30A76923F0040384F86C3044
:10628000D7F808803B69BFF35B8FD3F8A030BFF32A
:106290005B8F9A072FD5D8F83C3038469847D8F806
:1062A0002430002138469847D8F840300546384613
:1062B0009847ADB92946204609F0B8F8054678B99F
:1062C000A0690AF0FEFB831E5842584194F86C30D6
:1062D00084F8305023F0680343EA401384F86C30AC
:1062E00000220421204609F0D7FB002D3FF44BAFDC
:1062F0002A46072197E74FF0FF35F1E7029A06217A
:1063000091E700BFD006002030B589B000220023FD
:10631000CDE9062300246FF00703CDE90334CDE96E
:1063200001441A4B1A4900944FF48062194804F052
:10633000D1FE194917480BF0F7FE184B18498B424C
:1063400007D3184B184900208B4210D3002009B006
:1063500030BD03F11402BFF35B8F52E8000F42E837
:106360000045002DF9D1BFF35B8F1833E7E703F148
:106370001402BFF35B8F52E8004F42E80005002D86
:10638000F9D1BFF35B8F1833DEE700BF81610000F6
:1063900000460020600D0020923B0100E007002035
:1063A00010080020100800201008002038B5024610
:1063B0000949054680690AF0EAFB044648B985F8B0
:1063C0003800284608F008FF044610B1A8690AF012
:1063D00011FC204638BD00BF3561000070B5084C87
:1063E000084E0546B44202D30024204670BD6368BF
:1063F00028461968FBF7B7F90028F6D01834F1E7FA
:10640000E0070020100800202DE9F0470646174657
:106410001D46F9B16FF08500BDE8F087D4F804801F
:1064200025B1A5F1040A5AF8041F41B9D8F80010A3
:106430003B460022304609F01FF930B1ECE7D8F8AE
:106440000000FBF790F90028EDD118344C45E5D356
:106450000020E1E7014CDFF80890F7E7E0070020B3
:106460001008002070B50646EFF31181402383F336
:106470001288BFF36F8F1B4D2A6881F31188BFF319
:106480006F8F526892F86C20D20705D4BDE8704037
:106490002122002304F062BDEFF3118283F31288FE
:1064A000BFF36F8F2C682CB1696823682B608C4216
:1064B00008BF6B6082F31188BFF36F8F44B16068CF
:1064C00004F10801C3699847074821460BF083FC93
:1064D0002B6833B130460022BDE87040002304F041
:1064E00009BD70BD501B0020EC05002030B585B003
:1064F000CDE90012054600221448002303A904F048
:1065000005F90246E8B9039BDDE900015D60083347
:1065100083E80300EFF31180402383F31288BFF375
:106520006F8F039B1A600A4A516861B9C2E9003350
:1065300080F31188BFF36F8F06480022002304F018
:10654000D9FC05B030BD0B605360F1E7EC050020CD
:10655000501B00200800002038B54B7804694568BE
:106560002069202B08D0222B19D0FEF7F3FD114B08
:106570006FF085021A5010E0CB88072BF5D1D36855
:106580001A6842609A8802819B79837209F0A5FAA1
:1065900022460821284609F08DFA002038BD4B8894
:1065A0008381C3F3400203F001030276437622465F
:1065B0000921EFE70C00000008B513464A78212AAC
:1065C00014D133B9FEF7C6FD0B4B6FF00B021A5016
:1065D0000AE0CA8801690969072A28BF072204312D
:1065E00003F10C0008F024FB002008BDFEF7B2FD0B
:1065F000014B6FF08502EAE70C00000073B50469F7
:106600008DF807104025EFF3118685F31288BFF34C
:106610006F8F0122E06B0DF1070107F087FC86F315
:106620001188BFF36F8F012810D00BF077FDA8B150
:106630000E4BBFF35B8F012253E8001F002903D1EB
:1066400043E800200028F7D1BFF35B8F212200230D
:1066500004F1480004F04EFC02B070BDA37E002B94
:10666000E6D0002121200BF0F7FDCCE7581B0020DD
:1066700038B505690E49EB6B0024C3E90144DC60C1
:106680006B6B05F14800C3E90144DC600BF02DFDA4
:1066900005F1780007490BF0FCFC074905F12400DF
:1066A0000BF0F7FC284609F018FA204638BD00BF69
:1066B000A9FC0000F3FF000045FF000010B50469CD
:1066C0000346204640F8143B012200210BF08DFCCC
:1066D00004F1240002490BF0DCFC002010BD00BFD7
:1066E000F103010073B513464A7800690A2A09D0FC
:1066F0000B2A35D0092A254C1BD0FEF72BFD6FF055
:1067000085032BE0498803690A0A5C6811F0FF01E0
:1067100008BF83F83420E36823B192009847002033
:1067200002B070BDFEF716FD184B6FF085021A50CF
:10673000F5E705694A886D68AD68110AD2B2002D87
:10674000F0D0022903D0032901D00129D5D1DE6878
:1067500000961B8AA8470346FEF7FCFC2350DEE7A1
:1067600049880129DED843681B689B79002BD9D062
:10677000036993F835208A42D1D05A68C9B283F8A8
:1067800035105369002BCAD09847C8E70C000000A9
:1067900073B514464A780069013A0B46052A07D8B2
:1067A000DFE802F020034D06065CDA88012A06D0F5
:1067B000FEF7D0FC374B6FF085021A503AE059884B
:1067C0000369C9B231B15B681B69002BF0D09847EF
:1067D000810801E093F83410C9B204F10C0008F00C
:1067E00030FA27E05A880569DB886D68110A0229AA
:1067F000D2B20AD0032908D0012906D06FF0850350
:10680000FEF7A8FC234A135014E0E66800966D6872
:10681000A8470028034610DD228A618A6069891A28
:10682000E268121A891A994228BF194604F10C002D
:1068300008F0F8F9002002B070BDE1D1DEE75A8817
:10684000002AB5D1DB88012BB2D143681B689B7944
:10685000002BADD0036993F83510BEE75A88120AB1
:10686000212A0DD0222AA3D10169DA88CB68896850
:106870009A4228BF1A4604F10C0008F0D9F9D9E76A
:106880004268DB8811684A7A9A4228BF1A46093161
:10689000F1E700BF0C00000010B5094C0A4491421A
:1068A00000D110BD11F8013B584003090001E35C21
:1068B000C0B2434018091B01205CDBB25840EEE730
:1068C00032420100F8B587681446FB6B05460E4658
:1068D00098472146064800220023FEF703FE04469F
:1068E00000B1067628463B6C98472046F8BD00BFAD
:1068F0004007002010F0080F0B4B42B20CD100F003
:106900000F00002A4FF0140202FB0033B4BFD3F88B
:106910000806D3F808077047002AB4BFD3F8A806C2
:10692000D3F8A807704700BF00700240F8B50246D0
:10693000EFF31181402383F31288BFF36F8F00F0D0
:1069400008050AF090F90124844057066FEA04060E
:106950001BD0D5B9174F3B6823FA00F0C00714D5F8
:1069600033403B6053B2DB4322F08000DB0F00F288
:10697000DA301B0103EB40030F48C0F80038D0F8B1
:10698000043843F00203C0F804380C48036833406D
:10699000036035B90A480368120654BF33402343E5
:1069A0000360054BC3F86C4481F31188BFF36F8F0C
:1069B000F8BD00BFEC1B002000700240F01B00205F
:1069C000F41B0020EFF31180402383F31288BFF300
:1069D0006F8F0A4BD3F8001C032261B949F275315D
:1069E000C3F8001CC3F8142DC3F8001C80F31188F1
:1069F000BFF36F8F7047C3F8142DF7E700E0064030
:106A0000EFF31180402383F31288BFF36F8F0A4B9B
:106A1000D3F8001C61B949F27532C3F8002CC3F8F1
:106A2000141DC3F8002C80F31188BFF36F8F7047DB
:106A30000022C3F8142DF6E700E0064070B50246C8
:106A40000AF011F9EFF31185402383F31288BFF3A5
:106A50006F8F531E0124062B04FA00F40FD80E4E3C
:106A60000E4B31681B680B43C34013F0010306D182
:106A70000B4802F59472214340F822303160094AF4
:106A8000136823431360084B8022C3F8042185F365
:106A90001188BFF36F8F70BDEC1B0020F41B00202A
:106AA00000700240F01B002000E100E0F8B5030692
:106AB000044623D410F0080720D100F00F02920002
:106AC00002F1804202F51C32D2F84434B3B1EFF344
:106AD0001186402383F31288BFF36F8F0AF0C3F847
:106AE000084DC2F8A074012303FA00F12B6823EAD1
:106AF00001032B6086F31188BFF36F8F024BC3F83D
:106B00001845F8BDF41B00200070024010B591F943
:106B10001800154B0A7E0028B4BFD3F81045D3F8EF
:106B2000144502F00F020123934023420DD10E4A77
:106B30000028B5BFD2F81005D2F81405034303436B
:106B4000B4BFC2F81035C2F814350B7E1A0709D449
:106B5000054AC2F80C3543F48073C2F80C35087E40
:106B6000FFF7A4FF002010BD007002400B7E064A14
:106B700013F07F0F0BBF012343F480735365C2F8FA
:106B800018350020704700BF0070024070B50646FF
:106B90000D4609F0DAFC044609F0E0FC28BB20466B
:106BA00009F0FFFC08B3802D16D1437E9A0744BF3D
:106BB0000E4A15705B070FD50D4B1B7813B90D4BA3
:106BC00001221A65204609F0E8FC00220146304601
:106BD000BDE8704009F0FEBC2846FFF72FFF2046B5
:106BE0000121BDE8704009F0BDBC70BD1521002039
:106BF0001A2100200070024070B506460C4609F0CC
:106C0000A4FC054609F0AAFC20BB284609F0C9FCF3
:106C10000146F8B1ACB9437ED8071BD49A0704D516
:106C20000D4B1C700D4B0122DA644B7E5B0708D5BF
:106C30000B4B1B7873B130460022BDE8704009F061
:106C4000C9BC2046FFF7FAFE28460121BDE8704086
:106C500009F088BC70BD00BF152100200070024003
:106C60001B21002010B54468206801F035F80D4B59
:106C700018600D4B1B782BB10C4B00221868114685
:106C800009F09CFC002201212720FEF7C9F8201DF5
:106C900003F008FB04F1080003F042FB0AF07EFF5A
:106CA000002010BDA41B002017210020F81B00208D
:106CB000012810B5014619D0022809D0A8B90F4BF8
:106CC0000246186809F07AFC0D4B01221A700CE09C
:106CD0000C4B0D4C00221A700C4BC4F800332720CB
:106CE000FEF76EF80123C4F8043510BD034B0022F3
:106CF000186809F063FC024B0022E7E7F81B00204C
:106D0000172100201621002000700240FDFFDF0146
:106D1000014601480BF02ABC0807002008B5054BC6
:106D20001970054B1B7813B10420FFF7F1FF002009
:106D300008BD00BF182100201921002010B50469EA
:106D4000087E0D4A09F08FFF012303FA00F0136853
:106D50000343136004F074FB4020FFF7D9FF4FF0AA
:106D6000FF324FF0FF3304F18401044804F036F998
:106D700004F07AFB002010BDE81B0020140700205F
:106D80002DE9F043474B066989B00546186006F1C6
:106D900084000BF07FF800220023CDE906230024B5
:106DA0006FF00703CDE90334CDE901443E4B3F4981
:106DB00000954FF400723E4804F08CF9DFF814811E
:106DC0003C493B483C4F0BF0AFF9D8F810203B4B07
:106DD000134043F4820343F04003C8F81030C14627
:106DE00088F818404146284609F0C1FB002855D1D3
:106DF0000134092C18D009EB4411082C8A7C304B43
:106E000042F040028A7408D1D9F810212D4911406E
:106E10002D4A0A43C9F8102103E00A693A401A438F
:106E20000A6108F12008DBE7284C294B2269224F30
:106E3000134043F4041343F0400323618046A1460A
:106E400068F07F0222762146284609F090FB28BB95
:106E500008F10108B8F1090F18D009EB4811B8F191
:106E6000080F8A7C164B42F020028A7408D1D9F8A8
:106E7000102114491140144A0A43C9F8102103E0B3
:106E80000A693A401A430A612034D9E796F88030FB
:106E900023F0720343F0720386F8803009B0BDE836
:106EA000F08300BFF81B0020816F0000804A0020A3
:106EB000280E0020104101000000F9FF0000BEFF75
:106EC000400006000000F7FFFF010800FC1B002047
:106ED0000000DEFF1C1D002010B50C4620461146A8
:106EE00009F061FB207E09F0BEFE0146034809F06F
:106EF000C9FE0120FFF70CFF002010BD401E00203E
:106F000008B5064A0B7EC2F80C3543F48073C2F80C
:106F10000C35087EFFF7CAFD002008BD0070024056
:106F200010B50C7E4FF0FF324FF0FF33114803F0E5
:106F300011FE2046FFF7FAFC04F00F0201239340F4
:106F40000D4A14F0800F14BFD2F81015D2F81415A2
:106F50006FEA030315BF0B400B40C2F81035C2F8AF
:106F60001435044803F0C2FD044B8022C3F8042109
:106F7000002010BDF80600200070024000E100E093
:106F80002DE9F04FB04D85B004464FF0FF384FF07B
:106F9000FF390022CDE900894FF0FF31AB480BF0FB
:106FA000ECFAAA484FF0FF310BF0E3FA0746380736
:106FB0002ED5A74842464B4603F0CCFDEFF3118295
:106FC000402383F31288BFF36F8FA24B1B787BB1F2
:106FD000D5F8003413F400730AD10121C5F82C153B
:106FE000D5F82C15D5F80014890548BFC5F82C35FF
:106FF00082F31188BFF36F8F954803F077FD01216D
:10700000204609F082FA00220321204609F0D6FA30
:10701000FE0608D50021204609F077FA0022022159
:10702000204609F0CBFAB80608D50021204609F021
:107030006CFA00220221204609F0C0FAB90761D497
:10704000FA0710D5BFF35B8F834B002253E8008F04
:1070500043E800210029F9D1BFF35B8F0126B8F185
:10706000000F40F0B180790734D57C4B4FF0000C15
:1070700083F800C0D5F88004C0B28DF80800D5F8B8
:107080008414C9B28DF80910D5F88834D5F88C2449
:1070900043EA02239BB2ADF80A30D5F89024D5F824
:1070A000946442EA0622ADF80C20D5F89824D5F86D
:1070B0009C6442EA062292B2694EADF80E20002886
:1070C00040F09B80052940F0988001213170002A12
:1070D00000F09F807B067FF558AF206984304FF029
:1070E000FF324FF0FF3303F009FC5E4E3168002998
:1070F00040F0C2805C4803F037FF2069843003F021
:107100006FFC42E7594BBFF35B8F002253E8008FBF
:1071100043E800210029F9D1BFF35B8F4FF0010A4A
:10712000B8F1000F8CD098FAA8F3B3FA83F30F2BC1
:107130001E46C6BFA3F11006F6B246F080060AFA54
:1071400003F328EA030833063146204627D509F021
:10715000FCF9834609F021FA8146D8B1002158464E
:1071600009F000FA00224946204609F033FA802E41
:1071700010D13A4B002183F800A02046C5F850A05A
:1071800009F0E3F909F009FA014618B10022204696
:1071900009F020FA31462046FFF7F8FCC0E709F075
:1071A000D4F9834609F0F9F9814640B100215846E7
:1071B00009F0D8F900224946204609F00BFA314679
:1071C0002046FFF719FDABE798FAA8F3B3FA83F36B
:1071D0000F2B1946C6BFA3F11001C9B241F08001BF
:1071E00006FA03F30A0628EA0308204602D5FFF749
:1071F000CDFC34E7FFF700FD31E71D4A86F800C0FB
:10720000D5F8703412789A420AD11A4B00221A70BB
:1072100014E003F07F03ADF80A30ADF80C20F4E77A
:10722000144A0123137033704FF4A063ADF8083093
:10723000D5F87034ADF80A30CDF80CC002A920465C
:1072400009F0EFF946E700BF007002400807002090
:10725000F806002016210020401E00201B210020DF
:107260001A210020E81B0020140700203C1E0020EB
:10727000182100201921002091FAA1F7B7FA87F709
:107280000F2F3946C6BFA7F11001C9B241F08001E6
:10729000204609F05AF9804690F818904FF0FF32D6
:1072A0004FF0FF33134803F055FC4846FFF73EFB11
:1072B000104803F01BFC104B8022C3F80421414608
:1072C000204609F09FF90021404609F04BF9BFF331
:1072D0005B8F0123BB40094ADB4352E8000F184093
:1072E00042E800010029F8D1BFF35B8F32681340F8
:1072F0003360FBE6F806002000E100E03C1E0020C1
:107300004FF08053D3F83031082B02BF024B0022DC
:10731000C3F81C2C704700BF007002402DE9F041FB
:1073200005464FF0FF324FF0FF33384803F012FCB0
:10733000374B8022C3F884212720FDF763FDA0B1DD
:10734000344F354B3C681B686FF30F041C434FF000
:1073500001088CBB314E40F2FF133B602720C6F87A
:107360000445FDF73BFDC6F800432D4A13788BB169
:107370002A4B0021C3F808110121C3F80026C3F8E5
:1073800004165960D3F808110029FBD00021C3F876
:1073900008111170214B0024C3F80045FFF7B0FF1E
:1073A0001A4803F0A3FB2146284609F035FAC0B17C
:1073B0006FF00400BDE8F08194FAA4F6B6FA86F600
:1073C0000F2E3346C6BFA6F11003D8B243F080009B
:1073D000030701D4FFF7AAFA08FA06F624EA06041E
:1073E000B7E78021284609F017FA0028E0D10D4BB5
:1073F0000D491C68204606F011FD10F1780F02D1EE
:10740000204606F0E7FC00EAE070D3E7F80600202B
:1074100000E100E0F41B0020F01B0020007002409F
:1074200013210020A41B0020941B00202DE9F04F05
:10743000B34BDFF80883D3F85421B24F85B00AB3B9
:107440000022C3F85421D3F8042391021AD5D3F8AB
:10745000C034002B14BF4FF001224FF48072AA4BAE
:107460009B683BB998F8000009F0FDFB01238340BD
:1074700022EA03023B681343A44A3B60136823F0EB
:10748000012313609E4BD3F8604134B10022C3F84E
:107490006021D3F86C44C3F86C44D3F828214AB176
:1074A0000022C3F828219A4B187809F0DCFB01234D
:1074B00083401C4398F8005098F900902A0700F187
:1074C0000181B9F1000FB4BF924B934B05F00F024D
:1074D000920013441A684AB300221A602846FFF744
:1074E00009FA8E4B1A7800F0010050401870FFF72F
:1074F00007FF8B4B28461A6809F0B5FBC240D3073B
:10750000064600F1F680B9F1000F80F2E280882D86
:1075100000F0DF807D4A01231168B3400B43136004
:10752000812388F80030784803F0E0FA8CB13B689A
:10753000764ADFF8F4A124F001210B433B60136885
:1075400023EA01031360A4B24FF00109002C40F0BC
:10755000F7806B4BD3F800214AB10022C3F8002119
:10756000704B1A70704B0421186809F027F8644BAF
:10757000D3F858212AB30022C3F85821D3F8004485
:10758000C3F80044E00505D5664B012208201A70B7
:10759000FFF7BEFBA10505D5624B002210201A7033
:1075A000FFF7B6FB62050CD55E4B1A784AB1002294
:1075B0001A70534B0122C3F8082520209A65FFF763
:1075C000A7FB4F4BDFF858A1D3F85C31F3B14E4B1A
:1075D0009B681BB998F800305B0617D0484B002217
:1075E000C3F85C21DAF80030484A23F00113CAF8E6
:1075F00000303B6823F4803343F001033B601368A1
:10760000042023F001131360FFF782FBDAF8006017
:107610003B681E4000F02E81394BD3F82C95B9F110
:10762000000F40F0278138480022002303F092FA2F
:10763000002840F01F8116F0012314BF93FAA3F62F
:1076400096FAA6F6B6FA86F6F4B20F2EC8BF103C2C
:10765000354BCCBFE4B244F080041868214608F0F2
:1076600074FF019008F09DFF4FFA84FB04F00803BB
:10767000BBF1000F0246029380F29C80019A058ABA
:10768000518BC368C1F30A018D4240F28A800D46D6
:107690004FF0000903F06042B2F1005F05D01946D7
:1076A00022482A460AF074FF204BB9F1000F00F07F
:1076B000B280DAF800200121B14022EA0102CAF8C2
:1076C0000020A8E01A4B1B4A33EA290328BF1346BF
:1076D00000E71948314609F0D5FA0220FFF718FBF8
:1076E000B9F1000FFFF616AF013D062D7FF612AF80
:1076F00016E7002DF4D1024B0122DA6410E700BF37
:1077000000700240F41B0020F8060020EC1B002053
:107710001521002008710240307102401321002021
:10772000F01B002016210020F81B0020A81B0020C1
:10773000507102402C7102403C1E00201421002098
:1077400094FAA4F5B5FA85F509FA05F345F0800534
:107750002946DAF8000024EA030408F0F6FE08F0EF
:1077600020FF06462846FFF7C5F8014606F10C0043
:1077700007F080FA338A002B7FF4E8AE304608F039
:1077800014FF18B1304608F014FFDFE6284609F070
:107790006AFA0146434809F075FA0220FFF7B8FA81
:1077A000D4E6019308F001FF80F00109019B5FFA24
:1077B00089F96FE704F008013B4B00295DD0D3F84D
:1077C000C03413F4803F08BF9946118AD068558AA7
:1077D000029243186D1A51690393401A2D1A4D45B0
:1077E00028BF4D46294602F10C0007F01BFA019B09
:1077F000598BC1F30A014945DDE902237FF459AFF2
:107800005169D068B2F812C0128A401AACEB00017C
:1078100091423FF44EAF4FF080520120D2F8302118
:10782000082A02BF204A8221C2F81C1C3A6888F844
:10783000004000FA06F622EA060204F008013A6067
:10784000194AF9B9BBF1000F04F00F044FF014010D
:1078500001FB0421A9BF0A3402EB8402C1F80037FE
:10786000C1F80457AFBF42F82400C1F80036C1F890
:107870000456506005B0BDE8F08F04F5947153F8DC
:107880002190A2E7BBF1000FB5BFC2F8A036C2F845
:10789000A037C2F8A456C2F8A457B4BF506290648F
:1078A000E8E700BF3C1E00200070024010B5EFF377
:1078B0001184402383F31288BFF36F8F164B1B781C
:1078C00003F0FF02CBB11549D1F82C3513B30023D7
:1078D000C1F82C354FF08053D3F83031082B0CD140
:1078E0000F4BD3F8000CC02188B949F27530C3F8AA
:1078F000000CC3F8141CC3F8000C84F31188BFF308
:107900006F8F002A0CBF6FF00A00002010BDC3F873
:10791000141CF2E71A46F0E716210020007002401E
:1079200000E0064013B500220092114640230446B1
:1079300008F017FF024618B16FF0040002B010BD46
:10794000009040238021204608F00BFF0028F3D14F
:10795000534901238B60534B4860C860186806F098
:10796000EEF90028EADBEFF31184402383F3128859
:10797000BFF36F8F4C4B4FF40062C3F8002409F043
:1079800064F908B1FFF71EF84FF08053D3F8303197
:10799000082B18D1EFF31180402383F31288BFF333
:1079A0006F8F424BD3F8001CC022002971D149F2DD
:1079B0007531C3F8001CC3F8142CC3F8001C80F305
:1079C0001188BFF36F8F384B0122C3F80025D3F81D
:1079D00000241205FBD54FF40062C3F800244FF0D9
:1079E0008053D3F83031082B17D1EFF311804023A7
:1079F00083F31288BFF36F8F2C4BD3F8001C002940
:107A00004AD149F27532C3F8002CC3F8141CC3F8EC
:107A1000002C80F31188BFF36F8F09F016F930B195
:107A2000FEF7EEFF09F011F908B1FEF7CBFF4FF0BA
:107A30008053D3F83031082B1B4B0AD140F2E3724C
:107A4000C3F800284022C3F80428BFF36F8FBFF3A8
:107A50004F8F8022C3F81C250122C3F83025144B18
:107A600040F2FF121A60134B00211960124B19608B
:107A7000124B1970FFF744FC114B197009F0E5F82F
:107A800008B1FEF7BDFF84F31188BFF36F8F0020AC
:107A900054E7C3F8142C92E70022C3F8142CB8E77B
:107AA000941B0020A41B00200070024000E0064050
:107AB000F41B0020F01B0020EC1B002013210020F1
:107AC00015210020084B70B5C31A0D4607499B10BD
:107AD000044659430648402209F01AF92B4601464C
:107AE0002046BDE870401847581E0020B76DDBB631
:107AF000D42B010073B50C4C0C4A4023041B00939B
:107B00000D460B460A49A41061430646094809F090
:107B10002AF9014628B130462B4602B0BDE8704034
:107B2000184702B070BD00BF581E0020D50D0100DF
:107B3000B76DDBB6D42B01000022F8B50121054654
:107B40001046FDF76DF9104802F0C6F80446B8B9C2
:107B500002F0E2F82F690D49384606F0DDF8031E01
:107B600009DB01263E642D69084905F11C0006F079
:107B7000D3F8031E02DA1C462046F8BDEE64FBE78C
:107B80006FF00404F8E700BFBD7C000094350100ED
:107B90001FB500220123CDE902236C46074A6B463C
:107BA000CDE9004409F00FF928B94FF480420023D1
:107BB000684602F0CFFF04B010BD00BFE90D010020
:107BC00010B5EFF31184402383F31288BFF36F8F56
:107BD000074A136823F00201DB07116002D4012079
:107BE00009F0C8FC84F31188BFF36F8F10BD00BF8C
:107BF000A81E002030B4104B0C2202FB00330146BB
:107C00000020D3E90E529863EFF31180402484F3EF
:107C10001288BFF36F8F1C6C04F0C00444F00204A0
:107C20001C6480F31188BFF36F8F1DB12B4603488E
:107C300030BC184730BC7047581E0020D42B0100C0
:107C400010B4EFF31180402282F31288BFF36F8FDC
:107C500018490B6843F0020413F001030C601AD0BA
:107C60004FF08043D3F80C14D3F80C3413F0010315
:107C700011D0EFF3118182F31288BFF36F8F0E4A98
:107C8000136C03F0C00343F00203136481F3118803
:107C9000BFF36F8F012380F31188BFF36F8F23B180
:107CA0005DF8044B0020FFF7A5BF5DF8044B0120F1
:107CB00009F058BCA81E0020581E002010B1012851
:107CC00004D07047034B1B6C5B0701D1FFF792BFD9
:107CD000704700BF581E0020024AC3B21C2000FBA0
:107CE00003207047581E00202DE9F0413849BFF3AA
:107CF0005B8F8046012251E8003F41E800200028C8
:107D0000F9D1BFF35B8F33B9324933484B60CB6055
:107D10008A6006F014F808F1FF33012B4BD8B8F154
:107D2000010F07D14FF08043D3F81C3403F0030355
:107D3000012B40D00AF0F2F9054658B1EFF3118655
:107D4000402383F31288BFF36F8F0125234F4FF039
:107D500080441EE0224B1B78002BEFD04FF0804375
:107D60000222C3F808230646F0E735B3304606F092
:107D7000F8FED4F8183563B9D4F804214AB1C4F830
:107D80000431D4F804310123C4F81835C7F8803120
:107D9000A360D4F81824D4F81834D203E5D503F03E
:107DA0000303012B02D0B8F1010FDED155B186F3E8
:107DB0001188BFF36F8FBDE8F081002121200AF008
:107DC0004BFAD6E74FF080430222C3F80423F2E7D0
:107DD000541E0020441E0020741E002000E100E01C
:107DE000E5230020024B0B6001231360704700BFA6
:107DF000AC1E002000487047B035010010B50122CC
:107E000011460648064C0AF0F0F809F0B7FE20606B
:107E100009F0B0FE6060002010BD00BFB41E00205D
:107E2000AC1E00204FF08042D2F81015D2F8103569
:107E300001F01E0123F01F030B4343F00103C2F8BE
:107E40001035024B00221A70704700BF1C21002021
:107E50004FF08053D3F83031082B20D14FF08042BF
:107E6000D2F81015CB071AD5D2F8103501F01E0143
:107E700023F01F030B43C2F81035D2F808315BB171
:107E8000D2F8103523F01F030B4343F00103C2F86F
:107E900010356FF08B007047024B01221A700020E2
:107EA000704700BF1C2100202DE9F0410D46164609
:107EB00009F060FE31460746284609F008F878B315
:107EC000B5FBF7F307FB135353BBB6FBF7F407FB04
:107ED00014642CBBB7421DD84FF0FF324FF0FF3374
:107EE0001148DFF8488002F035FE09F043FE0746EE
:107EF000FFF7AEFF044680B9284602F0A9F998F8CA
:107F000000300BB1FFF78EFFF61B3D44F0D1064861
:107F100002F0ECFD2046BDE8F0816FF08B04F6E73F
:107F20006FF01504F6E700BFB41E00201C210020EE
:107F30002DE9F8430E463046194617461C4608F010
:107F4000C6FF88B346EA040515F003052CD1BCB181
:107F50001748DFF864904FF0FF324FF0FF3302F024
:107F6000F9FD24F00304AC4206EB05080BD1114ADD
:107F7000D2F80034DB07FBD500240D4802F0B6FD33
:107F80002046BDE8F883FFF763FF50B979594046B2
:107F900002F07AF999F800300BB1FFF743FF04358E
:107FA000E1E76FF08B04E8E76FF01504E8E700BF46
:107FB000B41E002000E001401C2100202DE9F04308
:107FC000476840F20636D0063B7C87B002EA0606D8
:107FD00054BFC2F3401C4FF0030C01F01F05B6F56F
:107FE000837F144645EA43158DF803C044D00DD86D
:107FF000062E16D005D8A6B1022E3FD06FF0150080
:1080000037E0B6F5807FF9D101260AE040F202227E
:10801000964235D0B6F5407F34D0B6F5007FEDD12D
:108020000226220330D57A6801238B40C2F8083536
:10803000B868A0BB05F01F036D092DD0012D77D1C5
:108040003E4A02EB8302C4F30043D2F8001783F0E8
:108050000103C4F3404444EA430421F4E16144EAE7
:108060008C0421F0070144EA06230B43C2F80037D1
:10807000002007B0BDE8F0830726D2E70426D0E74A
:108080000526CEE70326CCE7630341BF01237A68C8
:108090008B40C2F80C35CBE74FF0A042D1E70DF191
:1080A0000202294609F0D6FC14F4403F80460CD168
:1080B000B868294609F003FDB8F1000FD8D19DF842
:1080C0000210B86801F0C0FFD2E74FF0000901AB21
:1080D000CDE90199CDE90439CDF80C90B86803AA2F
:1080E000294609F08CFB4845C2DB14F4003314D058
:1080F000C4F300449DF803308DF80E3084F0010481
:108100008DF80C608DF80D40B8684B4603AA2946DF
:1081100009F028FC0028CFDAAAE7CDE904330DF1F5
:1081200003030393B86803AA294609F068FBF1E743
:1081300003F5E07350F82330FFDE00BF000300506A
:10814000420970B5034602D0012A17D070BD0D4E0A
:10815000326951680029F9D003F01F0301250C682A
:108160009D400029F2D08A682A4002D04B683046F0
:1081700098472CB1236821461C46F2E7024EE7E7F8
:108180002346F8E70C2C0100F02B010038B54568B8
:10819000A86890B109F08DFC014670B9A86809F093
:1081A0006CFC044658B902460649A86809F04FFC21
:1081B000224605210620FCF733FE002038BD6FF073
:1081C0000400FBE741810000F0B544681646A06852
:1081D000227C01F01F0587B045EA421500286DD0CA
:1081E000B6F5001F04D1294609F0BCFC002056E07A
:1081F0006268607CC2F8240501AA0020B6F5800FF1
:108200000190506037D1B3F1007F14BF05230423E0
:108210008DF804300023CDE904230393E36823FAA7
:1082200001F111F001010DF103073AD1B6F1A07F80
:1082300037D105F01F036A0903F5E07326D0012A40
:108240003FD1214A52F82330DB072AD4A0683A46AE
:10825000294609F0FFFB16301BD00297A06803AA3D
:10826000294609F0CCFA002819DBA068012229462A
:1082700009F027FCBAE7B3F1C06F05D0B3F1007F76
:1082800014BF01230223C3E70323C1E74FF0A04239
:10829000D8E7A068394601F0DDFE0028DDDA07B036
:1082A000F0BDA0683A46294609F0D4FB0028D5D194
:1082B0009DF80310A06801F0C7FECFE76FF08500BE
:1082C000EDE751F82330FFDE00030050036803F0B0
:1082D0001F025B09026004D0012B034818BF002075
:1082E00070474FF0A0407047000300502DE9F04F59
:1082F00000EB8109554985B01546074640F2FF1A43
:10830000B94503D1002005B0BDE8F08F3B68C3F349
:10831000C72818F00808C3F3C322C3F3080440F0C9
:108320008F804B481B0E865C544508BF4FF0FF34CE
:10833000192B00F28880DFE803F00D1E2534282F6A
:108340003486868686373D868686868686868686B7
:10835000407A7D80C5F80C45621C66D003A8039462
:10836000FFF7B4FF039A012303FA02F2C0F80825CD
:108370009B46584637E0C5F81445631C55D04FF06E
:10838000000BF6E7C5F80845E6E7C5F808454FF0E5
:10839000000B601C1CD148E0C5F80C454FF0010BE8
:1083A000F7E7C5F81045E8E7C5F80845002EE4D121
:1083B0000626E2E7C5F80C45F8E7C5F860457B8876
:1083C000621C03F0010330D0002BC7D14FF0010B2A
:1083D00003A80394FFF77AFF039A8446012000FA6A
:1083E00002F2CCF80C253A68019202F4004CBCF180
:1083F000000F08BF804603A818BF4FF0010B03947D
:10840000FFF764FF039C019A00EB8400C2F3412252
:10841000D0F80047360246EA820646EA08060C40D3
:10842000264346EA4B06C0F80067043768E7C5F8FC
:108430006445C4E7C5F86845C1E7C5F86C45BEE7C3
:108440006FF015005FE76FF085005CE7F0F8FCFF68
:10845000424201002DE9F041044647680D4609F00B
:108460005DFE88B14FF04008EFF31186314688F386
:108470001288BFF36F8F606808F07AFE50BB86F3F6
:108480001188BFF36F8FEFE71F4B1B78002BE9D0EC
:108490004FF040086426606808F06AFE70B9012059
:1084A00009F00FF8013EF6D10021212009F0D4FE99
:1084B000F0E786F31188BFF36F8FF5E7EFF31186CE
:1084C000314688F31288BFF36F8F606808F050FE62
:1084D0000028EED0BB691D706368BA691B68002074
:1084E000C3F844250122C3F84825C3F82001D3F876
:1084F0002041C3F85801D3F858019A6081F31188DC
:10850000BFF36F8FBDE8F081E523002070B5012334
:1085100083400F4ABFF35B8FDC4352E8001F01EA40
:10852000040542E80056002EF7D1BFF35B8F4FF4ED
:10853000803282400748C0F80823BFF35F8FBFF343
:108540006F8F03EA0100003818BF012070BD00BF23
:10855000E01E00200010014070B41249D1E900343F
:10856000D01AC31844F1000422F07F46C1E9003458
:10857000A6F50013B3F5400F09D20B4B1B681A0A7E
:108580001B069C19094B42F10005C3E90045EFF3B6
:108590001181402383F31288BFF36F8F70BC03F007
:1085A00007BA00BF000F0020E41E0020080F0020C3
:1085B00011B3BFF35B8F0123104A834052E800CF11
:1085C0004CEA030C42E800C10029F7D1BFF35B8FEE
:1085D0000B4A4FF480338340C2F80433094BBFF396
:1085E0005B8F1B68BFF35B8FC340DB0742BF064B4B
:1085F0004FF40032C3F80021704700BFE01E002096
:1086000000100140DC1E002000E100E00D4B186866
:10861000010A0006BFF35F8F0B4BD3F8043518181F
:1086200041F10001B3F5801F0AD2084BD3E90023C2
:10863000904271EB030303D210F1807041F100010D
:10864000704700BFE41E002000100140080F00200A
:108650002DE9F04F85B016461F469DF840A0044610
:10866000FFF754FF0190FFF7D1FFB04271EB070312
:108670005ED23E4B301A67EB0101984271F1000166
:1086800009D36FF0150520460199FFF791FF2846A1
:1086900005B0BDE8F08F364B03EB0413D3E902239A
:1086A0009F4208BF964254D032494FF4803804F1BB
:1086B000500508FA04F8AD00C1F848832046ADB271
:1086C00008F06CFE26F07F4B05F1804504F5A87399
:1086D00005F58835DC464FF003090293029A2CF029
:1086E0007F4341F82230C1F84483D1F80435224A4F
:1086F0006FF00200C01A604420F07F40904228D9F9
:10870000286868B1D1F804350393A3EB0B0020F07F
:108710007F40B0F5000F1CD9204608F03FFE039BB8
:10872000BAF1000FADD109EB030C09F10109D5E74E
:10873000BAF1000FA5D10123104ABFF35B8FA3400C
:1087400052E8000F184342E800010029F8D1BFF3B6
:108750005B8F07490E98230101EB0412C8500F9B51
:108760005360C2E9026700258DE700BF0100800069
:10877000F00E002000100140FDFF7F00DC1E0020F5
:108780007FB51C4C1C4BC4F80833C4F848331B4B52
:1087900000254FF0FF304FF0FF31C4F80855C3E912
:1087A00002014FF48033C4F80433154B02264FF412
:1087B00000320121C4F804631120C3F880212A4645
:1087C000FCF72EFB1120FCF7FBFA0E4A0123A360F5
:1087D000236013600C4B0D4A0093CDE90155002333
:1087E0002846FFF735FF3046FFF77EFA284604B0EB
:1087F00070BD00BF0010014003000F00F00E00200C
:1088000000E100E0E01E002059850000FFFF7F002E
:108810002DE9F7432B4CD4F8043399070BD5D4F842
:10882000043143B1284A0023C4F80431D4F8043198
:10883000136801331360D4F80433DA0323D5BFF38C
:108840005B8F224B53E8002F22F0010143E8001018
:108850000028F7D1BFF35B8FD30702D4D4F840319F
:108860008BB10025C4F84051D4F84031FFF7CEFE5B
:10887000EFF3108272B6164BD3E90267B042B941EA
:1088800004D282F3108803B0BDE8F0834FF0FF38C4
:108890004FF0FF39C3E90289D3E900101D604FF49E
:1088A0008033C4F84833C4F84051D4F8403182F3DF
:1088B00010880029E7D0009032463B46284688477A
:1088C000E1E700BF00100140E41E0020DC1E002094
:1088D000F00E002030B5431C124C85B005D0844208
:1088E000A8BF0446012CB8BF0124FFF78FFE0E4B32
:1088F0000C4DD3E90013401AB0F5000F10D2221826
:10890000AA4228BF2A4652184FF00000074900919A
:10891000CDE9010043F10003FFF79AFE05B030BD39
:108920002A46F0E7FFFF7F00000F00205985000076
:1089300008B5FFF76BFE024B1B68C01A08BD00BFED
:10894000000F002010B5084C012363601120FCF7D4
:1089500045FA064BC4F80833C4F84833044B4FF4C7
:108960000032C3F8802110BD0010014003000F0049
:1089700000E100E0042812D8DFE800F00D03110D3B
:108980000300084BA0221A60074B1872074BC3F86C
:10899000100501207047034B4FF49672F3E7002057
:1089A000704700BFEC1E0020D81F002000100040C0
:1089B000014809F033B900BF900400201FB5114BE6
:1089C00093F90A001B7A013BDBB2032B9CBF0E4AD2
:1089D000D25C0E4BDB7C4FF0000188BF052200917A
:1089E00003F5166303A9F8F7BBFB9DF80D00F8F734
:1089F000B1FB9DF80C20064BC3F80C2505B05DF8C3
:108A000004FB00BFD81F00204A4201007804002068
:108A100000100040B0F5A47F09D1054B1A68D2F8C8
:108A2000003223F4806323F00403C2F8003270475D
:108A30009004002010B509490948F8F773FB044673
:108A400050B9F8F75DFB204600F004FE054B1B68AB
:108A500040F20442C3F8002210BD00BF30040020E1
:108A60006004002090040020837842781B0443EACD
:108A7000022302781343C27843EA0253027943EA9D
:108A80008253427943EA0263827943EA8263C2797C
:108A900043EA4273094AC2F81435837A417A1B04C7
:108AA00043EA0123017A0B43C17A43EA0163017B64
:108AB00043EA4163C2F81835704700BF0010004018
:108AC0001FB504460D220021684609F06FFD0A4BD0
:108AD00000930A4B5B7CE0B2013B8DF808008DF8F7
:108AE00009008DF80A30684601238DF80B30FFF736
:108AF000BBFF04B010BD00BF0001010078040020DE
:108B000008B5F8F715FB0C490C48F8F70BFB0C4BB4
:108B10001A7812B9587CFFF7D3FF0A4B0A4AC3F8F8
:108B2000042540F21712C3F80022084B084A1A60C5
:108B3000084B06221A7008BD300400206004002093
:108B4000D81F00200010004097230020E81E0020BE
:108B50002D8D0000DB23002010B51C4B1B68012469
:108B60001C6100F099FDF8F7E9FAF8F7CFFA204612
:108B70000021174C00F016FE0023C4F80032154BFC
:108B80001A7812B9587CFFF79BFF134BC4F80435D1
:108B90000023C4F81031D4F81031012323610C4BA9
:108BA000D3F81021002AFBD00021C3F81011D3F80C
:108BB000102140F21712C3F80022012000F086FDB8
:108BC000FFF738FF054B01229A6110BD9004002089
:108BD00000100040D81F00209723002000400140D3
:108BE0001FB518490B7823B1012B07D005B05DF8EC
:108BF00004FB05B05DF804EBFFF762BF0022CDF87F
:108C000009208DF80B30104BCDF805205B7CCDF89A
:108C10000120013B8DF80A3020238DF808300B7AB3
:108C200003228DF80220012B4FF006028DF8002060
:108C300001D0042B02D101238DF805306846FFF7DF
:108C400013FFD3E7D81F002078040020064BBFF3A2
:108C50005B8F53E8001F014343E80012002AF8D15C
:108C6000BFF35B8F704700BFF41E0020F8B50646C7
:108C7000284808F0B2FB07280D4649DC264B274F51
:108C80001A78012A39D13B78C3F3050203F03F0378
:108C9000202B3DD8224B196A53F821301A70204CF2
:108CA0002049236A54F8230010F8052B09F070FCC2
:108CB000236A54F823305E701B4B226AD3F8483580
:108CC00054F8222003F07F039370236A54F8233072
:108CD0001D71236A54F823207B78DB4303F00103E2
:108CE000D370236A0133082B28BF002304F1280026
:108CF000236208F091FB0120F8BD094A116A52F87D
:108D00002120597809B91170C9E75B7C1370C6E757
:108D10000020F1E7A01F0020D81F0020972300208B
:108D2000781F002099230020001000402DE9F84F03
:108D30006B4AD2F8003413F0010803D1BDE8F84FB4
:108D4000FFF70ABF674808F048FB0728F6DCD2F8AF
:108D50000834654EDFF8C091D2F80C4499F8012030
:108D6000DBB2C2F3410136F8230084424FEA8307A5
:108D700004D1F0198078814200F090804FF0000A11
:108D8000F2195A4C9170564AD2F80C2426F8232036
:108D9000A37C23B199F80130DB0740F19D80F8F7FF
:108DA000CDF953495348544DF8F7B6F92478002CBF
:108DB00000F08780012C47D1494B5048D3F8081464
:108DC00008F00BFB002875DDDFF850B1C9B25BF885
:108DD0002130002B6ED0F019494AC0781C6814600D
:108DE000C8B1BAF1000F16D183F804A05BF82130A6
:108DF00042489B684BF8213008F002FB08F0EDFA7E
:108E000000283F4A4EDD5BF8214004B1246814601D
:108E10000120FFF71BFFF319002C45D00122DA7067
:108E200022782B78374862F3050321462B7011F81E
:108E3000052B09F0ADFB6B7899F8012023F00703AF
:108E400002F0070213436B702F4B07221A70FFF7D3
:108E5000B5FD234BD3F80824D2B2C3F82C2540F239
:108E60001B12C3F80455C3F80022284B284A1A6085
:108E7000B8F1000F10D01A4B3E44D3F80804B17873
:108E8000C0B2FFF7F3FE38B10420FFF7DFFE214B3D
:108E90004FF48012C3F80021BDE8F88FC2464FF0AE
:108EA00000086DE75446B2E7DC702B7864F30503E5
:108EB0002B70C0E7F3190022DA702B7862F30503F8
:108EC000F6E72046FFF7FCFD2B7899F800206C7040
:108ED00062F301032B70B7E7FFF73EFEC8E700BF60
:108EE00000100040A01F00206C200020D81F002090
:108EF0003004002048040020B9230020CC1F0020AB
:108F0000D01F0020BB230020DB230020E81E002010
:108F1000018B000000E100E097230020F81E0020F4
:108F2000684620F007018D4601B5204BD3F8042395
:108F3000D1060BD5D3F8102142B10022C3F810217D
:108F4000D3F810311A4B1B6803B19847174BD3F86D
:108F5000042312071ED5D3F80C21DAB1154A527832
:108F6000022A1DD1D3F80804134B5978C0B2C1F3BB
:108F70004101FFF77BFE38B10420FFF767FE0F4B7E
:108F80004FF48012C3F80021084B0022C3F80C21D3
:108F9000D3F80C31FCF74CF8BDE80140854670472A
:108FA000034B1B68002BEFD09847EDE70010004003
:108FB000E81E0020D81F00209723002000E100E0D9
:108FC000684620F007018D4631B5144B14481B68E4
:108FD000144D82B0019308F006FA2B680446B3B131
:108FE000C10704D500228DF8002068469847A207E3
:108FF00005D501238DF8003068462B689847630734
:1090000005D502238DF8003068462B689847FCF799
:109010000FF802B0BDE8314085467047F01E0020D1
:10902000F41E0020D41F00200146C80708B506D54D
:10903000184808F0C3F9184B00BAC3F81C058A0792
:1090400006D5164808F0BAF9134B00BAC3F8200544
:109050004B070AD51248104908F0B0F9C1F82405A9
:10906000104808F0ABF9C1F828054FF08053D3F849
:109070003021082A0DD1D3F8343153B9054B0A48B1
:109080005B7C052B18BF4FF07F40BDE8084000F027
:10909000ADBA08BD78040020001000407C04002018
:1090A00080040020840400200000FFFFF8B51D4C60
:1090B00023788BB32378012B31D01B4B1B4E00251B
:1090C0001D6000F009FC336801271F61F8F736F8CE
:1090D000F8F72EF800F0E0FA0320F8F735F8F8F783
:1090E00015F8134B4FF0FF32C3F80052C3F80823B2
:1090F000C3F81051D3F810211F61D3F81021002AB2
:10910000FBD0336800204FF0FF32C3F80002C3F8F1
:10911000082301232370F8BD6FF00C00FBE76FF00C
:109120007700F8E7DB230020E81E002090040020F1
:109130000010004010B50C4C23789BB108F094F956
:109140001420FBF74BFE0120FBF748FE0A20FBF73B
:1091500045FEFFF7ABFF054808F049FD00F03CFC79
:109160000023237010BD00BFDB23002090040020EB
:10917000F0B5054685B0002870D06E4E33780BB13F
:10918000FFF7D8FF08F054F90446002868D16A4B6D
:109190006A681A60694A2B4605F110071546186877
:1091A0005968144603C40833BB422246F7D11868F5
:1091B00020602B7803B9AB746148624F08F013F953
:1091C00000212022604809F0F1F9604B002407F1EA
:1091D00028001C605C60C7E9084408F004F95C489A
:1091E000C0E90844283008F0FEF85A490B4601341B
:1091F000082C47F8043B03F12503F8D1564A54489C
:1092000000230133082B40F8042B02F12502F8D18A
:109210000022524B10460132082A196018719860DA
:1092200001F1250103F10C03F5D14D482022002165
:1092300009F0BCF9AB89B3F5D97F0FD9287AFFF7CC
:1092400099FB2B78012B8CBF002000F001006B7A7A
:10925000012B34D0022B06D0002B39D06FF015042F
:10926000204605B0F0BD3F4A4FF6FF71C2F83C15ED
:10927000C2F834353C4BC2F838350028EED0394FAF
:10928000687CFFF7ADFC4FF0E733C7F81C354FF0B3
:109290004333C7F82035354BC7F82435344BC7F86E
:1092A00028350023CDE90233324A334B334801934A
:1092B00001A908F088FC88B16FF00D04D0E7294AB5
:1092C000FF21C2F83C15C2F8343540F20713D2E74B
:1092D000244AC2F83C35C2F83435CCE700F0B2FA83
:1092E00004460028BCD100F0F3FA254B5860D7F8AB
:1092F0005026EB7C22F001021343C7F850360125BB
:109300002246022114203570FBF78AFD22462946A9
:109310002846FBF785FD224602210A20FBF780FD47
:109320001420FBF74DFD2846FBF74AFD0A20FBF70A
:1093300047FD95E7DB230020D41F0020D81F002025
:10934000F41E0020A41F00206C2000208F2300208A
:10935000781F0020672200203F210020181F0020D6
:10936000F81E00200010004021100100E743C32335
:10937000A363E313158A000040420F00900400200D
:109380003004002010B5214A12780346002A34D058
:10939000002835D01E4808F020F8002833D01D4C96
:1093A000626A54F8222012781A70616A54F8211007
:1093B00049785970616A54F8211091F90210997036
:1093C000616A54F8211009791971616A54F8211001
:1093D000C978D970616A54F82110581D053109F017
:1093E000D7F8636A0133082B28BF002304F1280053
:1093F000636208F005F8002010BD6FF00C00FBE779
:109400006FF01500F8E76FF03C00F5E7DB23002074
:10941000A01F0020781F002038B535490B78012B9C
:1094200063D1344C63784FF0FF30002B4ED0324B79
:109430000022C3F80803C3F81021D3F810016078A4
:1094400002282E4843D13124C3F80042C3F80C212E
:10945000D3F80C410824C3F80443026006230B70C0
:10946000274B254D9A7CC5F83025DA7CC5F80825B0
:109470001433BFF35B8F53E8001F21F0010143E871
:109480000012002AF7D1BFF35B8F1E4BC5F80435DD
:109490001D4B0222C3F8802100240120FBF790FC21
:1094A000C5F80441D5F80431C5F80841D5F80831AC
:1094B000C5F8104101202146D5F8103100F006F919
:1094C000FFF7B8FA114B01229A61204638BD40F2ED
:1094D0001714C3F800420E4C0460C3F81021D3F8EF
:1094E00010211022C3F80423B8E76FF00F00EDE756
:1094F000DB230020D81F002000100040E81E0020C1
:10950000780400209723002000E100E000400140A3
:109510002D8D000008B50A4A1278012A0346D0B200
:1095200007D14BB11A68074B1A60FFF77DFD002089
:1095300008BD6FF00F00FBE76FF01500F8E700BF04
:10954000DB2300207804002008B5094B1B78012B91
:1095500008D150B1074B02685A600220FFF764FD42
:10956000002008BD6FF00F00FBE76FF01500F8E773
:10957000DB2300207804002010B50F4B1B78012B53
:109580000C4613D1A8B1082913D80A4601460B4846
:1095900008F0FEFF0A4AFF231474C4F108042341B3
:1095A00004209374FFF740FD002010BD6FF00F0002
:1095B000FBE76FF01500F8E7DB23002080040020B4
:1095C00078040020642807D8064B1B78012B06D1AD
:1095D000054BD874002070476FF0150070476FF08E
:1095E0000F007047DB23002078040020184BD3F8CD
:1095F0001C15D3F820254A40024228D1D3F824155F
:10960000D3F82825C1F30720CBB2834214D0C1F38D
:109610000740834210D0B3EB116F0DD0D1B28B4213
:109620000AD0C2F307218B4206D0C2F307418B4216
:1096300002D0B3EB126F0AD1054AD2F8743723F087
:10964000807323F0010343F08073C2F874377047CE
:10965000001000400C4B0D491A78D30003F18043F1
:1096600003F5F833C3F810150949C3F8141501F5CB
:10967000A83120B102F51173064841F823000123F7
:109680009340C1F804357047DE23002018410140A3
:1096900000A0004044A000400A4B0B481A78012368
:1096A0009340C0F80835D30003F1804303F5F83345
:1096B00002F511720021C3F81015C3F8141540F813
:1096C00022107047DE23002000F00140F0B52B4B44
:1096D0002B4C1B782B4FDA0014442B4A0025C2F880
:1096E0001851D2F81821294A15788000EA00C0B232
:1096F00002F1804202F5F83200F1804000F580501E
:10970000C2F81075C2F81405214A05F5117042F827
:109710002040204A20481678F20002F1804202F5EB
:10972000F8320124C2F8100500F5973000F5847076
:10973000C2F8140504FA06F604FA05F0304369B1DC
:10974000164A174E1178CA0002F1804202F5F8322B
:109750008C40C2F810752043C2F814659B0003F1D9
:10976000804303F5F8330122D3F80018AA400A43D6
:10977000C3F80028064BC3F80405F0BDDC23002025
:1097800004F001401841014000400140DF23002067
:1097900000F00140DD23002010110040DE230020F6
:1097A00000A0004030B5224B1C78224B1B780120D2
:1097B00000FA04F200FA03F52A4319B11E4D2D7880
:1097C000A8400243E0001D4D00F1804000F5F83054
:1097D000DB00C5F8082503F180430022C0F81025FE
:1097E00003F5F833C0F8142504F5117045F820206E
:1097F000C3F81025C3F8142551B10F4B1B78DB00BB
:1098000003F1804303F5F833C3F81025C3F814259A
:109810000B4B1B789B0003F1804303F5F8330121C8
:10982000D3F80028A14022EA0102C3F8002830BD85
:10983000DF230020DD230020DE23002000F0014094
:10984000DC23002008B5002000F016FA002802DA18
:109850006FF0120008BD174B1870002000F00CFAD2
:109860000028F5DB144B1870002000F005FA0028E2
:10987000EEDB124B1870002000F0FEF90028E7DB49
:109880000F4B1870002000F0F7F90028E0DB0D4BBB
:109890001870002000F0F0F90028D9DB0A4B18708E
:1098A000002000F0F5F90028A2BF084B1870002036
:1098B000D0E700BFDF230020DD230020DE230020CF
:1098C000E2230020E1230020E0230020DC2300200D
:1098D0000048704710110040F0B5374B1F78374BE8
:1098E0001C78374B1D78374B1978374B01261A787F
:1098F00006FA07F006FA04F306FA05FC034343EA06
:109900000C0306FA01FC43EA0C0306FA02FC43EAE4
:109910000C03DFF8C0C09CF800C0E40006FA0CF6A7
:109920004FEAC70C33430CF1804C284E04F18044BD
:1099300004F5F8340CF5F83C07F51177C6F808354E
:109940000023CCF81035C900CCF81435D20046F805
:109950002730C4F81035C4F81435EC0004F1804405
:1099600001F1804102F1804202F5F83204F5F83449
:1099700001F5F83105F51175C4F81035C4F8143542
:1099800046F82530C1F81035C1F81435C2F8103545
:10999000C2F81435C6F81035C6F814350C4B1B78D0
:1099A0009B0003F1804303F5F833D3F8002822EA43
:1099B0000002C3F80028F0BDDF230020DD230020D3
:1099C000DE230020E2230020E123002000F00140FC
:1099D000DC230020E023002008B5124B002019787A
:1099E00000F050F9104B0020197800F04BF90F4BA4
:1099F0000020197800F046F90D4B0020197800F08E
:109A000041F90C4B0020197800F03CF90A4B00207A
:109A1000197800F037F9094B00201978BDE80840A3
:109A200000F03EB9DF230020DD230020DE230020EC
:109A3000E2230020E1230020E0230020DC2300209B
:109A4000BFF34F8F0549064BCA6802F4E062134327
:109A5000CB60BFF34F8F00BFFDE700BF00ED00E01C
:109A60000400FA05024AD2F80034002BFBD07047FC
:109A700000E0014010B54FF08053D3F83021082AA0
:109A80004ED14FF080420021C2F80C11C2F81011E3
:109A9000C2F8381502F54042D3F80414C2F8201574
:109AA000D3F80814C2F82415D3F80C14C2F82815FA
:109AB000D3F81014C2F82C15D3F81414C2F83015CA
:109AC000D3F81814C2F83415D3F81C14C2F8401592
:109AD000D3F82014C2F84415D3F82414C2F848155A
:109AE000D3F82814C2F84C15D3F82C14C2F850152A
:109AF000D3F83014C2F85415D3F83414C2F86015F2
:109B0000D3F83814C2F86415D3F83C14C2F86815B9
:109B1000D3F84014C2F86C15D3F84434C2F8703549
:109B200007F0BFFC18B1444B444AC3F88C2607F039
:109B3000B8FC18B1424BFB22C3F8182507F0B1FC62
:109B400058B14FF080424FF08051D2F8E43ED1F846
:109B5000581261F30303C2F8E43E07F0A2FC20B1FF
:109B6000384B4FF40072C3F840264FF08053D3F8BF
:109B70003031082B09D14FF08043D3F80024D207AD
:109B800044BF6FF00102C3F800242F4AD2F8883096
:109B900043F47003C2F88830BFF34F8FBFF36F8F69
:109BA0004FF08053D3F83021082A0BD1D3F8343149
:109BB000042B81BF4FF01023D3F808224FF08043CD
:109BC000C3F858254FF01021D1F80C32DB0714D51B
:109BD0001E480123C0F80435FFF744FFD1F80C32CA
:109BE00023F00103C1F80C32FFF73CFF0023C0F85B
:109BF0000435FFF737FFFFF723FFD1F80032002BC2
:109C000003DBD1F80432002B14DA104901234FF0A2
:109C10001020C1F804351224FFF724FFC0F80042D9
:109C2000FFF720FFC0F80442FFF71CFF0023C1F834
:109C30000435DEE710BD00BF00500040488103003E
:109C400000F000400090024000ED00E000E0014024
:109C5000014B1860704700BFEC1F002010B5054B8A
:109C60001868144607F02FFC0028A4BF20700020BD
:109C700010BD00BFEC1F0020014B186807F023BC8B
:109C8000EC1F0020014B186807F03BBCEC1F0020C4
:109C9000024B1868043007F016BC00BFEC1F002010
:109CA000024B1868043007F02CBC00BFEC1F0020EA
:109CB000024A01238340C2F80435704700F0014096
:109CC000014B00201B681847F01F0020014B1B6848
:109CD000184700BFF01F002010B50C4C237993B932
:109CE000012323710A4B2060002818BF184600F09A
:109CF0004BF850B923680748002BBDE8104008BF57
:109D0000184600F091B86FF0770010BDF01F0020EA
:109D1000C19C0000CD9C000008B5064B1B682BB110
:109D20000020FBF76FF808B9FBF74AF8024B012255
:109D30001A7008BDF01F0020E323002038B54FF053
:109D400080440123C4F8083363600023C4F8003161
:109D5000D4F8003142F21075D4F80C24D4F80C3445
:109D6000D20307D5DB0705D5012007F0AAFB013D8B
:109D7000F2D138BD07F00DFC0028FAD0014B0022CB
:109D80005A71F6E7F81F002010B508490C794CB954
:109D9000012308600B7107F0FCFB08B9002010BD1F
:109DA0004C71FBE76FF07700F9E700BFF81F002068
:109DB0004FF080430022C3F80021D3F80021094965
:109DC00001221A60096811B1C3F804237047D3F85F
:109DD0000021002AFBD00022C3F80021D3F8003173
:109DE000704700BFF81F002010B54FF08043D3F834
:109DF0000423D20715D5D3F8002192B10022C3F86D
:109E000000210121D3F80021C3F8081307F0C1FB9A
:109E1000044B10B15A7922B95971BDE810401B6842
:109E2000184710BDF81F0020074A137943B90121D4
:109E3000106011714FF080421846C2F81835704713
:109E40006FF07700704700BF0020002010B54FF082
:109E500080431D4CD3F81814D3F8182411F4803F14
:109E60001AD002F00302012A01D092B900224FF069
:109E70008043C3F818250022C3F80421D3F8042135
:109E800001229A6022688AB9D3F80421002AFBD003
:109E900014E007F08FFBE9E7D3F81424D107E5D5E8
:109EA000D3F81C249207F4D422681AB10222C3F812
:109EB000042310BDD3F80421002AFBD00022C3F8EC
:109EC0000421D3F80431F4E700200020F8B54FF066
:109ED0008043194FD3F80443012504F01A040026E7
:109EE00004B9F8BDB4FA84F0C0F11F00830003F593
:109EF00080739BB203F1804305FA00F2196892B2B5
:109F000024EA02040029EBD01E601B684FF0804356
:109F1000022AC3F808230BD1D3F81814D3F8181465
:109F2000890705D1C3F81855C3F804239D60D7E706
:109F30003B68C0B29847D3E700200020036803F0D5
:109F40001F025B09026004D0012B034818BF0020E8
:109F500070474FF0A040704700030050034A430988
:109F600000F01F00D35C1844C0B270474E4201009D
:109F7000024611F0010030B515D18B07C1F3400046
:109F800022D51249D1F8200550604FF08052C1F817
:109F90002005D2F83021082A08BFD1F82025003842
:109FA00018BF012010E04FF0A0444FF08055D4F8C6
:109FB00020351360C4F82035D5F83051082D08BF7E
:109FC000D4F82045002BD8D030BD00BF000300508E
:109FD000F7B504460846FFF7C1FF04EB40060D46FF
:109FE000B38ADB072AD5204607F0E7FB294620463F
:109FF00007F053FB50B1204607F065FB276807EBDD
:10A0000080000023C0F81035C0F8103529462046DE
:10A0100007F082FB0021B18201A80195FFF78EFFB6
:10A02000019B00EB8300074BD0F80027134043F05F
:10A030000203C0F80037084603B0F0BD6FF015000A
:10A04000FAE700BFF0F8FCFF014807F05ABA00BF7A
:10A05000A404002010B504480C4607F034FA002888
:10A06000A4BF2070002010BDA40400202DE9F04FF3
:10A07000074689B057F8049BD9F80413C9B2834640
:10A08000082241F00041484607F06FFB051E2FDA19
:10A090000023032106A8CDE90633FFF769FF634BD0
:10A0A00001930DF118084FF0000A019A604912F867
:10A0B000013B0192DA0803F007038A5C22FA03F3FA
:10A0C000DB071CD40AF10103022B08F104084FF04E
:10A0D000010AEAD14FF000410022484607F045FB53
:10A0E000032106A8FFF744FF0028D8D125F000453A
:10A0F0000124002D40F0848009B0BDE8F08F4D4B65
:10A1000053440293D8F80060002EDBD0029B96FAED
:10A11000A6F61C78B6FA86F646EA44142046FFF7FF
:10A120001DFF0BEB4000F208818A18F8020005942D
:10A13000C1F382030393009306F00706012303FA99
:10A1400006F620EA060008F8020005A8FFF7F6FE6A
:10A15000059A039B02F5E07211F0100F50F822608F
:10A16000C6F3014633D0009A3846214607F0B5FAC7
:10A1700005A80594FFF7E2FE059B03F5E073F6B230
:10A1800050F82330C3F301439E4207D100212046FB
:10A1900007F074FA3146204607F070FA05A80594D6
:10A1A000FFF7CCFE059B012202FA03F3C0F820352D
:10A1B0004FF08053D3F83031082B01BFD0F8203551
:10A1C000D0F82035D0F82035D0F820359AE7022E87
:10A1D00014BF022103212046039307F04FFA039B8B
:10A1E000032B03D0022E07D1012BD7D1009A214691
:10A1F000384607F072FAD1E7032ECFD1022BF4E7ED
:10A2000095FAA5F3B3FA83F304FA03F225EA0205FB
:10A2100003F5A2720BEB430359F82220B3F87C102C
:10A22000C2F30142384607F058FA62E75E42010085
:10A23000283601005E420100044AD2F80034DB07F0
:10A24000FBD50160BFF35F8F704700BF00E00140A6
:10A250004FF080531A69B0FBF2F302FB13036BB9A2
:10A26000084B0222C3F80425C3F80805D3F80024DC
:10A27000D207FBD50020C3F8040570476FF00C002F
:10A28000704700BF00E0014010B5054C0123C4F841
:10A290000435FFF7D1FF0023C4F8043510BD00BF1B
:10A2A00000E0014010B5174C23783BBB0278C2F3A5
:10A2B000400392070FD54FF08053D3F83021082A7E
:10A2C00008D1D3F83431022B02BF4FF08043012272
:10A2D000C3F8382601234FF08042C2F88035037856
:10A2E00003F00103C2F878350020FAF78BFD08B9B6
:10A2F000FAF766FD01232370002010BD6FF0770090
:10A30000FBE700BFE42300204FF080434FF460726E
:10A31000C3F80823014B00221A6070470820002070
:10A3200008B5FFF7F1FF03680BB1014A136008BDE0
:10A330000820002010B54FF08043D3F80443620793
:10A3400007D54FF4847007F01DFC10B11E4B1B683D
:10A350009847A30608D54FF48A7007F013FC18B18C
:10A360001A4B00201B689847600608D54FF48C7084
:10A3700007F008FC18B1154B01201B68984721060F
:10A3800008D54FF48E7007F0FDFB18B1104B00207C
:10A390001B689847E20508D54FF4907007F0F2FB70
:10A3A00018B10B4B01201B689847A3050AD54FF441
:10A3B000927007F0E7FB28B1054BBDE810401B6821
:10A3C0000220184710BD00BF102000200C200020E4
:10A3D00008200020F8B51B4A0C68B2FBF4F304FB1C
:10A3E000132565BB94422AD85A1E12EA030526D1CA
:10A3F000B3F5007F23D802680F79D2F804454E796F
:10A4000067F30104C2F80445D2F8081593FAA3F3E0
:10A41000B3FA83F366F30101C2F80815C2F81035E8
:10A420000068402300F58072D550D1580433582B72
:10A43000FAD140F30730FAF7C3FC0020F8BD6FF003
:10A440001500FBE70024F40038B5EFF31185402335
:10A4500083F31288BFF36F8F064B9C6806F0AAFF48
:10A4600085F31188BFF36F8F2046BDE83840FAF7B7
:10A47000EFBD00BF1420002038B50A4B53F8204030
:10A48000013053F82050A54200D838BD606830B183
:10A49000037EDB0701D407F0E5FB0834F3E723680C
:10A4A0009847FAE72C36010070B52A4B2A4C2B4D01
:10A4B00086B0012203201A70FFF7DEFF08F067F86C
:10A4C0000420FFF7D9FF2646AE4204F130040FD333
:10A4D00000F0B6FF204CAC4226D300F0C5FFF7F7E2
:10A4E00057FD1F4A938923F00103938106B070BD85
:10A4F00054F80C3C059354F8103C049354F8143C65
:10A50000039354F8183C029354F81C3C019354F8FC
:10A51000203C009354E90A2354E90C0100F08EFD1D
:10A5200054F8303C5E65CEE7D4E90A23B3F1FF3F2F
:10A5300008BFB2F1FF3F05D052EA0301206803D102
:10A5400007F0A3FE3034C6E70649183001F0A0F941
:10A55000F8E700BFE5230020382E0100F82E0100A7
:10A56000D80F0020E521010070B5154E154D164994
:10A57000C82386B003FB006601220023CDE9042333
:10A580000F22CDE902320193182303FB0055044644
:10A5900001EB40210D4B00954FF4C072304600F0A6
:10A5A0004DFD337C0A4AEE6023F0040333744FF40C
:10A5B000086304FB033313442C746B6006B070BD56
:10A5C000100F00201420002080550020471E01009D
:10A5D000004D00207FB50020FFF74EFF294B83F38D
:10A5E0000888294C636943F400736361E02384F8AD
:10A5F000223000252023E37725766576A57684F83A
:10A600002050636A43F4E023636284F82350FAF72E
:10A6100041FBFAF707FD4FF0FF33A362E362FAF75D
:10A6200047FEFAF79DFD1948194C00F07FFDFBF736
:10A630004FF80120FFF720FF0220FFF71DFF00F079
:10A640003DFF144B14499C61144B059301234FF4B7
:10A650000062CDE90353CDE90155114B0095204629
:10A6600000F0ECFC237C064623F004032046237410
:10A6700007F095FD2846FFF777FF094A3146204647
:10A68000FAF7A4FC8055002000ED00E0A0100020A7
:10A69000D80F002014200020805700207A410100AC
:10A6A000A9A4000038B5064C064DAC4201D30020E9
:10A6B00038BDD4E90112204607F039FB1434F4E721
:10A6C000080600201C06002030B585B0DDE90845ED
:10A6D000034B0293CDE9004507F0E7FA05B030BD22
:10A6E000C1DA000038B5074C074DAC4201D3002059
:10A6F00038BD204607F040FB08B91C34F5E76FF081
:10A700001500F5E7EC0500200806002073B50C469F
:10A71000EFF31181402585F31288BFF36F8FC56871
:10A720005DB125602B68C3608369013383610020BC
:10A7300081F31188BFF36F8F11E052EA030603D152
:10A7400025606FF00B00F3E7CDE9002302460830E7
:10A7500000F0D4FD18B9034B9B685B69236002B01D
:10A7600070BD00BF14200020F7B50D4604469DF8CB
:10A770002010EFF31187402080F31288BFF36F8F12
:10A78000266AE068864240D22668B4421AD0CEB12A
:10A79000304607F063FB06F1180007F004FE54F89A
:10A7A000082F70692946002507F0F2FE3046C6F8EA
:10A7B000805007F0F4FC2046394607F023FD284678
:10A7C00003B0F0BDA268A9B1E069294607F0E0FE38
:10A7D000E369A26813446269E361934201D123698A
:10A7E000E361236A01332362002087F31188BFF3FA
:10A7F0006F8FE5E7A0692369984208BF6069801AF6
:10A80000A061294607F0C4FEEBE752EA03010BD032
:10A810000749896804F108004D61CDE900233946F4
:10A82000224600F06BFDCBE76FF02200DDE700BFB2
:10A8300014200020F7B504460846EFF311864021A6
:10A8400081F31288BFF36F8F216A00293BD0A26881
:10A85000A16907F09DFEA369A26825681344626997
:10A86000A361934204BF2369A361236AAC4203F14D
:10A87000FF33236236D02846002D34D007F0EEFA9D
:10A8800005F1180007F08FFD6969A268E06907F01B
:10A890007FFEE369A26813446269E361934204BFE7
:10A8A0002369E361236A0027013323622846C5F840
:10A8B000807007F074FC04F10800314607F0A2FC38
:10A8C000384603B0F0BD52EA030111D00A49896845
:10A8D0004861CDE900233146224604F1080000F02A
:10A8E0000DFDEEE7002086F31188BFF36F8FE8E7D8
:10A8F0006FF02200F7E700BF142000202DE9F3419C
:10A90000044617461E46EFF31188402383F312884E
:10A91000BFF36F8F304BC2689B6872B180689842FA
:10A9200017D057EA060216D188F31188BFF36F8F4C
:10A930006FF00F0002B0BDE8F08193F90E102161B5
:10A940000132C4E9023288F31188BFF36F8F00200F
:10A95000F0E72169F3E793F90E1090F90E30994270
:10A9600030DA9942A8BF194607F08CFA0546CDE9BE
:10A9700000761A482246414600F0C0FC0028E6D086
:10A98000EFF31186402383F31288BFF36F8FA06823
:10A99000D0B1236821699C420AD04BB193F90E30A3
:10A9A0009942A8BF19466FF07F039942B8BF194674
:10A9B00007F068FA40B10948314607F023FC6FF010
:10A9C0000A00B7E70025D2E7002DF4D186F31188FD
:10A9D000BFF36F8FF3E700BF14200020E6230020B1
:10A9E000F8B583680546002B40D0234A926893420D
:10A9F0003FD1C368012B03D9013BC3600020F8BDE0
:10AA0000EFF31187402383F31288BFF36F8F01693F
:10AA1000806807F037FA2C68A54207D10023C5E902
:10AA2000023387F31188BFF36F8FE7E7002CF5D06F
:10AA3000D4E9003213605A60237C002623F002031D
:10AA40002374C4E90066A66004F1180007F0ABFCAB
:10AA5000AC6094F90E302B612046C4F8806007F09A
:10AA60009EFB0648394607F0CDFBC7E76FF015009F
:10AA7000C5E74FF0FF30C2E714200020E623002096
:10AA800073B51546EFF31186402282F31288BFF3A7
:10AA90006F8F0468B4B12368426823F003039442C3
:10AAA00008BF4360036023689B0704D020466568A5
:10AAB00007F066FD2C4686F31188BFF36F8F2046A2
:10AAC00002B070BD55EA0302F5D000F10802CDE9ED
:10AAD00000533146104600F011FC0028EFD1024B24
:10AAE0009B685C69EBE700BF1420002070B5EFF3B2
:10AAF0001186402383F31288BFF36F8F0468A0424E
:10AB00001BD0D4B1D4E9003213605A60237C0025F5
:10AB100023F002032374C4E90055A56004F1180072
:10AB200007F041FC2046C4F8805007F038FB31465E
:10AB30000748BDE8704007F065BBD0E902329A4291
:10AB400018BF0133836086F31188BFF36F8F70BD28
:10AB5000E623002013B5EFF31181402484F312881B
:10AB6000BFF36F8F846844B1013C846081F3118826
:10AB7000BFF36F8F002002B010BD52EA030406D16C
:10AB800081F31188BFF36F8F6FF00F00F3E7CDE90A
:10AB900000230246014800F0B1FBECE7E623002069
:10ABA00070B50546EFF31186402383F31288BFF397
:10ABB0006F8F00232C68A54219D0C4B1D4E90032AC
:10ABC00013605A60227C002322F00202C4E90033A1
:10ABD0002274A36004F1180007F0E5FB6FF00A038C
:10ABE000C4F88030204607F0DAFA0123E2E70022B9
:10ABF000AA6023B986F31188BFF36F8F70BD314609
:10AC00000248BDE8704007F0FDBA00BFE62300200F
:10AC10002DE9FF41544E04464027EFF3118887F396
:10AC20001288BFF36F8FD4F8CC50F5B9022104F12C
:10AC3000E40007F0E6F9002870D004F1DC050022FA
:10AC40000121284607F041FB0028F8D10023029398
:10AC50004FF0FF324FF0FF33CDE90023414604F1BE
:10AC6000D402424800F054FDD7E7D4F8D0202B6836
:10AC7000C4F8CC30954208BFC4F8D030D4F8E430E2
:10AC800043F00203C4F8E430EB6823F0040343F01C
:10AC90000103EB606B6888F31188BFF36F8F284660
:10ACA0009847EFF3118887F31288BFF36F8FEB6833
:10ACB000D80623F001023ED4EA60EB689A0717D564
:10ACC000306823F00203EB6090B10368002178B193
:10ACD000426895423DD10368002934D172683360DF
:10ACE000904200D17360002340F8083BFFF7FEFE5E
:10ACF000D4F8E43023F00203C4F8E430DB0530D4A8
:10AD0000D4F8CC30003B18BF012388F31188BFF37F
:10AD10006F8F002B81D000F0D9FB7EE7D4F8E430B0
:10AD2000D90693D5C4F8E40088F31188BFF36F8F78
:10AD300004B0BDE8F08123F01103EB6005F11000D1
:10AD4000FFF7D4FEB9E70B607368984208BF7160E3
:10AD5000C9E701461BB11A6818461346B7E71A46F9
:10AD6000FAE70023D1E700BF38200020E6230020C7
:10AD7000F8B5C3689A0704460E46C3F3400542D4AB
:10AD80005F0742D40B680BB983680B60E368D80790
:10AD900044BFA368336037684CBF0225012557B311
:10ADA0001B4B9A68D7F8C8309A421ED107F0B6F903
:10ADB00080F00100C0B2D7F8E430D907C3F38002B5
:10ADC0001CD5F2B1F8B100232360D7F8D03073B9A5
:10ADD000C7E93344384607F02EF9E36843F004032B
:10ADE000E3603368A3602846F8BD0020E3E71C60F9
:10ADF000C7F8D040EEE76FF0150506E06FF01205DA
:10AE000003E01B07DFD56FF00F0500233360EAE78F
:10AE1000142000200146014807F057B9881100208E
:10AE2000F0B589B004460020C4E933000E9D04F15A
:10AE3000D400C4E9350004F1DC00C4E9370055B39F
:10AE40002879002840F2011008BF0120C4F8E4006E
:10AE500000204FF0FF364FF0FF37CDE90330CDE94A
:10AE60000100CDE906670D4B0094204600F032F951
:10AE700055B1296811B1204607F056F96B791BB11D
:10AE8000A38943F00103A381204607F0FEF9C4F82B
:10AE9000C84009B0F0BD0120D8E700BF11AC0000E8
:10AEA00037B501900846EFF31184402181F31288F1
:10AEB000BFF36F8FC16811F01E0F16D153EA020560
:10AEC00008D101A9FFF754FF84F31188BFF36F8FF6
:10AED00003B030BD41F00801C160019981620449AD
:10AEE000103000F0D5FC0120EEE70020ECE700BFB9
:10AEF0004520010001460148FFF7D2BF881100201C
:10AF0000F7B50C46019016461D46EFF31187402316
:10AF100083F31288BFF36F8F084607F07DF855EA78
:10AF2000060309D101A92046FFF722FF87F3118804
:10AF3000BFF36F8F03B0F0BDE368074943F0080328
:10AF4000E360019BA36232462B4604F1100000F03F
:10AF50009FFC0120EAE700BF4520010001460148AF
:10AF6000FFF7CEBF881100202DE9F0410546EFF331
:10AF70001187402383F31288BFF36F8F0468A042C8
:10AF80001CD0DCB1204607F0BCF804F1180007F033
:10AF90000AFA0026B046C4F88080204607F0FFF881
:10AFA0002C68A54206F1010610D07CB1204607F0BE
:10AFB000A8F804F1180007F0F6F9ECE787F3118818
:10AFC000BFF36F8F00263046BDE8F0810248394656
:10AFD00007F018F9F7E700BFE62300202DE9F34159
:10AFE0001C4652EA040307460D46164608D1084699
:10AFF000FFF7F6FC6FF00A04204602B0BDE8F081CE
:10B00000EFF31188402383F31288BFF36F8F084654
:10B01000FFF7E6FCCDE9006407483A46414600F0F8
:10B020006DF904460028E7D14FF0FF324FF0FF33AF
:10B030002846FFF763FCDFE7E62300202DE9F04315
:10B04000073285B022F007020E461F461099818113
:10B0500000F15803FF32C0E916330446002322F002
:10B060007F020421836001747F2A0F98A073C4E9D2
:10B070000633E37306F18009A2F1800805D883F353
:10B080001188BFF36F8F084602DFB51829462046A6
:10B09000F9F7F2FB07300E9B20F007002067C4E9A8
:10B0A0001A9802930D9B01932D1A0C9B00932A462C
:10B0B0003B4631462046F9F701FF00236365044B08
:10B0C0009B6803B15B6F6367284605B0BDE8F083FA
:10B0D00014200020F0B587B000250595109D04953B
:10B0E0000F9D03950E9D0295DDE912760D9D01954C
:10B0F0000C9D00950446FFF7A1FFB6F1FF3F08BF86
:10B10000B7F1FF3F05D056EA070305D1204607F007
:10B11000BCF8204607B0F0BD3A46334604F11800AB
:10B12000014900F0B5FBF4E7E521010001230374B8
:10B1300083810023C0E91A334367014B986070474D
:10B14000142000200A4A93686FF00A01C3F88010A7
:10B150000849D8674B6843F080534B60002383F362
:10B160001188BFF36F8F9368D3F88000704700BFDA
:10B170001420002000ED00E070B590F91020037C51
:10B18000002A2FDBD9062DD11A4C63F07F0322460B
:10B19000037452F81C3F216A934207D1C0E9002191
:10B1A000086020620FE09942F8D01B68002BF5D0B0
:10B1B00093F90E6090F90E50AE42F4DD5968C0E983
:10B1C000003108605860E569954200D005B9E5682E
:10B1D000A3681A7CD20606D1DA897F2A03D9AA6924
:10B1E0000AB9A36170BDAB4202D0284600F0D2FA82
:10B1F000A561F7E71420002038B590F91020037CF2
:10B20000002A014604DA03F07F03037406F08FFF7F
:10B210000D4D2A46AB6852F81C4F944200D004B939
:10B22000EC688B4207D01A7CD20604D1DA897F2AD7
:10B2300001D9A2692AB1A34202D0204600F0AAFA9D
:10B240002346AB6138BD00BF14200020B3F1FF3F9F
:10B2500008BFB2F1FF3F03D00249183000F018BB1D
:10B26000704700BFE5210100034648B9EFF30582AE
:10B2700032B9064A91699268914201D0FFF762BFE4
:10B2800083F31188BFF36F8F704700BF1420002035
:10B2900038B5184CA168206A0B68814214BF1A4661
:10B2A000002249680B605960A368216A2AB9124AD2
:10B2B000C3E900210B6023620AE092F90E5093F972
:10B2C0000E00854212DD5168C3E900210B60536016
:10B2D000E569094B9D4200D005B9E568A3689D4228
:10B2E00002D0284600F056FAA56138BD8A42DED069
:10B2F0001268DBE71420002030200020F8B50E4B48
:10B300000C4611460D4A98681060DDE90667EFF3B8
:10B310001182402282F31288BFF36F8F9D68284606
:10B3200006F017FF284632463B46FFF78FFF2046C0
:10B33000BDE8F840FFF706BF1420002040200020A1
:10B34000F8B50446EFF31187402383F31288BFF367
:10B350006F8F037C03F01F02002A0CBF012600261A
:10B3600049B235D103F07F03037406F0E0FE294DA6
:10B37000037C817363F07F032A46037452F81C3FF9
:10B38000286A934207D1C4E9002004602C620DE0D2
:10B390009842F8D01B68002BF5D093F90EC08C456D
:10B3A000F6DD5968C4E900310C605C60EC699442D8
:10B3B00000D004B9EC68AB689C4202D0204600F093
:10B3C000E9F9AC6187F31188BFF36F8F3046F8BDA0
:10B3D0009B071CD5856806F0AAFE81732B689D42E9
:10B3E00009D16B68C4E900531C606C60EAE76A68C5
:10B3F0009A42F6D01B68002BF3D093F90E208A42B4
:10B40000F5DD5A68C4E9003214605C60DAE78173E4
:10B41000D8E700BF14200020034648B9EFF30582A7
:10B4200032B9064A91699268914201D0FFF78ABE0B
:10B4300083F31188BFF36F8F704700BF1420002083
:10B44000EFF31181402383F31288BFF36F8F054B15
:10B450009A68D37B013BD37381F31188BFF36F8F5D
:10B46000704700BF1420002070B5EFF31186402311
:10B4700083F31288BFF36F8F0F4DAB68DA7B013215
:10B48000DA732A4652F81C4F944200D004B9EC6893
:10B490001A7CD20604D1DA897F2A01D9A2692AB19D
:10B4A0009C4202D0204600F075F92346AB6130463D
:10B4B000BDE87040FFF7D8BE14200020024B03F116
:10B4C0001C02C3E9072270471420002070B5EFF377
:10B4D0001186402383F31288BFF36F8F1A4CA16843
:10B4E000206A0B68814214BF1A46002249680B602B
:10B4F0005960A368216A2AB9144AC3E900210B6084
:10B5000023620AE092F90E5093F90E00854216DD8F
:10B510005168C3E900210B605360E5690B4B9D4204
:10B5200000D005B9E568A3689D4202D0284600F026
:10B5300031F9A5613046BDE87040FFF703BE8A428D
:10B54000DAD01268D7E700BF142000203020002096
:10B55000F8B550EA010306460C4603D1FFF7B6FFE3
:10B560000020F8BDEFF31187402383F31288BFF367
:10B570006F8F124D124BA8681860FFF73DFEA86848
:10B58000104923463246183000F082F9AA68137C2D
:10B5900043F00403137404463846FFF7D3FDAB6849
:10B5A000D3E90A23B3F1004F08BF002AD8D106F02F
:10B5B0002FFF201A20EAE070D3E700BF14200020FC
:10B5C00040200020E5210100014B9868704700BF32
:10B5D000142000202DE9F84304468789EFF31186F3
:10B5E000402383F31288BFF36F8F037C190705D5BF
:10B5F00086F31188BFF36F8FBDE8F883D90943F054
:10B6000008026FD10274A36813B1204606F097FDBB
:10B6100004F1180006F0C7FEA56D04F15808A8450E
:10B6200011D04FF0000975B1284606F088FD05F1EC
:10B63000180006F0B8FEC5F880902846FFF79CFD7C
:10B64000A56DA845EFD1DFF8C480D8F808309C423A
:10B6500050D1EFF30589B9F1000918BF4FF0010986
:10B66000D8F81C50274A954200D00DB9D8F80C5094
:10B67000AB4202D0284600F08DF82046C8F818509A
:10B6800003F059FAB9F1000F02D01F48FFF74EFD41
:10B69000D8F808309C4230D1EFF305836BBBA28908
:10B6A000D20711D586F31188BFF36F8F83F311880A
:10B6B000BFF36F8F0423184602DFEFF31186402398
:10B6C00083F31288BFF36F8F3046FFF73BFDFB0714
:10B6D00092D5002383F31188BFF36F8F042318469C
:10B6E00002DF89E703F07F0343F00803037406F0E9
:10B6F0001EFD88E74FF00009B2E786F31188BFF31B
:10B700006F8FE4E730200020A010002014200020DC
:10B71000D3B5DDE90667089CCDE90067FFF7EEFDCC
:10B720001CB1034B9B685B69236002B0D0BD00BFB6
:10B7300014200020027C12F01F02034610D10A4997
:10B7400088420DD00949086868B1D9897F2909D88C
:10B7500093F90E20064B1B689A42B8BF0020704731
:10B760000020704710467047100F0020A8040020EA
:10B7700044200020044BC01A044BC0105843044B13
:10B7800001221A54704700BF68110020ABAAAAAA70
:10B79000E623002070B50C4B0C4D1E7CFFF7CAFF52
:10B7A000182303FB06550446284606F0FCFD084B0B
:10B7B00000229A553CB1621E28460649BDE87040F9
:10B7C000D31700F065B870BD142000206811002068
:10B7D000E623002075B7000038B5EFF3118540234C
:10B7E00083F31288BFF36F8F0F4B104A9C68106869
:10B7F000A04206D1FFF7CEFF85F31188BFF36F8F0C
:10B8000038BD00211B7C1160094AD35C002BF3D0AA
:10B810002046FFF78FFF0028EED0237CDB0601D106
:10B82000FFF736FD2046E5E71420002040200020E9
:10B83000E6230020024B1868984208BF002070479A
:10B84000AC040020034B1B680BB9FDF771B8002056
:10B85000704700BF4820002030B570B10B4B5B68CB
:10B8600098420AD0036843B1D3E90421D0E90445E2
:10B87000121941EB0501C3E90421D0E9003213603C
:10B880005A600023C0E9003330BD00BFAC04002083
:10B89000B3F1FF3F08BFB2F1FF3F2DE9F84F044677
:10B8A000994615461F467AD08160EFF311884023F0
:10B8B00083F31288BFF36F8FB9F1000FDFF8E8A0B0
:10B8C00020DBFFF7BFFFDAE90027013549F1000966
:10B8D0002D1849EBE073C4E90453AD18064643EB59
:10B8E00007074FF00109FFF7A5FFDFF8C0E0DEF81A
:10B8F00004A00346EBB9C4E900EACAF80040CEF858
:10B90000044028E0DAE900126FF001035B1A4FF0FF
:10B91000FF3161EB02025B1B62EB0902012B72F14A
:10B920000001BCBF01230022C0E904324FF000092E
:10B93000D9E7D3E9041CD4E904208A4270EB0C0B4C
:10B9400024DA891A5A686CEB0000C3E90410C4E9D0
:10B95000003214605C60FFF76DFF84420ED1114B22
:10B960001B685BB9B9F1000F02D1FFF76BFF064608
:10B97000304606F001FD0021FCF7ACFF88F311888A
:10B98000BFF36F8F28463946BDE8F88F521A60EB37
:10B990000C005345C4E90420ADD01B68AAE700257C
:10B9A0002F46EFE74820002080110020AC04002043
:10B9B0002DE9F047284F294E38600246FFF73AFF3D
:10B9C0000D464FF000084FF00009D6E900134FEA8A
:10B9D000E27E50B1D0E9044CA2427EEB0C0A1ADAA6
:10B9E000A41A6CEB0E0CC0E9044C52184FF0000482
:10B9F00043EB0E032046C6E900233C6006F0BCFC86
:10BA00002146FCF767FF85F31188BFF36F8FBDE810
:10BA1000F047FFF7E1BE611843EBE473C0E9048926
:10BA2000C6E90013FFF718FF01224FF00043C0E9F9
:10BA3000042385F31188BFF36F8F83689847EFF372
:10BA40001185402383F31288BFF36F8F3A68121B6E
:10BA50003A60FFF7EFFEB8E7482000208011002091
:10BA600010B5EFF31184402383F31288BFF36F8F77
:10BA7000FFF7E8FE054A0346D2E90001181841EB3A
:10BA8000E37184F31188BFF36F8F10BD8011002024
:10BA900073B50446EFF31186402383F31288BFF396
:10BAA0006F8F8368594003EA02050A4053400093B0
:10BAB00000226B460849019206F02AFCDDE90032BB
:10BAC00023EA020304F10C00A360314606F09AFB5E
:10BAD000284602B070BD00BF2F250100F8B507460B
:10BAE0000C46164606F01AFB08B10020F8BD0D4BB7
:10BAF0009B685D6F002DF8D0221DF6D2EFF3118404
:10BB0000402383F31288BFF36F8F47F00401284668
:10BB1000B04784F31188BFF36F8F0028E5D040F859
:10BB2000045BE3E7142000200146024A0020FFF7EF
:10BB3000D5BF00BFBBDA000007B5074B009307492C
:10BB400007484FF0FF334FF40062FFF769F9002018
:10BB500003B05DF804FB00BF443601000060002024
:10BB60008811002010B50A4C23681BB10123236003
:10BB7000002010BD00F0EAF80028F7D001380628B0
:10BB800003D8044B53F8200010BD034810BD00BF7C
:10BB90004C20002050360100FE8FFFFFBFF34F8F77
:10BBA0000549064BCA6802F4E0621343CB60BFF359
:10BBB0004F8F00BFFDE700BF00ED00E00400FA0575
:10BBC00010B40A4B0A490B4C4FF0FE32C3F8002464
:10BBD0004968C3F80424C3F80824C3F80C240023DC
:10BBE000C4F800355DF8044B084700BF00B00250B0
:10BBF000B404002000A00250D0E90012014BC3E9B8
:10BC000000127047B404002010B5044650B16368B8
:10BC100013F0685F05D0064A934202D000232360E8
:10BC2000626010BD034B04485B689847EFE700BFB4
:10BC30002C5F5CA9B40400206C360100C8B14368D5
:10BC40000D4A934213D013F0685F0ED0012350E8E1
:10BC5000002F194640E8001C9CF0000FF7D1012A84
:10BC6000F5D0BFF35F8F0020704704487047044849
:10BC700070476FF4E04070472C5F5CA9E98FFFFFCD
:10BC8000EA8FFFFF80B14368094A93420AD013F05C
:10BC9000685F05D0BFF35F8F0023036018467047CD
:10BCA00004487047044870476FF4E040704700BF95
:10BCB0002C5F5CA9E98FFFFFEA8FFFFF10B50446F8
:10BCC00020B1044B63600022226010BD0248FFF7E0
:10BCD00077FFF6E73A00003A9436010070B5D0E9F4
:10BCE0000023154C6360D0E90230C4E902302260C1
:10BCF000124B0D681D604D685D6011488D689D6038
:10BD0000CD680969DD601961436813F0685F04D08C
:10BD10000C490023C0E9003190470B48436813F0F9
:10BD2000685F07D0074923680022C0E90021BDE809
:10BD30007040184770BD00BFD0040020BC04002034
:10BD4000F00400202C5F5CA9E804002008B500F096
:10BD500013F830B900F014F828B9064AC2F80C0AF2
:10BD600008BD032008BD00F009F800F043F80420E6
:10BD700008BD00BF00B0025000207047002070478F
:10BD800010B5154800F05EF800B110BD134800F082
:10BD900059F80028F9D1124C204600F053F8002839
:10BDA000F3D1104B10481C6000F04CF80028ECD187
:10BDB0000E4800F047F80028E7D10D4800F042F89F
:10BDC00001460028E1D100F039F8044608B900F036
:10BDD0004DF8204610BD00BF300500202C05002086
:10BDE0002805002020050020240500201C05002037
:10BDF0001805002008B50B4800F02EF80A4800F09E
:10BE00002BF80A4800F028F8094800F025F80948FE
:10BE100000F022F8084800F01FF8BDE8084000F0E4
:10BE20000FB800BF300500202C0500202805002099
:10BE3000240500201C050020180500200020704764
:10BE4000704700BF08B5034B02681B68106898472D
:10BE5000002008BDD004002008B5034B02685B68D1
:10BE600010689847002008BDD004002070B5094C28
:10BE7000094D2069AB68984718B1084B08485B68C2
:10BE80009847084AEB68206900211160BDE87040BE
:10BE9000184700BFBC040020D0040020B4040020D8
:10BEA000B8360100682000200CB430B58BB00446D1
:10BEB0000D462022002102A806F078FB02238DF80F
:10BEC0000A30002D0C4B0393069412DB01D06B1E3D
:10BED0001C440FAA0E99079402A8019200F092FA4E
:10BEE00015B1069B00221A700BB0BDE8304002B0BD
:10BEF00070470024EDE700BF1B2B01002DE9F04740
:10BF00002DED028B80460F46002318F803C0BCF1CC
:10BF1000200F03F1010200F06F81ACF10901042947
:10BF200040F26A81BCF12B0F144630D0BCF12D0FCA
:10BF300032D000254CF02003692B2FD06E2B5BD024
:10BF400000214FF00A098E460B460E4615F400609C
:10BF500067D04CF02002A2F1610ABAF1050F60D857
:10BF6000573AD2B24A4561D34CF0200CBCF1780F5D
:10BF700005F0800240F09580002A4ED0002E40F05F
:10BF8000928045F4006080B24FF0100978E00025FF
:10BF900018F802C09C1CCDE74025F9E7974B9FEDB0
:10BFA000988A13F8011B51B118F8042042F02002BE
:10BFB0008A4204F1010023D0924A93422DD1B0EE7F
:10BFC000480A06F01AFD50B118F80430282B06D1A3
:10BFD000013418F80430292B04F1010412D16B0646
:10BFE00001D5B1EE488A0FB144443C60B0EE480A36
:10BFF000BDEC028BBDE8F087834B9FED848AD0E7D0
:10C000000446CEE723F02002413A192AE1D9A3F1F0
:10C010003002092ADDD95F2BDBD09FED7D8A002419
:10C02000E1E7ACF13002D2B24A4530D245F08000AF
:10C0300015F4807C80B21CD1B9F10A0F14BF4FF007
:10C04000070A4FF0080AD64507DCAD051DD406FBEC
:10C050000926AEB10EF1010E12E045F4C070B9F13F
:10C060000A0F80B205D1042A03D9052A08BF624607
:10C070000223002A18BF43F00103850500D40131D3
:10C0800018F804C00546013460E70139DFE7FE2AED
:10C090007FF46AAFAA053FF567AF45F4007080B240
:10C0A000EEE7002AB9D0002866D0890070226245E8
:10C0B00019D118F804202B2A04F1010004D02D2AEC
:10C0C0005CD145F48065ADB218F800C0A01C1446E0
:10C0D0006246A2F1300CBCF1090F52D901340CBFF9
:10C0E00000F1FF34841E013C002E00F082802A05FE
:10C0F00067D51931B6F1007F5AD3B6F1806F5AD2A5
:10C1000011F17E0F57DB46EA030202F00303032B13
:10C1100003D002F00603062B05D10432B2F1806F82
:10C1200024BF520801317F2960DCB2F1007F4FEA61
:10C13000920326BF7F3123F40003002143EAC15359
:10C1400008EE103AB0EE480A01F0A8F901380228CA
:10C1500004D8F8F7FFFF2F4B22221A50B0EE480AFE
:10C1600001F09CF9013802283FF639AFF8F7F2FFE9
:10C17000284B22221A5032E7652298E74FF0FF340D
:10C18000A7E700244FF00A09DF2CDCBF303A09FB97
:10C19000042418F80020A2F1300CBCF1090F00F1C2
:10C1A0000100F1D96A0548BF6442214404469AE778
:10C1B000760001399EE706F0010242EA5606013197
:10C1C0009BE78E441EF12D0F0DDBBEF1270F0DDC1A
:10C1D00006F001001843013006EB900006F05CFA0F
:10C1E000B0EE408ABAE79FED0A8AB7E79FED048A6E
:10C1F000B4E79FED078AF2E6134686E66342010044
:10C200000000807F66420100604201000000C07FA4
:10C21000000000000C000000242AF0B5044601D8FC
:10C22000012A40D1F8F796FF2D4B16221A5001B182
:10C230000C600020F0BD2F463D4615F8010B20286C
:10C24000F9D0A0F10906042E0346F4D92B282CD0EE
:10C250002D282CD101262B78BD1C302B2DD12878F0
:10C2600040F02000782824D132F0100021D16B78E2
:10C270002C46102202350020392B82BF03F1FF33F8
:10C2800043F02003263B303B9A421AD9A0FB02041C
:10C290000CB9C01801D346F002062F462C4617F8F9
:10C2A000013B3D46E8E70746C6E70026D3E7002600
:10C2B000D3E7002A08BF0822DDE7002A08BF0A22C8
:10C2C000D9E701B10C60F20748BF4042B307B1D5CE
:10C2D000F8F740FF024B22221A504FF0FF30A9E737
:10C2E0000C0000002DE9F0410126B24201DCBDE85E
:10C2F000F08107463B461F4613F8014B002CF6D051
:10C30000252CF8D11D78252D07F10207F2D0002346
:10C31000DFF8EC809C461C461F2C27D8A5F1200E88
:10C32000BEF1100F06D828FA0EFE1EF0010F53D1F1
:10C330002E2D3CD02E2D27D8242D33D02A2D36D08B
:10C34000BCF1000FD3D0B445D4D145F02007A7F1FC
:10C35000650CBCF1020F0B6801D9612F42D1073384
:10C3600023F0070308330B600136BEE77F2CDFD9CB
:10C370006C2D23D01DD8682D27D06A2D01D04C2DCF
:10C38000DED144F4207408E0A5F1300EBEF1090FAF
:10C39000EED80A2404FB03E3202417F8015B002DE8
:10C3A000BAD1CDE7BCF1000F18D0B34218D00023AA
:10C3B000F3E7742DF1D07A2DEFD0C1E7250648BF01
:10C3C00044F4007444F08004E7E7E50548BF44F412
:10C3D000007444F48074E0E70024DEE79C46E6E75E
:10C3E0006325B2E7692D02D007D8632D03D0250657
:10C3F00001D5A405B3D40433B5E7732DF6E700BF28
:10C40000892801002DE9F04F8378D0F8049093B08B
:10C410009C07CDE90812804615D50B920B460025E6
:10C42000187890B1252814D0013306934146C847A7
:10C43000002805F1010580F2FC8398F8023043F0F2
:10C44000040388F802304FF0FF35284613B0BDE8EA
:10C45000F08F93F801A09A1CBAF1250F0692E5D04F
:10C460004FF0000B5E465F465C461F2C23D8AAF1B6
:10C470002003102B22D8DFE803F01521211B2121F6
:10C48000210B2121211321182121090044F001044D
:10C49000069B13F801AB0693BAF1000FE5D11BE040
:10C4A00044F0020444F00404F2E744F00804EFE727
:10C4B00044F01004ECE77F2C00F2F880BAF12E0F64
:10C4C00000F0D58000F2AE80BAF1240F00F0D580E4
:10C4D000BAF12A0F00F0B680BBF1000F06D0099B1D
:10C4E00008980B935A460BA9FFF7FCFE002E4AF062
:10C4F0002003B8BF24F040040493A3F16503BCBF3C
:10C50000A4B20026022B04D94AF02003612B40F08C
:10C5100090826FEA0A0A0AF0200307930B9B073305
:10C5200023F0070303F108020B92049A612AD3E96E
:10C5300000AB04F0400340F0E680002B08BF4FF052
:10C54000FF36079B0093504633460CAA594606F027
:10C550005EFA0130C3B2B3420393A8BF03F1FF36C2
:10C560004FF0010C7023CDE9043CDDF830A044F419
:10C57000C0540AF10903122B0DD90AF16303C62B2B
:10C5800040F2F4800AF2E73340F2CE7293428CBF5D
:10C590000423032305939DF83430D80700F1E88085
:10C5A000A20700F1E880C4F3800B4FEA4B1B5FFA4F
:10C5B0008BFB13F00C0F00F0EA80BBF1000F0CBFF7
:10C5C00003230423BB420EDA2007A7EB03070BD497
:10C5D0002F4441462020C847002805F10105FFF6F9
:10C5E0002CAFBD42F5D10027BBF1000F07D041466B
:10C5F0005846C847002805F10105FFF61EAF9DF813
:10C600003430AF4C13F0080FAE4B08BF1C46264623
:10C61000324616F8010B002840F0B0802C1B02EBCC
:10C62000040B7DE1AAF13003092B3FD814F0400F31
:10C630004FF00A0212BF02FB063602FB073744F036
:10C64000200425E7BBF1000F7FF422AF0B9A6006B0
:10C6500052F8043B0B9201D51E4619E7002BA7BFE9
:10C6600044F020041F465F4244F0280410E76306AC
:10C670003FF5EBAE44F040040AE7BBF1000F3DD0BC
:10C6800014F0400A099B08980B930CBF3A463246B7
:10C690000BA9FFF727FE0B9B53F8042B0B93BAF162
:10C6A000000F01D01646F3E61746F1E6BAF16C0F1B
:10C6B00016D00CD8BAF1680F19D0BAF16A0F03D0AE
:10C6C000BAF14C0F7FF408AF44F42074E0E6BAF1FD
:10C6D000740F3FF4DDAEBAF17A0F3FF4D9AEFBE64A
:10C6E000200648BF44F4007444F08004D0E6E3051B
:10C6F00048BF44F4007444F48074C9E65E4634468E
:10C70000BB463746C4E6002B049B08BF0626652BB4
:10C710000ED1721CD2B244F480541346112A4FF049
:10C7200065014FF0000228BF11239446049107E0F1
:10C73000049B662B12D144F40054B4460122112309
:10C74000CDE9002C50460CAA594600F043FBC3B279
:10C7500003930223DDF830A005930AE716F0FF02E9
:10C76000DBD16523049394460123E9E7022311E713
:10C770004FF02D0B1DE74FF02B0B1AE7079BC01A4C
:10C780004146C0B2C8470028BFF642AF55E614F490
:10C79000405F40F09980039B4833002E6B4408BFF4
:10C7A0000126133B039A1AB113F8012D302A79D0D0
:10C7B00014F0100F039B18BF33461AF1040F76DBF9
:10C7C000B24574DA534544F4005440F380800AF1D2
:10C7D00001069E1B2AEAEA730133BBF1000F00D069
:10C7E0000133002E75D0721C13449F42CCBFFF1A38
:10C7F000002714F0090F03D12F44BD426DD100274B
:10C80000BBF1000F07D041465846C847002805F144
:10C810000105FFF612AE230511D541463020C84769
:10C820000028FFF60AAE079BC3F17800414600F0EE
:10C83000F800C847002805F10205FFF6FEAD200705
:10C8400004D4AB467D195D454FD10027A1046AD5BC
:10C850002AEAEA73AAEB030A7642039A524584BF96
:10C860000CAA524403F1FF338CBF507930209E4212
:10C8700005F1010B41DC41460493C8470028049BA5
:10C880000AF1010AFFF6D9AD5A1C09D141462E2002
:10C890000493C8470028FFF6D0AD049B05F1020BB6
:10C8A0005D46DAE7039A013AD2B203927AE75E1E56
:10C8B00014F4006F059A14BF0523032313448CE777
:10C8C0008C41010088410100A10483D4F0E70026D7
:10C8D00080E7E20648BF013387E741462020C8478A
:10C8E000002805F1010588DAA7E541463020C84750
:10C8F00000280BF1010BA6DA9FE541460393C847D8
:10C900000028FFF69AADE6060AD5039B013307D14E
:10C9100005F1020B41462E20C8470028FFF68DADD9
:10C920005D465F4418E29DF835004146C84700283F
:10C93000FFF683AD002E61DD41462E20C84700285A
:10C94000FFF67BAD01240CAB039AA242CABFE218EA
:10C95000302050794146C8470028A346FFF66DAD08
:10C960000134A6420CABEFDAAC1C5C44049B079A82
:10C97000981A4146C0B2C8470028FFF65EADBAF12A
:10C98000000FB4BF2D202B204146B8BFCAF1000ACA
:10C99000C8470028FFF651AD059B042B3AD14FF450
:10C9A0007A76BAFBF6F505F130004146C0B2C847C9
:10C9B000002804F10304FFF640AD06FB15AA642627
:10C9C000BAFBF6F505F130004146C0B2C847002871
:10C9D00004F10104FFF631AD06FB15AA0A26BAFBE5
:10C9E000F6F505F130004146C0B2C847002804F111
:10C9F0000104FFF622AD06FB15AA13E0E40601D4FC
:10CA00006C1CB3E741462E20C847002805F10204FC
:10CA1000ACDA12E5059B032B04F10204CFD0059B91
:10CA2000012BDBD10AF1300004F1010B4146C0B209
:10CA300072E7AAF16303122B00F2E580DFE813F03E
:10CA400013005400E300E300E300E3005400E300BC
:10CA5000E300E300E300E300FC00DD00E300E300AB
:10CA60002900E300AB000B9B1A1D1B680B928DF88D
:10CA7000303001260DF1300A20072CD50AEB060BC9
:10CA800054465C4529D1A5EB0A0A04EB0A0BBF1BEF
:10CA900046E70B9B1A1D0B92D3F800A0A94BBAF1E5
:10CAA000000F08BF9A4614F0400F14BF31464FF0F4
:10CAB000FF31504605F092FD0646DDE74146202055
:10CAC000C8470028FFF6B9AC013CA642F6D32F4474
:10CAD0003D1B2746D2E73C46F7E714F8010B4146D9
:10CAE000C8470028CDDAA8E421060B9B32D5A20561
:10CAF0002BD5073323F00703D3E9000103F1080224
:10CB00000B9224F0100B00291FFA8BFB32DA404203
:10CB100061EB41014BF4806B0CAC0A23224605F01B
:10CB200094FD1BF0400FA0EB040200F09C802BF062
:10CB3000010396429BB240F39F80BAF1000F40F090
:10CB40009D802BF011039BB21FE01A1D18680B92F9
:10CB5000C117D6E71A1DE00519680B9201D40846E3
:10CB6000F6E7A2054BBF48B208B241F3C01141F34A
:10CB7000C031C6E750EA0103CED16306CCD5002E02
:10CB8000CAD124F01104A3B23246344640F2064121
:10CB90000B426FD126E024F01004A4B20A2314F053
:10CBA000800C0B9A4CD014F400711DBF073222F098
:10CBB000070202F10801101D19BF0B91D2E9000113
:10CBC0000B90106850EA010247D124F0160B620660
:10CBD0001FFA8BFB45D5002E43D124F01704A3B2D6
:10CBE0003246344619075FD4D90704D5A74272DD0F
:10CBF0003C1BA6183C46A34650E044F0100410230A
:10CC00004FF0780ACBE74AF02003782B04D1CAF121
:10CC1000780343F01003C2E741462520C8470028A7
:10CC2000FFF60BAC41465046C8470028FFF605AC5E
:10CC30000235069BFFF7F4BB08234FF0000AAEE76E
:10CC4000111D0B9114F480711068BBD014F40071A5
:10CC50001ABFC0B2614680B2B4E724F006041FFADE
:10CC600084FB0CAC5AE714465B46D9068ED5BAF164
:10CC7000000F05D10134B5E71446F6E73446F4E772
:10CC80000234AFE741462020CDE90332C8470028EF
:10CC9000FFF6D3ABDDE903320BF1010B5F45F1DCAD
:10CCA0002C1B04EB0B055C46D90616D541463020FB
:10CCB0000392C8470028FFF6C0AB039ABAF1000FF1
:10CCC00032D0023541465046C8470028039AFFF645
:10CCD000B4AB2E441DE016468DE740F206410B42F0
:10CCE000F7D013F0020F14BF2B20202013F4806F15
:10CCF000039205F10105414618BF2D20E4E74146A6
:10CD000030200392C8470028039A05F10105FFF679
:10CD100094AB731B9A42F2DB16460DF1300A2EB922
:10CD200002EB050B3F1BFBE50135D2E7013E414617
:10CD30001AF806000392C8470028039AEFDAFFF7B3
:10CD40007CBB00BF9041010041462020C84700281D
:10CD500005F10105FFF671AB7B1B002BF4DC68E7E6
:10CD6000F0B589B004460D461646002120226846DB
:10CD70001F4605F01BFC02238DF80230002D0A4BE4
:10CD8000019304940EDB01D06B1E1C443A463146DD
:10CD900068460594FFF736FB15B1049B00221A7014
:10CDA00009B0F0BD0024F1E71B2B01001FB502AB59
:10CDB0000093074A4FF0CC3305F0E9FDDDE90201AD
:10CDC000C00840EA4170C90805B05DF804FB00BF27
:10CDD000CDCCCCCC2DE9F04F9BB00F0D0A939DF834
:10CDE000903005920C93C1F30A52C1F31303C90F9B
:10CDF000044607917AB950EA03017CD105993023A2
:10CE00004B71079B0A6043F002030B710126304609
:10CE10001BB0BDE8F08F40F2FF718A420AD1034394
:10CE2000079B059A14BF43F0080343F004031371F2
:10CE30000026ECE7A2F2354A43F48015234301BFF4
:10CE400027F001077F057F0DB7FA87F704F001028D
:10CE50004FEA85080CBF7F090127BAF1000F08923D
:10CE600048EA94784FEA8406C0F2B680504600F053
:10CE7000EBF9BAF1030FC8BF0138049000F0FEF9D6
:10CE8000049B7C30A3EB0A0A824416A9184600F0E2
:10CE900089FA12AB019310AB009320465346294602
:10CEA000029716AA05F081FC049B152B04460D463B
:10CEB00000F28E8014ABA94A009330464FF0CC3379
:10CEC0004146DDE9109A05F062FD149B159A9B0816
:10CED00043EA827303EB8303B34210D141463046E9
:10CEE00000F0D4F9049B83428CBF4FF000084FF050
:10CEF0000108002715E0DFF868A21D469EE7089BA1
:10CF0000002B55D1013E48F1FF31F01B61F10001CA
:10CF100000F0BCF9049BDDF8208083428CBF002721
:10CF200001270C9B002B40F0C880DDF828900026DC
:10CF3000069609964FF00A0BDDE91001FFF736FF60
:10CF4000DDE912A3CDE90D01194650460F93FFF715
:10CF50002DFF0A460D990B9003468B420E9B72EBF8
:10CF600003010F9B80F0C480204629460F92FFF7F3
:10CF70001DFF0B9B0F9A13920BFB03F50D9B109358
:10CF80000E9B11930B9B1293069B002E14BF4FF028
:10CF9000000808F0010801330BFB1046554514BF8B
:10CFA000002707F00107F6B2069304460D46C3E7D3
:10CFB000B01C48F1000100F069F9049B83428CBF6A
:10CFC00000200120B9EB00006AF10002CDE9100257
:10CFD0004FF000084746A4E7CAF1000B584600F09E
:10CFE00039F9BAF1FF3F0CBF8146A0F10109ABEB63
:10CFF000090B0AEB09035846049300F03FF916A900
:10D00000A0F17D0A584600F059F912AB0193A9EB43
:10D010000A0A10AB0093204629460297534616AAE7
:10D0200005F0C3FBB9F1010F04460D460ED8089B6D
:10D0300013B94FF0010874E7109B119A013B42F1BC
:10D04000FF32CDE910324FF0010852E7B9F13E0F3F
:10D05000BED84FF0FF33A9F1200003FA09F203FA1A
:10D0600000F0C9F1200123FA01F102430A4303FA57
:10D0700009F328EA020826EA030656EA08060CBF66
:10D080004FF001084FF0000833E700FB02F6A1FB68
:10D090000012013332448C4275EB0206F5D2049A39
:10D0A0001344259A1344D20F9342B8BF13460A9AE9
:10D0B0009A42A8BF1A46914639E70A210022012365
:10D0C0000846E8E70BFB01FEA0FB0B010CF1010C8D
:10D0D0007144844275EB010EF4D2CC450DDDB9F1FB
:10D0E000000F02D154EA050107D0012309933BE761
:10D0F0000A2000214FF0010CEBE7002F32D04FF057
:10D100000A0B50461946FFF751FE0BFB00F2524541
:10D110000B910E9026D1DDE91001FFF747FE8A46FC
:10D120000D9029462046FFF741FE0D9A0E9B129363
:10D13000CDE9102A0B9A1392069A002E14BF4FF0D5
:10D14000000808F0010801320BFB10469A46F6B2BF
:10D150000B9B069204460D46D3E700BFCDCCCCCC4A
:10D16000CCFBFFFFB8F1000F05D0052E03D104F072
:10D1700001060436F6B2049B069A13449846099BAE
:10D1800053B9DDE912239D4208BF944204D1089BA4
:10D19000002B46D1002F44D0042E94BF0026012638
:10D1A00030194FF00A0245F100010023012714460F
:10D1B000904271EB030536D2EEB1B9451BDA0C9BF8
:10D1C0006BB1259A08EB07031344012B0A9AB8BFE9
:10D1D00001239A42A8BF1A46974291460BDD0530BB
:10D1E0004FF00A024FF0000341F10001F4F762FA38
:10D1F00008F10108013F4F45A8BF4F463EB20FFA64
:10D2000088F8059B08FA87F706F10508013F98445E
:10D210004FF00009B1450DDB059B079A1F601A719D
:10D22000F5E50126BCE704FB03F5A2FB0423013767
:10D230002B44BDE70A220023F4F73CFA303208F809
:10D24000012D09F10109E5E7014B5843800C7047B6
:10D2500041340100014B5843000D7047FB2E0B0079
:10D26000014B5843C00C70474F931200024B584378
:10D27000C00C0130704700BF4F931200024B58435F
:10D28000C00C0130704700BF4F9312000A4A70B5BE
:10D2900003464FF0CC3600204FF0333506FB03F445
:10D2A00002FB0144A3FB023121449D4275EB0104C2
:10D2B00001D30130F2E770BDCDCCCCCC2DE9F04FDD
:10D2C0001A23354EB0FBF3FA03FB1A0389B0044668
:10D2D0000D4606EB0A1653B9D6E90023C1E900232F
:10D2E000D6E90201C5E9020109B0BDE8F08F2B4A79
:10D2F00002EBC303D3E9008904AB0093D6E9022310
:10D300004046494605F043FB06AB0093D6E90023AF
:10D3100083460F464046494605F039FBDDE9066283
:10D3200016EB0B0652EB07084FF0000328BF012352
:10D33000814633B1049B059A013342F10002CDE9E5
:10D34000043220460391FFF799FF07461A2000FB9D
:10D350000AF0FFF793FF3F1A3246434603990097BE
:10D36000484605F02BFB4FEA141C0D4A640004F0FC
:10D370001E0352F82C40DC4004F00304241841F151
:10D380000001C5E90041DDE904230097304641462C
:10D3900005F014FBA6E700BF6831010098300100DA
:10D3A000D83601002DE9F04F1A27DFF8ECA000F184
:10D3B0001905B5FBF7F56F433A1A4FEA051B89B01B
:10D3C00004460E460AEB05150AD1D5E90023C1E94A
:10D3D0000023D5E90201C6E9020109B0BDE8F08FDA
:10D3E0002B4B03EBC203D3E9008904AB0093D5E9CF
:10D3F00002234046494605F0CAFA5AF80B206B68EA
:10D40000013ACDE9020106A963F10003009140460B
:10D41000494605F0BCFADDE906528A4602996D18C4
:10D42000039952EB01084FF0000328BF0123814606
:10D4300033B1049B059A013342F10002CDE9043275
:10D440003846FFF71BFF07462046FFF717FF3F1A36
:10D450002A46434600974846514605F0AFFA4FEA40
:10D46000141C0C4A640004F01E0352F82C40DC40EB
:10D4700004F003040134241841F10001C6E900411D
:10D48000DDE9042300972846414605F097FAA2E714
:10D49000983001002C3701003832010010EE103AAC
:10D4A00033F000400DD0A0F50003B3F1FE4F0AD3D6
:10D4B000074B421E9A4208D9A0F1FF4358425841F7
:10D4C000704702207047042070470320704700BF58
:10D4D000FEFF7F0010EE101AC1F3C7530029A3F11D
:10D4E0007F0210B5ACBF01244FF0FF341E2A1BDCB5
:10D4F000002A04DA013218BF0024204610BD162A83
:10D50000D8BF4FF48003C1F31601D8BF134141F4D3
:10D510000001CDBF963B5B18C2F1170201FA03F37D
:10D52000D8BFD3405C43E8E7DFED087AB4EE670A82
:10D53000F1EE10FA01D000F00BF8012C4FF0FF349F
:10D5400018BF002404F10044D7E700BF000000CF5B
:10D55000DFED047A87EEA77A82B08DED017A019B28
:10D5600002B0704700000000704708B504F054FF97
:10D570004FF47A72A0FB020302FB0133C00B40EAB6
:10D58000434008BD03460A4600681979012303FA9F
:10D5900001F103691B68194218BF82F0010212B140
:10D5A0008368DB68184783681B69FBE7F0B41346A0
:10D5B000DA028768066907D513F4402F1EBF43F3CC
:10D5C000000202F440225340346801258D4023F4C8
:10D5D0008012DB074CBF2C43AC4334603B68F0BC8B
:10D5E0001847D0ED024AD1ED015AD0ED017A91ED04
:10D5F000027A91ED005A90ED006A64EEA56A57EE4A
:10D60000876A27EE067A67EE857A14EE857A55EEFC
:10D61000867AC2ED006A82ED017AC2ED027A704725
:10D62000002380F8E8300023C0F8F030C0F8EC3078
:10D63000C0F8F830C0F8F430C0F80C31C0F8083148
:10D64000C0F80431C0F80031C0F8FC30C0F8143123
:10D65000C0F81031704738B54FF48E7204460D464D
:10D66000002104F0A3FF29466022204604F090FF29
:10D670002046F4F78DFD2046F4F75AFEBDE8384009
:10D68000FFF7CEBF10B56022044604F081FF2046AC
:10D69000F4F77EFD2046BDE81040FFF7C1BF036FE1
:10D6A0000B60436F4B60836F8B6090F87C0070471A
:10D6B00038B50D46F4F73CFE2B6803676B6843678B
:10D6C000AB688367012380F87C3038BD0068704701
:10D6D000012303704B6843604B8803818B68C360F0
:10D6E000CB6803610B6943614B69836170472029F3
:10D6F00008B503462BD10178A12928D111704178B2
:10D700005170418851800430FFF7E0FF506003F111
:10D710000800FFF7DBFF906003F10C00FFF7D6FF76
:10D72000D06003F11000FFF7D1FF106103F1140086
:10D73000FFF7CCFF5061198B1183598B5183998B63
:10D740009183997F9177DB7FD377012008BD0020FB
:10D75000FCE72822002104F029BF70B50024C2E9AB
:10D76000014414601C60C4690134C46104781CB1B4
:10D7700045684C68A54206D0FFF7AAFF436A01330B
:10D780004362012070BD4C880589641BA4B2A51EAC
:10D79000ADB247F6FD76B5429FBF056A05F1FF358C
:10D7A0002D1905628C68C568641BB4F57A7FE3D8CF
:10D7B0000669CD68AD1B156046690D69AD1B5560E6
:10D7C00086694D69AD1B95601C60FFF781FF0020E5
:10D7D000D8E700B599B06846F4F7A0FC6846F5F7BD
:10D7E0003BFA19B05DF804FB0FB400B5C3B044AB0D
:10D7F0004FF4807153F8042B019302A8FFF7B0FA9D
:10D80000431EFE2B014602D802A8F6F7E1F843B00A
:10D810005DF804EB04B070470129009A06D1052B8E
:10D8200004D9002313609380062070476FF08500B1
:10D83000704700EBC100408840087047F8B50346C8
:10D84000FFF7F7FFB0FA80F0C0F11F0003EB800C88
:10D85000CA00DCF81060171D0C4606328DB256B9AE
:10D86000012101FA00F0D9680143D960CCF81040D9
:10D87000DD539D52F8BDF1000431585AD85303EBE3
:10D88000C0009E52C5805D52F4E710B500EBC104A4
:10D89000E388994202F104010AD1012303FA02F25A
:10D8A000C36823EA0203C360002340F8213010BD9F
:10D8B000A28840F8213000EBC20100EBC300CB800E
:10D8C0008280F4E708B50346FFF7B3FFB0FA80F2B1
:10D8D000C2F11F021846BDE80840FFF7D6BF2DE988
:10D8E000F843B1FA81F3C3F11F0200EB8209064647
:10D8F000D9F810700D4687B9C3F120034FF0FF34FB
:10D900009C40F3681C4014D094FAA4F2B2FA82F25C
:10D91000131D56F82340214608E03C464FF003080B
:10D9200021463046FFF785FFA84205D33046FFF772
:10D93000ACFF2046BDE8F88306EBC404B8F101084B
:10D94000E488C9F81040D7D0A742E9D1D4E738B568
:10D950000446FFF76EFF0D46034611462046FFF7CB
:10D9600068FF03449BB204EBC5055A006A80204659
:10D97000FFF75FFF014424F8313038BD70B504462D
:10D98000FFF757FF0B4604EBC305511A9B1A89B2E8
:10D9900003444E009BB204EBC2006E805D004580E4
:10D9A00024F8321020461146FFF743FF014424F8C3
:10D9B000313070BDF8B5002951D004680D1F2D1B02
:10D9C000EE0825F007056219538813F0010306D10C
:10D9D00083F31188BFF36F8F0423184602DF3146AB
:10D9E0002046FFF726FF304434F83030C01A864214
:10D9F00007D0002383F31188BFF36F8F04231846E9
:10DA000002DF538823F00103538031462046FFF79D
:10DA100010FF371804EBC7035B88DA0708D43946D0
:10DA20002046FFF74FFF3A4631462046FFF78FFF6B
:10DA3000655B751B04EBC5035B88DB0709D42946CE
:10DA40002046FFF73FFF324629462046FFF77FFF7B
:10DA50002E4631462046BDE8F840FFF7EFBEF8BD40
:10DA600070B509B9002070BD056801F007030B33DC
:10DA7000CC0804EBD304AB689C4228BF1C4621466B
:10DA80002846FFF72CFF06460028EBD00146284623
:10DA9000FFF7CFFEA04207D932192846FFF76EFFE5
:10DAA00011462846FFF7CAFE05EBC602104653880A
:10DAB00043F0010353800430D5E71146FFF7D0BF90
:10DAC0002DE9F84314464A4202EA010931EA02020A
:10DAD00003460BD04A46042A4F4628BF0422A1EB36
:10DAE00009096CB900252846BDE8F883042904D843
:10DAF0002146BDE8F843FFF7B3BF00270422F0E753
:10DB00001E68A9EB020204F0070302F007010B33C1
:10DB10000B44E10801EBD20101EBD301B368994258
:10DB200028BF19463046FFF7DAFE80460028D9D0D4
:10DB30003D1D05EBC00509F1FF3335441D44B5FB20
:10DB4000F9F509FB05F5ED1B2C442B1F07349B1B36
:10DB500024F00704A41BB0EBD30F4FEAD3074FEA1E
:10DB6000E40408D201463A463046FFF707FF414633
:10DB70003046FFF763FE39463046FFF75AFE384419
:10DB8000844207D230462246FFF7F8FE214630464F
:10DB9000FFF754FE06EBC706738843F0010373805A
:10DBA000A1E7043A2DE9F843CC1D114424F0070401
:10DBB00021F00706A6EB04084FEAD807B7FA87F268
:10DBC000C2F12405AD004FF000090735C2F1200273
:10DBD000ED0804604946A760C4F80C90920004F177
:10DBE000100004F0E3FCAAB2530043F00103638089
:10DBF0007B1B9BB204EBC5015800A4F80090488041
:10DC000024F83520A6F8029024F8083004EBC70366
:10DC100029465A8842F001025A802046BDE8F8435E
:10DC2000FFF70CBE002070470FB407B504A951F8E8
:10DC3000040B0191F5F79AFF03B05DF804EB04B013
:10DC40007047036800220BB9184670478B4210D109
:10DC50000B6842B942680360914200D143600023DF
:10DC60000B600120704713604368994208BF42600F
:10DC7000F5E71A461B68E6E7038B13F0070306D1A6
:10DC80000368002B18BF032008BF00207047022B39
:10DC900005D1408BB0FA80F0400980007047012B1D
:10DCA00004D10368002B18BF0520EDE70020704762
:10DCB00010B50C4600B111B96FF0150010BD081D6C
:10DCC00000F0C7F80028F9D1A368032BF6D9F3E7D1
:10DCD0002DE9F0410D4607461946281D90461E467F
:10DCE00000F0C8F8044638B1334642462946384663
:10DCF000A446BDE8F0416047BDE8F08110B4EFF301
:10DD00001182402484F31288BFF36F8F41615DF864
:10DD1000044B0121F5F776BF38B50C46054658B1DE
:10DD200051B10B6843B14B6833B11C22002104F0A0
:10DD30003DFC2C61002038BD6FF01500FBE7F8B505
:10DD400004460E46FFF7B4FF051E3BDBEFF31182DE
:10DD5000402383F31288BFF36F8F638B278B4FF6BB
:10DD6000FF718B4207F007072ED0062F2FD8DFE870
:10DD700007F0182E082E180418006FF085050023F0
:10DD800003E0013363830225012382F31188BFF38B
:10DD90006F8FBBB100233A4631462046FFF798FF0C
:10DDA00010E000233360636823B9C4E9006627B13B
:10DDB0003D46E4E71E606660F9E702212046F5F77C
:10DDC00021FF3D462846F8BD6FF00A05D7E76FF002
:10DDD0000405D4E710B5EFF31182402383F31288D2
:10DDE000BFF36F8F048B04F00704022C0AD0012CC0
:10DDF0000CBF6FF004006FF0850082F31188BFF351
:10DE00006F8F08E0438B013B9BB2438323B92146CC
:10DE1000F5F7F8FE204610BD2046EEE738B5A8B16C
:10DE2000A1B1EFF31185402282F31288BFF36F8F07
:10DE3000048BFFF706FF30B104F0070085F311886B
:10DE4000BFF36F8F38BD6FF07700F7E76FF0150005
:10DE5000F8E7034658B1426802F00302012A03D0F2
:10DE6000032A04D1026812B10020986070476FF055
:10DE7000150070474268816002F00302032A4FF0E8
:10DE8000000203460CBF006810465A60704770B528
:10DE90000C8806468888241A3069A4B2844285B268
:10DEA00024BF641BA4B22D1BA8B2984228BF1846F9
:10DEB0003368234413600B8803440B8070BD70B437
:10DEC000838985880669ED1AADB2731B934228BF1A
:10DED000134670BC0A46011DFFF7D9BF70B40E4649
:10DEE0000146C58831F80A3FEC1AA3B2934228BF15
:10DEF0001346324670BCFFF7CABF10B54B880C887A
:10DF0000E41AA4B294420ED31A4492B28B884A8087
:10DF10000A800069D21A92B2824201D2002010BD5A
:10DF200003448B80FAE76FF01500F8E72DE9F34121
:10DF300006460F4615464FF000082A4601A930460E
:10DF4000FFF7BDFF044640B102463946019804F090
:10DF50001FFB2D1BA0442744EFD14246311D304604
:10DF6000FFF7CBFF404602B0BDE8F0812DE9F34159
:10DF700007460E4615464FF000082A4601A93846C6
:10DF8000FFF7ACFF044648B12EB102460199304676
:10DF900004F0FEFA26442D1BA044EED1424607F1C0
:10DFA0000A013846FFF7A9FF404602B0BDE8F081FC
:10DFB000704710B484686468A4465DF8044B6047F9
:10DFC00070B4C6680468806A0D0C06FB054414FA38
:10DFD00081F184682468A44670BC60472DE9F04351
:10DFE0001C46C36A1D686D4289B0064688461746BE
:10DFF00005F020051CB9204609B0BDE8F083AC420D
:10E00000A14628BFA9464B466A4641463046FFF71F
:10E01000D7FF0028F0D16B46484502D1241A80442E
:10E02000E8E713F8012BBA4201D10130F4E70120EF
:10E03000E2E70B6803F580330B60008A1A0CB0EB43
:10E04000134F04BFA3EB02430B60704738B5C2689F
:10E0500003680D0C090C04462D04806A02FB013193
:10E0600000F03EFD50B9E26AE36852792946204645
:10E07000FFF7B4FF002818BF6FF0050038BD10B5DA
:10E08000014604460722FF20F8F706FCE07110BDA8
:10E090002DE9F04F07465368D06803445069C342E6
:10E0A00093B003D1002013B0BDE8F08FFC683B684B
:10E0B000D7F82CB0080C04FB003313FA81F592E872
:10E0C000030004AB83E80300D2E9020106AB83E856
:10E0D0000300D2E90401DBF8008008AB83E8030009
:10E0E0000024C8F10003A146019312AB03EBC90A57
:10E0F0004FEAC9015AF8346CAEB909F10109B9F116
:10E10000030FF2D1002CCDD00AAE9BF80510A8EB7E
:10E110000402301904F04AFAB86A434632462946E6
:10E12000FFF747FFBFE7B4B9019B334013D05AF85C
:10E13000382CB86A2946CDE90223FFF73AFF0028B8
:10E14000B1D1DDE902231A44F61A4AF8382C4AF80C
:10E15000346C1D44C9E7A8EB0402B24228BF324622
:10E16000A2B101F148030DEB030A0AAB5AF8381CBF
:10E170001819CDE9021204F00BFADDE9021211447C
:10E18000B61A4AF8381C4AF8346C14444445ACD1E9
:10E19000B86A23460AAA2946FFF70BFF002882D156
:10E1A00025440446A1E7F8B507220D460646FF20A0
:10E1B0004C888F88F8F770FBEB79834205D13C449B
:10E1C000B4428CBF00200120F8BD0020FCE70368AA
:10E1D000012B81BFC91801F1FF315B42194008468C
:10E1E000704738B50D460A4681680446FFF750FF70
:10E1F000EB68696819446B6902461944E06AFFF7E5
:10E20000E6FFA3680344A360104638BD70B586B02E
:10E21000466804460D4618220021684604F0C6F9F7
:10E2200002956A460825314620460395FFF730FFE0
:10E2300029460246E06AFFF7CAFF63681B1A1046C8
:10E24000636006B070BD13B54FF6FF73002204463D
:10E25000ADF800308DF806308368ADF804206846CC
:10E26000ADF80230FFF70BFF69462046FFF7CEFFFF
:10E2700002B010BD70B506460C46C06A0821FFF713
:10E28000A6FF0546F068401B214680B2FFF78BFFD2
:10E2900080B1A08878B922884FF6FF739A4209D1DD
:10E2A0006288F3689B1AB3FBF5F205FB1230B0FAF3
:10E2B00080F0400970BD0020FCE7F7B504460D462C
:10E2C000C06A0821FFF783FF296807460823204614
:10E2D000FFF776FE0646002836D12B683B442B60BC
:10E2E000E26899B2D21B91422ED11A0C03BF228A46
:10E2F00002F1FF3203EB0241A3F5803129600823CC
:10E300006A462046FFF75CFEE8B9E36A5A796B4635
:10E3100013F8011B8A420CD101300828F8D1636838
:10E3200005E02B68BDF802206FF30F0313442B6048
:10E330000AE069462046FFF79DFF0028F1D12946F3
:10E340002046F5F77FFD0646304603B0F0BD2DE9C7
:10E35000F04F0446A1B024220D4617A8002104F076
:10E3600025F9E06A0821FFF732FF636881466FF301
:10E370000F0306A920460693FFF75BFE069BE6689F
:10E3800001931E44A6EB0906082309AA314620463C
:10E390000796FFF715FE0028C0F21581E36A09AA67
:10E3A0005979002312F8010B814240F0FB800133C0
:10E3B000082BF7D1A36862684B449A4280F0EB8047
:10E3C00001992046FFF742FEFDE0BDF826306FF3CD
:10E3D0000F061E4407960BAA07A92046DDF81CA0CD
:10E3E000FFF76BFF002840F0EE800BA91FFA8AF0C0
:10E3F000FFF7D9FE48BB039B9A45ECD110220021C0
:10E4000013A804F0D3F81F9E129617AB119395B181
:10E41000D4F82C8008214046FFF7D9FE2F89024608
:10E42000F1194046FFF7D3FEA168636802440A442D
:10E43000934280F09180002EBCD011A92046FFF7B6
:10E44000D0FE002840F0BF80B4E7676808970DAAA7
:10E4500008A92046FFF731FF002840F0B480BDF83E
:10E460003420BDF82C309A4244D0089B62689A420E
:10E470003ED1BA45BFD1BDF83060002EBBD03DB112
:10E480002A88BDF82C309A4202D12B89B342B2D9E6
:10E49000BDF82E801F9A3B0C1B049844E36A1B684E
:10E4A000591E5B4203F020030493A368164401EA5B
:10E4B00006001344009026EA0106ADF82E3006BB94
:10E4C000009B5BB11F9A17A99B1A20460A4441463C
:10E4D000FFF776FD002876D1009B1F930BA8FFF76E
:10E4E000CEFD0BA92046FFF791FE002883D06AE0FD
:10E4F0001F46ACE70DA9B8B2FFF755FE0028B4D00F
:10E50000B7E7049B1F9FB34228BF3346A3EB070B1B
:10E5100017AA02933A445B4641462046FFF750FD56
:10E52000002850D11F9B01465B44182211A8059377
:10E5300004F03CF817AB139311A9059B14932046E4
:10E54000FFF74FFE00283ED11F9B1F90FF1A029B32
:10E550003744FE1AD844B2E731446B68ADF83E1038
:10E56000204611A9CDE91337FFF73BFE58BB2B8896
:10E57000ADF83C302B89ADF840300FA8FF238DF863
:10E580004230FFF77CFD0FA92046FFF73FFED0B9D0
:10E590000123AB720EE72046FFF755FE00283FF43B
:10E5A0000FAF10E0A6EB090309A920460393FFF77C
:10E5B00061FE00287FF409AF07A92046F5F742FC69
:10E5C00000283FF408AF21B0BDE8F08F2DE9F04FEF
:10E5D0001E46837C95B0044689469046002B00F089
:10E5E000CB80C26A08211046FFF7F1FDB1B201905D
:10E5F0001046FFF7ECFDE368019AA3EB8203834228
:10E600000746C0F0BC801EB1B8F1000F00F0B78023
:10E61000D4F804A0CDF810A005AA04A92046FFF75D
:10E620004CFE0546002841D1BDF814304B4507D0BB
:10E63000DDF810A063685345EED1002E3CD135E0E3
:10E6400005A91FFA8AF0FFF7AEFD0028F0D0BDF84B
:10E6500018307EB3B3422FD14FEA1A43BDF816A04B
:10E66000CDF800801B049A44E36A1B685B4203F008
:10E6700020030293B346029B5B4528BF5B460CAA6E
:10E68000514620460393FFF79BFC002850D1039B83
:10E6900000981A460CA903F091FF68B9039B009AF1
:10E6A000BBEB030B1A449A440092E4D1284615B000
:10E6B000BDE8F08F002BF9D0002F3CD1BA4604F111
:10E6C000140B4FF0FF324FF0FF335846FCF716F9AA
:10E6D000238A9D424DD0D4E901320AEB02018B42DC
:10E6E0002ED39BB263B3FF23ADF81E200021182266
:10E6F0000CA88DF82230ADF81C90ADF8206003F026
:10E7000055FF0CA92046CDE90E86FFF76AFD0746A6
:10E7100048B907A8FFF7B3FC07A92046FFF776FD25
:10E72000074600B937465846FCF75AF93D46BDE75B
:10E73000C2DC0546BAE7019B1F441FFA87FABEE711
:10E740002046F5F753FB3DB9ADF82490CDF828806D
:10E75000ADF82C608DF82E5009A92046FFF7F7FD83
:10E7600007460028DFD19DF82E300135002BAFD0B1
:10E77000D8E76FF01B07D6E76FF00C0596E76FF050
:10E78000150593E700231A46FFF720BF2DE9FF4741
:10E790001E46837CBDF8309004460F469046002B01
:10E7A00043D0C06A0821FFF712FDE368A3EB4003E2
:10E7B000B3423DD3656801954FF0000A02AA01A952
:10E7C0002046FFF77AFD20BBBDF80830BB4206D1DA
:10E7D00002A9A8B2FFF7E7FC50441FFA80FA019B98
:10E7E00062689A421AD0CA4516D9BDF80C30CBB12E
:10E7F000CA4517D3BDF80A10B3426FF30F0528BFFF
:10E800003346424629442046FFF7DAFB08B9BDF8F3
:10E810000C0004B0BDE8F0871D46CFE7BDF8083016
:10E82000BB42E2D06FF00100F3E76FF00C00F0E7BD
:10E830006FF01500EDE713B500240094FFF7A6FF75
:10E8400002B010BD704730B54C680368A34201D2D6
:10E85000012030BD8A682244934201D30020F8E7AA
:10E86000D1E90452954203D36FF00B038B61F5E7B6
:10E87000CA681B1B42F835304368086902EBC002C6
:10E8800053600B6901330B61E2E737B50C46C0B248
:10E8900001A91546F5F76AFC00280CDB019850B178
:10E8A00021462A46F5F788FC04460198FFF7CAFF7F
:10E8B000204603B030BD6FF01504F9E7034610B5EC
:10E8C00008460AB10021116053B1D0B1411E11F8C0
:10E8D000010F80B113F8014BA04201D13D28F6D1C0
:10E8E00000200EE0013313600AE03D2808D0B0FAA2
:10E8F00080F0400905E018782F28F6D1002AF1D1E0
:10E90000012010BD2DE9F341DDF82080019007467C
:10E910000C4615461E46B8F1000F07D0D8F8001077
:10E9200081B9D8F804E0BEF1000F14D101A938462E
:10E93000F5F7BCFC58B1C768019833462A46214612
:10E94000B84704E001AAFFF7B9FF0028E9D1002089
:10E9500002B0BDE8F081D8F80830019808932A4643
:10E9600033462146F44602B0BDE8F0416047083026
:10E97000704710B5134614460A4681880068FFF7B1
:10E980005AFFA042A8BF204610BD2DE9F04F97B016
:10E99000044601929A46894600297AD0DAB1BAFA39
:10E9A0008AF67609258F0135ADB2A84604F1080B29
:10E9B0006F1EBFB2B7F5004F39D04A2303AA3946BC
:10E9C0005846FFF738FF002807DA10F1020F08BF9A
:10E9D000B8463D46ECE70126E4E700F158030DEBAD
:10E9E0000300002300F84C3C03A94846F2F7BBFEA5
:10E9F0000028EED106BBB846B8F5404F4CD0238F67
:10EA0000434504F1080538D308F58041019A53467F
:10EA100089B22846FFF7DAFD00280ADB46B14846EE
:10EA2000F2F7ABFE4A460346414628461EE016B3BF
:10EA3000002017B0BDE8F08F39465846FFF7A2FE18
:10EA40000028F6DB05F57F513F3189B25846FFF7C4
:10EA500099FE0028EDDB238FBB42E9D12246013B22
:10EA600022F8383F4FF4004102235846FFF7AEFD2D
:10EA700000EAE070DDE70126BEE72246022322F825
:10EA8000388F4FF400412846FFF7A0FD0028BBDA7D
:10EA9000CFE76FF01500CCE76FF00B00C9E773B557
:10EAA000C36B03630446C3B100F108063046F5F7B3
:10EAB000FBF9054670B902230DF106024FF400413F
:10EAC0003046FFF7B8FE0028ACBFBDF806304FF463
:10EAD00000432387284602B070BD6FF01205F9E7A6
:10EAE0002DE9F0418768FB6804460D4616469847B5
:10EAF000BB682BB1324629462046BDE8F041184795
:10EB00006FF05700BDE8F08108B50020F5F760F818
:10EB100003F04CBD03F03CBD01460068F5F756BE5E
:10EB200008B5F5F7A5FEBDE80840F6F781BA002163
:10EB30000120F5F74BBEF6F725BA61B662B680F351
:10EB40001188BFF36F8F704772B6002383F311886B
:10EB5000BFF36F8FBFF34F8F30BF62B6BFF36F8FBE
:10EB6000704772B6002383F31188BFF36F8FBFF332
:10EB70004F8F20BF80F31188BFF36F8F62B670474D
:10EB8000202809D9B0F1004F08D80138B0FA80F038
:10EB9000C0F11F0040007047082070473E207047BA
:10EBA0007047BFF35B8F50E8003F013340E800320D
:10EBB000002AF8D1BFF35B8F7047002303824369BB
:10EBC000C3607047C1698968F6F78CBC70B50D46A3
:10EBD00016460021DDE90423F6F784FC044630B133
:10EBE000324629460C3000F017F8012363722046A4
:10EBF00070BD08B501460830FFF7D3FF084608BDD1
:10EC000010B508B14B6843604C68002308464B6060
:10EC1000F6F7E6FC204610BD92B281600160C2802A
:10EC2000828070478388026819448180D0187047B9
:10EC300030B484880568A3188380281930BC03F099
:10EC4000A7BC10B5838802685C1C8480D154D0189E
:10EC500010BD30B5838802689D1CD4188580D154BE
:10EC6000090A617030BD83885B1A9BB2838000689B
:10EC7000184470478288521A03468280006808440C
:10EC8000186070474FF0FF324FF0FF330430FBF74E
:10EC900035BEFBF7A5BE90F86C00C0F3411070477D
:10ECA000F8B504461E460D461746FFF7EBFF94F8ED
:10ECB0006C309B0715D425B1012D10D06FF01505D0
:10ECC00008E0216F0029F9D09DF818300F714E71BE
:10ECD0008B710025201DFFF7DCFF2846F8BD616F12
:10ECE000F0E76FF07705F5E738B504460D46FFF716
:10ECF000C9FF94F86C3065F3041384F86C30201D60
:10ED0000BDE83840FFF7C5BF90F86C00C0F3800045
:10ED1000704738B50446FCF793FB2046FFF7B2FF77
:10ED2000A06940B96FF01205201DFFF7B2FFFCF794
:10ED30009BFB284638BD94F86C30DB0716D402F0F4
:10ED4000A9FF0028EED02046F7F730FB0546002843
:10ED5000EAD10146242204F1280003F027FC94F8AC
:10ED60006C3043F0010384F86C30DDE76FF0770519
:10ED7000DAE770B50446FCF763FB2046FFF782FF35
:10ED800094F86C30DA0731D5C3F340019B0730D4D7
:10ED9000A06901F01CFE0646A06901F0A8FE054628
:10EDA000B0B9A36F4BB13146204600F0B2F9054629
:10EDB000A8B1A06901F0C7FE0AE0A06901F03FFE1A
:10EDC000A0670028EFD1A06901F0BDFE6FF00B0530
:10EDD000201DFFF75EFFFCF747FB284670BD94F847
:10EDE0006C3043F0020384F86C30F1E74FF0FF35EC
:10EDF000EEE76FF07705EBE738B590F86C309B07DE
:10EE0000044614D5FFF73EFF0021204600F00EFB1C
:10EE1000A06901F098FE94F86C3023F002030546D7
:10EE200084F86C30201DFFF734FF284638BD6FF0A2
:10EE30007705FAE783691B6993F88000C0F3001037
:10EE400070470246034652F8640F90420BD10020EF
:10EE50007047027A8A42FBD09A6E8242F7D00068ED
:10EE60000028F6D170470028F3D1704738B5044622
:10EE70000D46FFF707FF94F86C30DB0718D42B69B9
:10EE80000BB9EB68BBB1636E1BB904F16403C4E951
:10EE900019332B6893B9A26E04F16401C5E900121D
:10EEA0001560A5661D46201DFFF7F3FE284638BDF8
:10EEB0004FF0FF35F7E76FF01505F4E76FF07705D2
:10EEC000F1E710B50446034654F84C0FA0420DD1AB
:10EED00000200DE0447D8C4204D1032909D1047A3D
:10EEE000944205D01C6D8442F2D000680028F1D114
:10EEF00010BD0F29F5E72DE9F04105460C46061D2A
:10EF00004FF0FF324FF0FF333046FBF7F7FC2F6F27
:10EF1000002F6DD095F86C30DB0769D4EB6C1BB912
:10EF200005F14C03C5E913332368002B63D1637DDE
:10EF30000F2B09D1237A012B0CD02B6D05F14C023C
:10EF4000C4E900231C602C65637D032B0FD04FF0B8
:10EF5000000806E0E1682846FFF788FF80460028A1
:10EF6000EBD03046FBF73CFD4046BDE8F081EA6C53
:10EF700005F14C0090421ED1002329E091F815C004
:10EF8000BCF1030F10D0013323724B68C4E90013A6
:10EF90001C604C60637A022B24D0032B25D0012BFC
:10EFA000D5D1237ABB73D2E791F808C00CF1FF3CAE
:10EFB0006345E8D11268002ADED0517D2B6D03290C
:10EFC0000DD19A42137A02D011680029D6D10133AB
:10EFD00023722B6DC4E900031C602C65DAE79342B1
:10EFE000E8D1C9E7237AFB73B1E7237A3B74AEE734
:10EFF0004FF0FF38B5E76FF07708B2E703460068D7
:10F0000000B1187A70478388C2888168D21A036871
:10F010005B1AD01A70470346C08808B11878C00937
:10F02000704770B50C46154600F0ECFA40B14068E8
:10F0300083681B6823B12A462146BDE87040184703
:10F0400070BD38B580210446806901F01BFD05467E
:10F0500050B10146204600F07EFC044610B128461F
:10F06000F6F7BEFA204638BD6FF00B04FAE738B564
:10F070000446806FFFF7BDFD0546FFF79EFD204665
:10F08000294600F068FC044610B12846F6F7A8FAB5
:10F09000204638BDF8B50446866803690D46174614
:10F0A000BFF35B8FD3F8A030BFF35B8F9B070ED508
:10F0B000B36A7BB1F36B9847B36A29463A46204658
:10F0C0009847336C0546204698472846F8BD4FF0D0
:10F0D000FF35FAE76FF08505F7E770B504468668F7
:10F0E00003690D46BFF35B8FD3F8A030BFF35B8F8E
:10F0F0009B070BD5F36B9847736A294620469847C0
:10F10000336C054620469847284670BD4FF0FF35C2
:10F11000FAE710B5044619B9002084F8300010BD94
:10F12000FFF7A5FF0028F7D0F9E738B590F83030A1
:10F13000022B0D4604D100F060F908B1C46804B98F
:10F1400038BD2B78032B05D0052B0ED0022B08D011
:10F150002468F4E7606883685B69002BF8D09847FF
:10F16000F6E7606883689B69F7E760688368DB6936
:10F17000F3E7012270B515460B685BB302F07F041C
:10F18000103423FA04F6F60710D5036823FA04F6C0
:10F19000F60702D46FF0150070BD05FA04F423EAF7
:10F1A000040303600B6823EA04030B60D340DE070B
:10F1B0000DD5036823FA02F4E407EBD505FA02F44F
:10F1C00023EA040303600B6823EA04030B600132A3
:10F1D000102AD1D10020DFE72DE9F04F8369026FBB
:10F1E0001B6993F88030C3F34113022B8FB0814623
:10F1F0000ED0032B0ED0012B0CBF10230823D3718C
:10F20000D9F854800026B8F1000F05D14046AEE091
:10F210002023F4E74023F2E7D8F80430D8F80C4074
:10F2200003930C9604967CB9049B039A09339BB212
:10F2300093701B0AD3701671D8F80C40002C40F064
:10F24000B080D8F80080DDE7606883681B6B00251C
:10F250000D95002B00F0A38029469847002800F068
:10F260009E80C4E90355A0F1040B35465BF8043FCA
:10F270000BB11A7822B9B5427CD86FF0150076E050
:10F280005A780B2A08BF9D70DBF800305A78042AA0
:10F2900010D1E2680D990A43E260DA78002A57D16A
:10F2A0009D7023690122AA40134301352361EDB209
:10F2B00000230D93DBF800707B78052BD6D1D9F8AD
:10F2C000183008936FF012004FF0010A7A793B79F9
:10F2D00043EA0223ADF82E300C9B069397F90230D7
:10F2E000069A002B5FFA8AF1BBBF41F080014BB256
:10F2F0004FFA8AF30793B9BF21F0800310330793C5
:10F300005346DA40D2072AD40D9A059222FA03F323
:10F31000DB0724D4BB79FA78089800930DF12E030B
:10F32000099101F0D8F90999C8B9079BB970002B68
:10F33000BCBF21F08001103101238B400698059954
:10F34000BDF82E20BA8019430343CDE90C318DE777
:10F350006A1E9A700DA90CA8FFF70BFFA8E70AF127
:10F36000010ABAF1100FB1D100283FF47FAF0FB0FE
:10F37000BDE8F08FE3680D9A1343E360606883682B
:10F380009B6AD3B198470028F1D10146606800F02C
:10F3900000F9049B2468034404932E4643E7354652
:10F3A000ECE7E368A36004F10C010CA8FFF7E1FEB1
:10F3B00000287FF462AF246840E76FF08500D6E74D
:10F3C0004FF0FF324FF0FF330430FBF797BAFBF7F3
:10F3D00007BB21B101290DD000231B68FFDE54308B
:10F3E000006848B143685B79934205D00068002803
:10F3F000F8D170475C30F3E7704710B590F83030C3
:10F40000022B044609D1FFF746FC94F83820014648
:10F410002046BDE81040FFF7DCBF002010BD08B556
:10F42000FFF7D7FF003818BF012008BD2DE9F041D4
:10F4300004460E46FFF72FFC94F838308046CBB9CF
:10F44000002E3BD0324641462046FFF7C2FF07461A
:10F45000A8B10246204600F0D4F9054688B984F8E0
:10F460003860FC6864B3606883681B6A03B19847BE
:10F470002468F7E72046FFF7C0FF074620B96FF082
:10F480003C052846BDE8F0810146204600F08FF992
:10F4900010220546002104F13A0003F087F800230A
:10F4A00084F83830FF6817B9002DC9D0E9E77868CB
:10F4B00083685B6A03B198473F68F4E784F8386073
:10F4C0000025DEE7F8B504460E4657681546FFF7F7
:10F4D00077FF94F86C30D9074BD4012E4CD0FB79D0
:10F4E0009A0605D5A3691B6993F880309B0743D51D
:10F4F000002E41D1E36D53B9626D62B9236F6A6822
:10F500005B7C0133DBB25371226F53740EE09D427A
:10F5100035D01B68EFE7954225D12A68EBB9A36D7A
:10F5200062659D4200D1A26500232B60A96841B1AC
:10F530002046FFF7E0FC064650B9A868FFF75EFDDD
:10F54000B87100232B60A36D83B9C4E9155500265B
:10F55000201DFFF73CFF3046F8BD1A60A26D9542B2
:10F5600008BFA365E0E713461268C6E71D60A565FE
:10F57000EDE76FF00F06EBE76FF08506E8E76FF059
:10F580001506E5E74FF0FF324FF0FF330430FBF78D
:10F59000B5B908B583681B6B0BB1984703460020CB
:10F5A00023B153F8042B0AB1127802B908BD1044F4
:10F5B000F6E710B51C46FFF70CFF48B10122C06802
:10F5C00002FA04F320B10269134201D10068F9E79D
:10F5D00010BD10B50C46FFF710FF48B10123C068FD
:10F5E00003FA04F120B10369194201D10068F9E777
:10F5F00010BDD1F81A0083681B6903B118476FF07A
:10F600008500704770B501F07F0311F0800F18BFBF
:10F61000103301259D4090F83030022B044601D074
:10F62000002070BD90F83860FFF735FB3246014688
:10F630002046FFF7CEFE0028F2D0C0680028EFD0A9
:10F6400083681D42EDD10068F8E738B50C46FFF736
:10F65000D4FE80B1C06870B14368DA681AB111791C
:10F660000023994201DC0068F5E71568ED5CA542CE
:10F6700001D00133F5E738BD2DE9F04105461E46BE
:10F680000846002A45D1F6F7A9FE0446002840D0D6
:10F690002846FFF777FF95F86C30DA0730D46768B3
:10F6A00004F11408BFF35B8F6369BFF35B8FDB0763
:10F6B00029D47B680BB19D4225D1324600212846D2
:10F6C000FFF787FE10B3002323600369ABB9C0E9DD
:10F6D0000344BFF35B8F58E8003F43F0010348E861
:10F6E0000032002AF7D1BFF35B8F00247D60281D14
:10F6F000FBF776F92046BDE8F0811C600461E8E77D
:10F700006FF00F04F3E76FF07704F0E76FF03C045D
:10F71000EDE76FF01204EDE72DE9F8434C689DF832
:10F7200020900D46984606461746FFF7B4FAA368A0
:10F730001B6B01461BB96FF01500BDE8F88320462E
:10F7400098470028F7D0041F0C35002054F8041FF8
:10F7500009B10B782BB9002814BF00206FF03C00D2
:10F76000EBE74B78042B0BD1F8B98B784345EDD1FF
:10F77000CB784B45EAD10B79002BDED00120E5E7B1
:10F78000052BE3D10028E1D0012F07D0022FF5D1BE
:10F790008978B0692A4600F0C3F803E0B0692A46C8
:10F7A00000F0A2F80028E9D0C7E70020C5E7F8B5C7
:10F7B000CC6806460CB9204622E004F10C0701256E
:10F7C000E268AAB165F07F03D9B203F07F0310337A
:10F7D000DA40D2070ED4E368EB40DB0705D5B06909
:10F7E0003A46E9B200F09CF850B90135102DE7D146
:10F7F0002468DFE7B0693A4600F092F80028EAD0C2
:10F80000F8BD2DE9F3475768002497F805800546B1
:10F810000E46A1463B79A34203DC002002B0BDE8BE
:10F82000F0875FFA84FA3146534642462846FFF78E
:10F83000C0FE014650B1CDF8009053460122284643
:10F84000FFF76AFF0028E9D10134E3E76FF03C00DD
:10F85000E4E72DE9F74380460D461746FFF7B9FE6A
:10F86000064628B96FF00104204603B0BDE8F083D6
:10F870000F2DF7D808EB0509014699F83A40009793
:10F880002B4600224046FFF747FF0028EAD10094AC
:10F890002B46022231464046FFF73EFF0446002831
:10F8A000E2D100972B46012231464046FFF734FF54
:10F8B00004460028D8D1706883685B6813B13A4663
:10F8C0002946984789F83A70CEE711F0800F18BFA3
:10F8D00021F0800102684FF0010318BF10318B4006
:10F8E00022EA03030360704737B58B7900938B8856
:10F8F0000C461546CA78897800F065FF70B994F90E
:10F900000230A1782A68002BB8BF21F080014FF0A7
:10F910000103B8BF10318B4013432B6003B030BDDF
:10F92000F8B506460D46174600F095FF044658B94F
:10F9300029463846FFF7C9FF2946304601F05EF8F0
:10F94000044608B9FBF7C2FD2046F8BD0A468069A7
:10F95000802101F083B82DE9F0410B7E0C46590659
:10F9600005462ED123B3FFF7CFF970BB2846D5F853
:10F970007080268AEF8DFFF78EF9F8B1421E534250
:10F9800053419B01228A9AB1BE42E98D324628BF7B
:10F990003A4691420CD9B2FBF3F103FB11223AB97A
:10F9A00094F91830002BBEBF637E43F008036376E2
:10F9B000A8692146BDE8F04100F0C3BF98F80730C0
:10F9C000E0E76FF01500BDE8F0814FF0FF30FAE797
:10F9D00043689869F6F776BF70B591F918304668B4
:10F9E000002B05460C4607DBC4F81A50B0692146C7
:10F9F000BDE8704000F0A5BF3046FFF785F900284C
:10FA0000F2D04FF0FF3070BD806901F04CB838B5CE
:10FA1000054680690C4600F03AFF60B914F0800F8B
:10FA200018BF24F080046A6B4FF0010318BF103434
:10FA3000A34013436B6338BD70B5054680690E461D
:10FA400000F04FFF044620B9314605F13400FFF7BE
:10FA50003CFF204670BD0B0648BF21F08001406B83
:10FA600048BF1031C84000F001007047F8B50546A6
:10FA70000E46071D4FF0FF324FF0FF333846FAF7BE
:10FA80003DFFEC692CB9EE613846FAF7A9FF204634
:10FA9000F8BD6FF07704F7E782B0C3698DF8001006
:10FAA00001922BB102AB13E9060002B0F6F71EBDBE
:10FAB00002B0704782B0C3698DF8001001922BB17B
:10FAC00002AB13E9060002B0F6F710BD02B07047B2
:10FAD000704703695B68D868704743680361037ABD
:10FAE00063B1012B0CBF022303234375437A5A1ED3
:10FAF000032A05D8DFE802F0050505050123F4E730
:10FB000000230375837A062B09D0072B09D0052B18
:10FB10000CBF002303238375837EC37570470123C5
:10FB2000F9E70223F7E7036993F8400030B1DA6B95
:10FB30009388918910695B1A9BB2C01A7047036958
:10FB400093F838007047036993F8402012B993F88E
:10FB500038007047012070470369C3E907127047F6
:10FB60000229036907D0042907D0012907D11B699D
:10FB70001360002070471B7EFAE75B7EF8E76FF0AA
:10FB800085007047BFF35B8F0068BFF35B8F084150
:10FB900000F00100704703691B69BFF35B8F883376
:10FBA00053E8001F41F0020143E80012002AF7D198
:10FBB000BFF35B8F704710B50469606BFEF7D6F931
:10FBC00010B1012384F8393010BD10B50469606BA1
:10FBD0004289C3889A4202D14FF0FF3010BD012202
:10FBE000FEF7C4F90028F7D004F17800FBF712F90A
:10FBF0000020F3E738B50469EFF31185402383F360
:10FC00001288BFF36F8FE06BFEF790F985F31188D0
:10FC1000BFF36F8F10B1012384F8413038BD38B580
:10FC2000034640681B695D68AC68A37A84F822309B
:10FC300094F82D3084F82330696841B1237C33B9BE
:10FC4000FFF759F918B96868FFF7D8F92074002050
:10FC500038BD01238B40DB43BFF35B8F50E8002F9F
:10FC60001A4040E800210029F8D1BFF35B8F7047AC
:10FC7000006902218830FFF7ECBF0069032188305A
:10FC8000FFF7E7BF08B50369186900218830FFF75F
:10FC9000E0FFBDE808400121FFF7DBBF03691869F9
:10FCA00001218830FFF7D5BF2DE9F04750F8483CD7
:10FCB00000F140045B68064600212046D3F800901E
:10FCC000FFF760FF002850D001212046FFF75AFFC0
:10FCD0000746002849D1BFF35B8F54E8003F43F04B
:10FCE000200244E800210029F7D1BFF35B8F9B0677
:10FCF0003BD4D9F810305B689B68402293F83610EB
:10FD00004846FFF765FE054650B920460521FFF736
:10FD1000A0FF30462122BDE8F0470023FBF7EAB8F8
:10FD20008246428A5AF80C1F56F80C0CFEF71EF950
:10FD3000804601465046FEF775FFB8F1000F04D02B
:10FD400008F03F08B8FA88F77F0906F82D7C2946A5
:10FD50004846FFF741FE40B12846F5F741FC2046F2
:10FD60000521BDE8F047FFF774BFBDE8F0874029E3
:10FD70007FB534D00DD8102933D006D801296BD0E7
:10FD8000082930D06FF0150426E02029FAD1042389
:10FD900008E0B1F5807F28D0B1F5007F27D0802919
:10FDA000F0D1102304699BB2E18912B30B4342F2F4
:10FDB000A1014FF40032E381CDE901120669ADF8EB
:10FDC0000C3043681C6806F1880300211846FFF7D1
:10FDD000D9FE88B96FF00C04204604B070BD08232A
:10FDE000E0E70223DEE70123DCE72023DAE7402314
:10FDF000D8E721EA0303DAE701211846FFF7C2FE3C
:10FE00000028E7D123695B689B680A2293F82610D3
:10FE10002046FFF7DDFD0546D8B10A2201A90C30C6
:10FE2000FEF706FF20462946FFF7D6FD044618B127
:10FE30002846F5F7D5FBCFE74FF0FF324FF0FF3301
:10FE400006F18C00FAF786FE0B3008BF6FF08B04CA
:10FE5000C2E76FF00B04BFE70024BDE7F8B50D461D
:10FE6000016947680C6949682B7E8968064691F8E4
:10FE70003D102AB3994204D1042104F18800FFF710
:10FE8000E8FE33692A7E5B689B6893F836309A42B5
:10FE900004D1052104F18800FFF7DBFE33692A7ED7
:10FEA0005B689B6893F826309A4203D104F18C007A
:10FEB000FAF776FE29463846BDE8F840FFF7A4BDBC
:10FEC000994214D12A8AE968606BFEF72FF828B1AD
:10FED000E3691BB104F12400FAF79CFF04F18800E8
:10FEE0000421FFF7B6FE04F17800FAF793FF3369B7
:10FEF0002A7E5B689B6893F836309A4215D1E36995
:10FF00001BB104F12400FAF785FF052104F18800F4
:10FF1000FFF79FFEE36B5A89DB889A4205D00022E7
:10FF2000002304F14800FAF7E5FF33692A7E5B6895
:10FF30009B6893F826309A42BCD104F18C00FAF702
:10FF4000D5FDB7E738B550F8083C0446002B4FD034
:10FF500050F8243C5B6800F164051A680023838232
:10FF6000838302212846FFF70DFEB8B154E9023120
:10FF700010699847637D1BB104F15400FAF74AFFFA
:10FF800005212846FFF7FEFD98B9637F6BB100227B
:10FF9000002304F12400FAF7ADFF0AE0032128460C
:10FFA000FFF7F0FD0028E1D1E4E714F8093C002B4D
:10FFB000EDD102212846FFF7E5FD38B123695A89C2
:10FFC000DB889A4202D02046FAF724FF0321284614
:10FFD000FFF7D8FD60B1A2699388918912695B1A15
:10FFE0009BB29A4204D02046BDE83840FAF712BFCF
:10FFF00038BD38B550F8783C5B681D6800F11003D7
:020000021000EC
:10000000024600211846FFF7BDFD002836D0012129
:100010001846FFF7B7FD88BB52F8441C8A888889C8
:100020000969121A92B28A1A3F2A27D9BFF35B8F45
:1000300053E8002F42F0100143E800100028F7D1E8
:10004000BFF35B8FD30619D42B695B689B68402292
:1000500093F83D102846FFF7BBFC044670B1438A75
:10006000402B28BF4023438201462846FFF7B4FCBB
:1000700020B12046BDE83840F5F7B2BA38BD08B522
:10008000036903F1880202211046FFF77BFD28B1C6
:10009000596BC8884989401A18BF012083F8380075
:1000A00003211046FFF76EFD40B1DA6B908891890D
:1000B0001269401A80B2801A18BF012083F84000EC
:1000C000012008BD0069BFF35B8F00F1880353E88E
:1000D000001F41F0080143E80012002AF7D1BFF3E6
:1000E0005B8FC26B9388918912695B1A9BB29A42AB
:1000F00002D02430FAF78EBE704738B50469BFF3DA
:100100005B8F04F1880555E8003F43F0040345E8A0
:100110000032002AF7D1BFF35B8F636B5A89DB880B
:100120009A4203D004F12400FAF774FE0421284611
:10013000FFF728FD28B904F17800BDE83840FAF748
:1001400069BE38BD70B503691C69BFF35B8F04F1EC
:10015000880555E8002F42F0010245E800210029FA
:10016000F7D1BFF35B8F02212846FFF70BFD10B1DB
:100170001846FFF7C2FFE3691BB904F17800FAF7EC
:1001800049FEE36B5A89DB889A420AD1032128464B
:10019000FFF7F8FC68B104F12400BDE87040FAF7FD
:1001A00039BE04F148000022BDE870400023FAF790
:1001B000A1BE70BD006903695B681B6A03B1184783
:1001C0007047704703695B685869704730B50469C8
:1001D00040680068BFF35B8F2569BFF35B8FED0755
:1001E00013D4ABB15D689DB190F820500DB19D68FE
:1001F00075B185790DB15D6955B1C4E902126360CD
:100200000274120A4274002030BD6FF07700FBE7E1
:100210006FF01500F8E7006903695A68BFF35B8F58
:10022000103353E800CF2CF0020C43E800C1002942
:10023000F7D1BFF35B8F13680BB1002118477047EC
:10024000704738B500690469436862681D68BFF388
:100250005B8F04F1100353E800CF4CF0020C43E82D
:1002600000C10029F7D1BFF35B8F012184F835105D
:10027000136803B1984795F820302BB104F124009E
:10028000BDE83840FAF7C6BD38BD03691B69BFF346
:100290005B8F103353E8001F21F0010143E8001287
:1002A000002AF7D1BFF35B8F704738B5034640682B
:1002B0001B695C681B6925685A6802B39A68F2B1C9
:1002C000DA68E2B1BFF35B8F103353E8001F41F0EF
:1002D000010143E80012002AF7D1BFF35B8F2169C7
:1002E00009B9002038BD2B7A002BFAD1FEF703FEA6
:1002F0000028F6D12069FEF781FE2872F1E76FF041
:100300001500EFE72DE9F8430669D0F8049073680B
:1003100037691B68D7F8048093F822300C46097EB1
:10032000994205460BD1D8F81C3043B11AB9E2689E
:10033000218A3046984707F12400FAF76BFD2B69B4
:10034000227E5B681B681B7D9A4205D1D8F8183065
:1003500043B161693046984721464846BDE8F843B5
:10036000FFF752BB07F11400FAF7C0FBF4E72DE9E1
:10037000F34D0B4606691146426877685468BFF32F
:100380005B8F3069BFF35B8F80072ED52069406893
:1003900000684FF0000A4FF0000B90F81480D0680E
:1003A000CDE900AB1A46FEF711FC054628B96FF0FF
:1003B0000B04204602B0BDE8F08D80F8188001469D
:1003C0002046FFF709FB044618B12846F5F708F95F
:1003D000EFE7BB69002BECD14FF0FF324FF0FF335A
:1003E00006F11400FAF7B6FBE3E76FF00C04E0E760
:1003F00070B550F8243C59684D68BFF35B8F50F8D6
:10040000143CBFF35B8F9B0716D52B6988685B682C
:100410001B68002293F822600023FEF7D3FB0446FA
:1004200050B1067601462846FFF7D6FA20B120469D
:10043000BDE87040F5F7D4B870BD83685B681847B5
:1004400010B48468A468A4465DF8044B604738B5CE
:100450000446807AF5F71CF86169054649B1637A6C
:10046000DB0704D4C3691B6820469B6898470023B8
:10047000636121462846BDE8384001F09ABD30B599
:100480000906847C054614D414F0400016D0298A4D
:10049000C3F30A00C1F30A01884222D802F0030024
:1004A000022809D003280AD0012811D004F0010045
:1004B00004E014F02000E9E7C4F3800030BD14F03C
:1004C0000200FBD013F4C05F09D0C4F30010F5E7BD
:1004D00014F0080205D013F4C05FEFD0F5E7012057
:1004E000ECE70020EAE7BFF35B8FD0F8A000BFF392
:1004F0005B8F00F001007047BFF35B8FD0F8A00066
:10050000BFF35B8FC0F340007047026902F1A003A4
:10051000BFF35B8FD2F8A020BFF35B8FBFF35B8F7D
:1005200051B153E8001F41F0040143E80012002AD2
:10053000F7D1BFF35B8F704753E8001F21F0040130
:1005400043E80012002AF4D0F6E701F00F03090691
:10055000026948BF103352F823007047007DC0F392
:1005600000107047037D61F304130375704708B5ED
:1005700002691046FFF7B7FF60B9087E00F00F036D
:10058000000648BF103342F82310084601F0FEFC75
:10059000002008BD6FF00C00FBE700220023FAF7F3
:1005A0006FBA01F010BD01F0F9BC407EC0F3C0008D
:1005B0007047437E23F00803437670471FB50469F4
:1005C0008DF80410CDE90220D4F8983001A998479D
:1005D00004B010BD1FB50469034606208DF8040061
:1005E0002046CDE90213FFF77EFF40B1C1F81E207F
:1005F000D4F8982001A91846904704B010BD4FF0D8
:10060000FF30FAE738B505460C462046FFF7C5FF30
:10061000014600B938BD6FF070022846FFF7DAFFD7
:10062000F3E72DE9F84306690746D6F80090D6F8B7
:1006300040800D464FF0FF324FF0FF3306F184004B
:10064000FAF75CF94046FFF7A8FF014618BB484699
:10065000FFF7A3FF044620BB99F8143023F01003E2
:1006600089F8143098F8143023F0100388F8143007
:1006700024BB012286F8B020EDB12B68C6F8A83063
:100680006B68C6F8AC3086F8B12038698430BDE8B4
:10069000F843FAF7A5B96FF067023846FFF79AFFFB
:1006A000D0E7637EDB07D7D46FF067022146384678
:1006B000FFF790FFCBE786F8B150E6E72DB10822AF
:1006C000294604F10C00FEF7B3FA00222146384611
:1006D000FFF780FFD9E72DE9F8430546D0F80890E9
:1006E000884614461F46FFF730FF0646002835D0DF
:1006F000D9F83C302846984741463B882246304648
:10070000FFF7BDFE804690B18BB92B6993F880301E
:10071000DB0758BF402204F0030446BF4FF4806259
:100720004FF400711146022C0DD0032C11D0284635
:10073000D9F840309847B8F1000F14BF00206FF08F
:100740008500BDE8F883338A8B4228BF0B463B8087
:10075000EDE7338A934228BF1346F8E76FF01200A3
:10076000EFE72DE9F0470546D0F808A08946904606
:100770001F46FFF7EAFE044610B3067DF3071CD4BC
:100780003B4642464946FFF77AFEC8B19DF8203005
:1007900084F8198026F00606678323772675DAF831
:1007A0001830214628469847227DB0FA80F35B092D
:1007B00063F300022275BDE8F0876FF07700FAE777
:1007C0006FF01200F7E72DE9F3411F464B06D0F812
:1007D000088004460D4616461BD0D8F83C30984792
:1007E0002069FFF789FE88B19DF8203000932946E3
:1007F0003B4632462046FFF7B4FF0546D8F8403066
:1008000020469847284602B0BDE8F0814FF0FF35FA
:10081000F4E76FF01505F5E770B505468668FFF754
:1008200094FE044688B1037DDB0711D50146F369C8
:100830002846984738B1237D03F00103227D63F3F6
:100840000002227570BD0346F8E76FF01200F9E769
:100850006FF07700F6E770B54B06866804460D46E4
:1008600012D0F36B98472069FFF73DFE48B1294647
:100870002046FFF7D1FF0546336C204698472846AF
:1008800070BD4FF0FF35F7E76FF01505F7E770B56E
:1008900086680546F36B0C4698472869FFF72CFEDF
:1008A000B0B121462846FFF750FE014698B1037DBE
:1008B000DB0710D5437E03F00303012B0ED0F36852
:1008C0002846984704462846336C9847204670BD12
:1008D0004FF0FF34F7E76FF01204F4E76FF0850490
:1008E000F1E7F8B587680646FB6B0C469847306918
:1008F000FFF702FEE0B121463046FFF726FE05462F
:10090000C8B1037DDB0716D5437E03F00303012B3B
:1009100014D001463B6930469847044618B92B7DF0
:1009200060F341032B7530463B6C98472046F8BD79
:100930004FF0FF34F7E76FF01204F4E76FF085042F
:10094000F1E72DE9F04186680769F36B05460C462F
:1009500098472869FFF7D0FD98B394F81880284687
:100960004146FFF7F2FD014670B3037DDA072BD550
:1009700018F07F0F20D197F8B030EBB1637EDB0722
:1009800017D597F8B13033B1082207F1A80104F167
:100990000C00FEF74DF9002287F8B02021462846CA
:1009A000FFF718FE04462846336C98472046BDE8FA
:1009B000F0816FF06702F1E7736822462846984796
:1009C000F0E74FF0FF34EEE76FF01204EBE770B59D
:1009D000866805460C46F36B984721462846FFF784
:1009E000B4FD48B101F0EFFAB0FA80F4640928468A
:1009F000336C9847204670BD0124F8E770B58668CF
:100A00000546F36B0C4698472869FFF76CFD80B1EB
:100A100021462846FFF799FD014668B104681CB1DC
:100A2000B3682846984704462846336C98472046C2
:100A300070BD4FF0FF34F7E76FF01204F4E708B52C
:100A400003691B6800215A8BF5F73CFF28B1437EF0
:100A500023F0070343F00103437608BD08B539B915
:100A600003691B685B8B013A1A44B2FBF3F25A43E9
:100A7000F5F728FF28B1437E23F0070343F0020374
:100A8000437608BD08B561B903691B685A8BF5F751
:100A900019FF28B1437E23F0070343F00403437694
:100AA00008BD0022F3E770B586680D46F36B044677
:100AB00098472846F4F794FD2046336C9847002069
:100AC00070BD70B586680546F36B98472869FFF7D7
:100AD00013FD044620B133683BB1284698470446CD
:100AE0002846336C9847204670BD0124F8E7F8B5D6
:100AF00087680669FB6B044698472069FFF7F3FC9B
:100B0000D8B12069FFF7F8FCD0B9FB6A20469847B6
:100B1000054668B9BFF35B8F06F1A00353E8001FD9
:100B200041F0020143E80012002AF7D1BFF35B8FC6
:100B300020463B6C98472846F8BD4FF0FF35F7E755
:100B40006FF07705F4E7F8B587680669FB6B044634
:100B500098472069FFF7D0FCB0B13B6B204698471F
:100B6000BFF35B8F054606F1A00353E8001F21F099
:100B7000020143E80012002AF7D1BFF35B8F204641
:100B80003B6C98472846F8BD6FF07705F7E72DE9ED
:100B9000F0410546D0F80880066914460F4631B387
:100BA0002AB3D8F83C3098472869FFF79CFCD8B99D
:100BB000C6E926742846D8F834309847044660B908
:100BC000BFF35B8FA03656E8003F43F0010346E8D1
:100BD0000032002AF7D1BFF35B8FD8F840302846A7
:100BE00098472046BDE8F0816FF07704F5E76FF095
:100BF0001504F6E7F8B587680669FB6B0446984765
:100C00002069FFF779FCD0B92069FFF76CFCC8B107
:100C1000BB6B20469847BFF35B8F054606F1A003E8
:100C200053E8001F21F0010143E80012002AF7D128
:100C3000BFF35B8F20463B6C98472846F8BD6FF0AA
:100C40000F05F7E76FF07705F4E74FF08053D3F81F
:100C50003021082A05D1D3F83401003818BF01200B
:100C6000704700207047C343C3F3C01300F00F0068
:100C700000EB0310704708B500F097FFF9F744FB4D
:100C8000002008BD01238B40BFF35B8F50E8002F8D
:100C90001A4340E800210029F8D1BFF35B8F704769
:100CA00000698430F9F79CBE006984304FF0FF3250
:100CB0004FF0FF33F9F722BE10B5807A0C46F4F7F7
:100CC000E7FBC36921465868BDE8104001F038B819
:100CD000F7B50D46807A17461E46F4F7D9FB2C6807
:100CE000C369033424F0030258682A600421CDE963
:100CF0000076F9F7E9FC00B9286003B0F0BD03699C
:100D0000C9B20C2202FB0133186C00F007007047D7
:100D100070B50346C9B20069EFF31186402484F32D
:100D20001288BFF36F8F0C2505FB0104246C14F0AF
:100D3000C00401D0A24210D105FB010001220264CF
:100D4000002086F31188BFF36F8F28B95B6803EB2F
:100D5000C1035B689847002070BD4FF0FF30F0E79B
:100D60008022FFF7D5BFF8B5069F04690546C9B2D2
:100D7000EFF3118C402080F31288BFF36F8F0C26A5
:100D800006FB0146306C00F0070EBEF1010F11D1D9
:100D9000376400268CF31188BFF36F8F46B90C209F
:100DA00000FB0144C4E90E236B6853F831309847C7
:100DB0003046F8BD00F0C00087420CBF6FF07706E8
:100DC0004FF0FF36E6E713B580240094FFF7CBFF22
:100DD00002B010BD10B40069CBB21C2404FB0300A8
:100DE00000215DF8044B10471046F9F77FBE00F074
:100DF000FABBF9F72BB82DE9F3411C4690460023C6
:100E000082682360A36053690D4601AA694698472A
:100E1000019B5A1E019223B96FF0150002B0BDE884
:100E2000F0810098A26847682168676085B9A8EBDF
:100E300002030668B34228BF33461A4403FB071176
:100E40002160A26002689A4206D808300090DFE76D
:100E50006B1AB3FBF7F3ECE70020DFE71346002241
:100E6000FFF7C9BF2DE9F047836886B05B69884604
:100E7000914601A902AA98470024A2462546029B52
:100E8000AB4202D806B0BDE8F087019F07EBC5076B
:100E900000267B6804933A68B2420AEB060302D844
:100EA00001359A46EBE703940593494603A8C047EA
:100EB0000028E7D0049B01361C44ECE710B50C4633
:100EC00000F052FE0023C4E90003184610BD38B5F7
:100ED00005460C4600F048FE002D07DBA84205D968
:100EE000401B84428CBF0020012038BD0020FCE75D
:100EF00070B50D462846194616461C46FFF7E7FF13
:100F000038B124B122462946304601F041FB002089
:100F100070BD6FF01500FBE743685B68D3F81035D0
:100F20000B600020704743685B6802EA010021EA19
:100F30000201C3F80805C3F80C1500207047436888
:100F40005B680020C3F80815704743685B680020A1
:100F5000C3F80C15704743685B68D3F8042521EA91
:100F600002001140C3F80805C3F80C1500207047B3
:100F700030B50369586800B30024884219D1086865
:100F80008CB99C685860A14200D19860002008602C
:100F90002AB15A680A609A68596002B999600020BB
:100FA0000FE02846E9E720609868814208BF9C600E
:100FB000ECE705680446002DF3D1002AE9D16FF073
:100FC000150030BDF9F752B813B54FF0805208291B
:100FD000136E526E28BF082112BA00921BBA0C463B
:100FE0000A466946019301F0D3FA204602B010BDCB
:100FF00030B543681360057A446804EBC504A34226
:1010000002D36FF0010030BD5C798C4203F108031C
:10101000F0D10020F7E743681B68D3F88004C3F8D9
:101020008004704742681368D3F8100150B1D26948
:10103000002012780A70C3F81001D3F810210122A1
:101040001A6070474FF0FF307047002A0FDD42688A
:101050001368D3F8100158B10020C3F81001D26909
:10106000D3F8100112780A70012018607047002030
:10107000704710B543681C680369EFF31180402284
:1010800082F31288BFF36F8F1A68D17B39B99173DD
:101090001B680122DA734FF48003C4F8043380F331
:1010A0001188BFF36F8F10BD03691A68D17B21B11E
:1010B000012191731B680022DA737047026911687D
:1010C0000346C87B40B15B681B68D3F8580118B170
:1010D00000230B6113689889704743681B68D3F835
:1010E0001001003818BF0120704743681B68D3F80F
:1010F0000423D2065CBF1022C3F804237047436860
:101100001B68D3F80423D20644BF1022C3F8082377
:10111000704743681B684FF40072C3F8042370479C
:1011200043681B684FF40072C3F80823704738B552
:1011300043681D68D5F804335B02044605D4D5F82E
:10114000040310F0100006D138BDFFF7B7FF0028E8
:10115000F5D00120F8E72046BDE83840FFF7BDBFD5
:10116000012070470369186801601B685A60704766
:1011700002680346D2F8580140B95B68DB0706D421
:10118000D2F82001003818BF0120704701207047B5
:1011900010B4436802691B68D3F80413C90517D556
:1011A000D3F82011A1B1EFF31181402484F3128808
:1011B000BFF36F8FD3F8204134B10024C3F820412E
:1011C000D3F820410124DC6081F31188BFF36F8FD5
:1011D0001168D3F8584171B184B100240C611168D1
:1011E000C97B19B94FF48001C3F8081311688C7BCF
:1011F00024B100238B735DF8044B7047D3F824119E
:1012000021B10021C3F82411D3F8243112681368E6
:10121000002BF0D051685DF8044B184713B501AAB4
:101220000446FFF7E5FE002805DB019B22681979DB
:101230001868F7F75BF802B010BDF8B50022054654
:1012400001210220F3F7ECFD0220F3F7B9FD6C68F1
:101250000121E068FFF7E2FF6B681A682369C2F8B2
:101260002435617D237D0B43A17D0B43C2F86C3592
:101270006E68D6E9004313F001030ED02F6904F124
:101280000C0107F10C0204F5907000F057F90028EA
:101290003ADB387BF8F70CFD01230822C4F800255F
:1012A000B269C4F8442501210022C4F84825A16090
:1012B0006BB9D4F82031002BFBD0C4F82021D4F82E
:1012C00020310123E3604FF48073C4F80433D4F871
:1012D0005831002BFBD00021C4F800156D682C6834
:1012E000E868FFF79BFF0823C4F800352A7A52B953
:1012F000EB69C4F834350123C4F83835C4F810213B
:10130000D4F8102123600020F8BD2DE9F0410669D2
:1013100033689C89BFF35B8F94420546A8BF14468F
:101320001033012753E8002F002A03D143E800704F
:101330000028F7D1BFF35B8F0CBF3B4600232BD1B6
:1013400033682246986801F023F9EFF311884023AF
:1013500083F31288BFF36F8F69680846FFF708FFB1
:10136000326840B91061044688F31188BFF36F8F6B
:101370002046BDE8F0810B689268C3F8442500223E
:10138000C3F84845C3F82021D3F82011C3F85821E9
:10139000D3F858219F60E7E71C46E9E700F15003C6
:1013A0009B009BB203F1804303F5883300221A604F
:1013B0001B68704708B50020F4F768F9036893FAD2
:1013C000A3F318061A0A40EA136002F47F421B02D4
:1013D000104303F47F0318437047BFF35B8F00682B
:1013E000BFF35B8F704703460022BFF35B8F53E868
:1013F000000F43E800210029F9D1BFF35B8F70474C
:10140000BFF35B8F50E8003F013B40E80032002A09
:10141000F8D1BFF35B8F7047BFF35B8F50E8003F9D
:10142000013340E80032002AF8D1BFF35B8F7047E8
:101430001FB50020F6F750FC98B1002301930393E9
:10144000694601230293FCF77AFC002806DB029B25
:101450009B0702D0FAF73AF8F9E7039805B05DF870
:1014600004FB6FF01200F9E708B50020F6F734FC32
:1014700020B1FCF7AFFC00EAE07008BD6FF012008D
:10148000FBE708B5F0F730F9002008BDFAF76ABBB2
:1014900008B5F3F787F8F3F75BF9BDE80840FAF70A
:1014A00061BB4FF08053D3F83021082A03BFD3F833
:1014B0003401B0FA80F04009002070470346002054
:1014C000184700F0CBBB10B502461168B1B1BFF3AD
:1014D0005B8FB1FA81F3C3F11F000123834021EA3E
:1014E000030352E8004F8C4204D142E8003CBCF1B7
:1014F000000FF6D1BFF35B8FE7D110BD6FF00B008B
:10150000FBE710B50368CB40DB0714D401238B4005
:101510000268BFF35B8F43EA020150E8004F944238
:1015200004D140E8001CBCF1000FF6D1BFF35B8F83
:10153000EED1002010BD6FF01500FBE770B50C4632
:101540000021054608461646F8F788FB48B9337867
:10155000DB0003F1804303F5F833C3F81055C3F8FB
:10156000144570BD10B1012802D07047F8F76EBC69
:10157000F8F71EBC18B1012803D100F019B800F02B
:1015800032B8704708B5F8F72FFCBDE80840F8F707
:101590009DBC4FF08053D3F83021082A06D1D3F8F0
:1015A000340102288CBF00200120704700207047C2
:1015B000F8F7C4BB38B54FF080440223C4F80833B1
:1015C0000123E3600023C4F80431D4F8043142F26B
:1015D0001075D4F81834DB0304D50120FFF771FF30
:1015E000013DF6D138BDFFF7E5BFF7B5019001A881
:1015F000DDE9084716461D46F8F7A0FC019BB6F149
:10160000000C18BF4FF0010C00EB83000B1E18BF3D
:101610000123002D43EA4C030CBF4FF0000C4FF0A8
:101620000C0C002C43EA0C030CBF4FF0000C4FF4E1
:10163000E06C002F43EA0C03D0F800270CBF4FF0FA
:10164000000C4FF4403C43EA0C0322EA030301B1CF
:1016500009780EB13678760019430DB12D78AD00BA
:1016600031430CB12478240229430FB13F783F0461
:101670000C433C43C0F8004703B0F0BD1FB50DF16B
:101680000F03019300238DF80F1000931A4619469B
:10169000FFF7ABFF05B05DF804FB10B50446084644
:1016A000F8F75CFC04EB4004207DC0F3401010BD53
:1016B00010B504460846F8F751FC04EB4004207DC1
:1016C000C0F3400010BD10B504460846F8F746FCCC
:1016D00004EB4004A08A400B10BD70B504460846D8
:1016E0001646F8F73BFC08300D4634F81030DA05A2
:1016F00009D5C3F3432304EBC302314654F8333016
:10170000526828469847A3682BB1E26831462846BC
:10171000BDE87040184770BD10B504460846F8F79C
:101720001DFC04EB4000838ADA051DD5C3F3432179
:1017300023F4F853838204F1120204F1720032F8A8
:10174000023F13F4807F03D0C3F3432399420BD0AD
:101750008242F4D104EBC10300225A6004F1780004
:10176000BDE81040FFF7CDBE10BDF0B5034600F553
:101770008074002005460127844695420AD1D3F89B
:101780007C2132B10022C3F87C21D3F87C3140F0B7
:101790000040F0BD25F0404607FA06F6314209D078
:1017A000D4F800E0BEF1000F04D0C4F800C0D4F8B3
:1017B00000E0304301350434DFE738B504460D4618
:1017C000FFF76BFFA8B12046FFF772FF88B92046EC
:1017D000FFF779FF226801238340C2F808332368AA
:1017E00003EB8000D0F8103523F00303C0F8103568
:1017F00038BD28460021BDE83840FFF73FBF2DE93E
:10180000F043174685B004460846F8F7A7FBD7F81B
:1018100000800E460546B8F1000F1ED02046FFF7A7
:1018200047FF18B12046FFF738FF20BB0023CDE962
:1018300000338DF80E308DF80F300DF10F02434656
:101840000DF10E013046FFF7D0FE04EB4502938AFE
:1018500023F0020343F0010393827B689BB331467C
:10186000204693F80080D3F80490FFF721FF28B1B9
:10187000B9F1000F1FD06FF0150027E004EB450011
:10188000838A23F4604323F020038382B9F1000F9D
:1018900011D0B8F1030FEED87B6821685B6893F82C
:1018A00000C04FEA8C031944B8F1000F11D1C1F800
:1018B0001085C1F8108504EB4502938A23F01C03C0
:1018C00043EA88039382BB6843BB002005B0BDE8B0
:1018D000F083D1F8102522F00302C1F81025226808
:1018E0001344D3F8102522F44F3222F44072C3F887
:1018F00010253202D3F8101502F47C5242EA084255
:101900000A43C3F8102504EB4C03A3F87C60838AD8
:1019100043EA4C3343F020038382CCE7D3E90078D9
:1019200031462046FFF7F8FE002FCED063689F4275
:1019300006D004F17800FFF7C6FD002804DAC5E7F9
:10194000A3689845F5D1002004EBC003C3E90178F2
:1019500004EB4505C0B2AB8A43EA402343F48073ED
:10196000AB82B2E72DE9F043054685B0084616463E
:101970001F46F8F7F3FA0C46804626B32846FFF7D1
:1019800097FE18B92846FFF788FE18BB05EB4809F3
:10199000B9F8143003F01C0313B17378012B19D07C
:1019A00001238DF80F300023CDE90063721CB31CB6
:1019B0000DF10F012046FFF718FEB9F8143043F07F
:1019C0000303A9F81430002F3FD021462846FFF723
:1019D0006FFE20B96FF0150005B0BDE8F0833E78CA
:1019E0002B6803EB86030022C3F81025C3F81025EB
:1019F00005EB48024FEA860C938A23F4604323F0F8
:101A000020039382787800B32968BF78614400048A
:101A1000D1F8103523F4991323F4F853C1F8103595
:101A2000230200F4403003F47C5303433805D1F81B
:101A3000105500F4801003432B43C1F81035938AEE
:101A400043EA463343F0200393820020C4E7C0E911
:101A50000312704770B504461546FFF71EFE48B1E5
:101A60000846F8F77BFA04EB40040020A38A5B0BDE
:101A70002B7070BD6FF01500FBE738B590F88C4007
:101A800005469CB960222146143000F08FFD28687D
:101A9000C0F87C41D0F87C3140F30730F3F790F97F
:101AA000012385F88C30AB67204638BD6FF0770096
:101AB000FBE790F88C00003818BF01207047F8F75A
:101AC00087BA2DE9F34104461746FFF7E6FD0D46B8
:101AD0002668F0B12046FFF7EBFD8046C8B92046E6
:101AE000FFF7F1FD820002F5807346F80380F3589A
:101AF00023681344D3F8102542F00102C3F81025DF
:101B000027B1226801238340C2F8043302B0BDE844
:101B1000F081D6F80433002BA4BF4FF00043C6F881
:101B200004332846F8F71AFA04EB4004A38AC3F3F7
:101B30008203042B12D0052B12D001A80195F8F7CF
:101B4000FDF9019BD0F81015D94001F001010231D7
:101B5000284602B0BDE8F041FFF790BD0321F7E74A
:101B60000221F5E7FFF729BE4FF080531A69586943
:101B7000504370474FF08053186970474FF08053BF
:101B80005869704700F180431A68002A1FBF00227D
:101B90001A601B68012008BF002070474FF0804387
:101BA0004FF46072C3F8042370474FF080434FF442
:101BB0006072C3F80823704708B5F8F7BBFBBDE8AF
:101BC0000840FFF7DFBC38B5057B044665B94260C5
:101BD00041B18B688360F8F7FDFBB0FA80F35B09D5
:101BE000237338BD0846F8E76FF07700F9E710B5C2
:101BF0000446006840F30730F3F7F0F82268D2F8A3
:101C000000320023C2F8003222684FF0FF31C2F8E0
:101C10000813226801211161237310BDF8B5036810
:101C2000D3F8045304460126002705B9F8BD95FAF8
:101C3000A5F3B3FA83F3980006FA03F300F5807076
:101C400025EA030523681A58002AEED01F501B58B6
:101C50006368002BE9D0A1689847E6E708B1F3F77D
:101C600003BD704710B5436904463BB90020E268E4
:101C7000537843F001035370404210BD9847002849
:101C8000F4D00028B8BF4042E368FF28A8BFFF2077
:101C90001870ECE740B1C368587810F001001EBF1F
:101CA0001878B0FA80F0400970472DE9F04F89B0FC
:101CB000DDE91268059243460546324606A80F46FE
:101CC00000F0ACFBDDE90634CDE90234EFF311841A
:101CD0004FF0400989F31288BFF36F8F05F10C0AAA
:101CE00005F1140B059A149B39462846984730B1E4
:101CF00084F31188BFF36F8F09B0BDE8F08F56EA07
:101D00000806F5D0DDE9022306A800F0ACFBDDE90A
:101D100006685246CDE9006821465846F9F7EEFAC2
:101D2000EFF3118489F31288BFF36F8FDAE710B4F1
:101D300000F10C04C0E903445DF8044BFBF731BF2C
:101D400038B50446EFF31185402383F31288BFF3BF
:101D50006F8FFBF72FFE04F10C0000F06EFA30B12C
:101D6000294604F11400BDE8384000F04BBA85F371
:101D70001188BFF36F8F38BD10B542696AB18368AF
:101D800042EA0301890708D10169A2FB011424B9C1
:101D90005B182CBF0121002102D36FF0150005E074
:101DA000C1609B1A02698A4201D8002010BDC26836
:101DB0001A604269C36001319B1AF3E710B5C0E9AC
:101DC00004320023816083610446FFF7D5FF08B920
:101DD000C4E9004410BD2DE9F04105460F46EFF37C
:101DE0001188402383F31288BFF36F8FC668FEB952
:101DF0000468A0421CD0DCB1D4E9003213605A6000
:101E0000237CA66023F002032374C4E9006604F176
:101E1000180000F0C8FA2046C4F88060676100F03E
:101E2000BEF9414605F10800BDE8F04100F0EAB90D
:101E30003E60AB69EF60013BAB6188F31188BFF393
:101E40006F8FBDE8F08108B54024EFF3118384F370
:101E50001288BFF36F8FFCF777FEF6E7D0E9003208
:101E600013605A60027C002322F00202C0E90033B2
:101E700002748360704713B501240094F8F774FC72
:101E800002B010BD90F90E308B4201D0F9F758BA6C
:101E90000020704703460020C3E90200C3E9003375
:101EA0007047D0E9003213605A60027C002322F0B0
:101EB0000202C0E900330274836070472DE9F843E1
:101EC000904604469DF820200D46EFF311874021EF
:101ED00081F31288BFF36F8F02B14568A66804F1E1
:101EE0000809B14516D0AEB13046FFF7DAFF00243D
:101EF00006F1180000F057FA3046C6F88040C6F8E0
:101F0000148000F04CF94846394600F07BF9204631
:101F1000BDE8F883A3B10820F9F706FE002832D007
:101F20000122C0F804800260016801F003015DB97C
:101F300022680A430260626820606AB960600BE050
:101F4000C8F800304046EFE72A68032A10D801603D
:101F5000616839B9C4E90000002087F31188BFF334
:101F60006F8FD5E70A6802F0030202430A60E5E7D3
:101F700022F003020A4302602A6802F0030240EAE8
:101F800002032B60E8E76FF00B00E6E70023C0E9EF
:101F9000003300F10803C0E90233704707B501239D
:101FA000009300230A461946FFF788FF03B05DF847
:101FB00004FB07B500230A4600931946FFF77EFF8E
:101FC00003B05DF804FBEFF31183402282F3128823
:101FD000BFF36F8F006818B10268920718BF40689E
:101FE00083F31188BFF36F8F70473AB18A4205D3EC
:101FF000C0E90212C0E90000002070476FF0150030
:102000007047026801238B4022EA0303036022FA2F
:1020100001F000F00100704710B5032104460C30B8
:10202000FFF7EFFF30B104F1100000F0BCF9B0FA97
:1020300080F0400910BD20B100221146D43000F0DC
:1020400044B9704773B50446EFF31185402383F319
:102050001288BFF36F8F00230193D0E90423B3F1FB
:10206000004F08BF012A05D085F31188BFF36F8F99
:1020700002B070BDA0F1100603210438FFF7C1FFC4
:102080000028F1D0A369019301A93046F8F770FE4A
:10209000EAE738B504460D461022002100F086FA22
:1020A000656038BD13B501900846EFF311844023F5
:1020B00083F31288BFF36F8F01A9F8F759FE84F3F9
:1020C0001188BFF36F8F02B010BD10B5FFF7EAFFA4
:1020D000041E08DDEFF31180402383F31288BFF361
:1020E0006F8FF9F799F9204610BD38B530220446B4
:1020F0000D46002100F05AFA4FF480736560E360EA
:1021000038BDD0E9003213605A60027C002322F00F
:102110000202C0E90033027483607047EFF3058068
:10212000003818BF012070476FF057007047D0E9A2
:10213000003213605A600023C0E90033704708B5CD
:10214000FFF7F5FF037C23F0020303740023836091
:1021500008BD38B504460D46F9F74EF8237C43F028
:1021600002032374D5B1A5602B689D4209D16B6829
:10217000C4E900531C606C6010E06A689A42F6D0B3
:102180001B68002BF3D093F90E1094F90E209142A6
:10219000F3DD5A68C4E9003214605C6038BD10B5E4
:1021A000EFF31184402383F31288BFF36F8FF8F7A6
:1021B000E3FF84F31188BFF36F8F10BD08B5037C74
:1021C00013F0280F01460CD183680BB1FFF7B7FF5E
:1021D0000B7C23F004030B740846BDE80840F8F7B5
:1021E000CBBF08BD10B5EFF31184402383F31288F1
:1021F000BFF36F8F1838FFF7E1FF84F31188BFF347
:102200006F8F10BD0846F9F72FB838B5046805463A
:10221000AC424FF0000000D138BD002CFCD020466D
:10222000FFF78DFF04F1180000F0BDF82046F8F725
:10223000A3FF2C680120A542EDE710B5EFF3118450
:10224000402383F31288BFF36F8FFFF7DEFF84F321
:102250001188BFF36F8F10BD38B50C460546F9F7EE
:1022600077F9B4F1FF3F08BFB5F1FF3F1FBF47F655
:10227000FF7300224FF47A71E0FB01321ABFD80BD2
:1022800040EA42404FF0FF3038BD38B50446EFF326
:102290001185402383F31288BFF36F8F037C5B07A4
:1022A0000ED5183000F07FF8237C23F0040320467D
:1022B0002374F8F761FF2846BDE83840F8F7D4BF2B
:1022C00085F31188BFF36F8F38BD38B5EFF31185F3
:1022D000402383F31288BFF36F8F0468A04213D0AA
:1022E000A4B1C4F8801062612046FFF728FF04F112
:1022F000180000F058F82046F8F73EFF012085F35B
:102300001188BFF36F8F38BD0020F8E72046F6E74D
:102310002DE9F04706460F4691469A46EFF311889D
:10232000402383F31288BFF36F8F0068864206D084
:1023300028B17368984214BF0568002568B9002465
:10234000B9F1000F02D051462046C84788F31188E2
:10235000BFF36F8F2046BDE8F0875146B84704466B
:102360000028EDD135B17368AB4200D02C68284607
:102370002546E3E72C46FAE708B50246F9F75AFA8C
:1023800070B1D0E904319B1A61EBE272B3F1004FF6
:1023900072F1000104DA002AACBF1846002008BD23
:1023A0006FF00040FBE738B50246EFF3118540239C
:1023B00083F31288BFF36F8F0368D3B1F9F73AFA4A
:1023C00004461046F9F748FA00224FF000438442D1
:1023D000C0E9042305D0002085F31188BFF36F8F77
:1023E00038BDF9F72FFAFFF7C7FF0021F6F772FAA9
:1023F000F1E7D0E90413B3F1004F08BF012902BF90
:1024000000204FF00041C2E904016FF01500E3E73E
:1024100008B5F9F725FB08BDF9F722BBB3F1FF3F7B
:1024200008BFB2F1FF3F70B506461D46144614D0F2
:102430001A4316D0002B08DBF9F712FB041941EB05
:102440000501C6E90041304670BD6FF001031C1B59
:102450004FF0FF3363EB0501F3E74FF0FF34214604
:10246000EFE70024FBE7B3F1FF3F08BFB2F1FF3F06
:10247000F8B5074616461C4610D054EA020311D0A0
:10248000F9F7EEFAB0420A46A14103460AD2F31A1E
:1024900064EB0204C7E900343846F8BD4FF0FF335F
:1024A0001C46F7E70023FBE72DE9F3470446DDE987
:1024B0000A9815460E4659B302F0010AF9F784F856
:1024C0000746EFF31181402383F31288BFF36F8F28
:1024D000A80744BF0023A360A36803EA0600BAF17B
:1024E000000F0CD086420CD16A0744BF8343A3601F
:1024F00081F31188BFF36F8F02B0BDE8F087002829
:10250000F2D159EA080305D181F31188BFF36F8F27
:102510000020F1E7C7E918652246CDE9009804F1EB
:102520000C00F8F7EBFE0028F2D1386EE4E710B5A6
:102530000446D0E918020B6812F0010F03EA000309
:1025400001D0984210D17BB12366520742BF4A683E
:102550001A434A6004F11800FFF725FF0023C4F86E
:1025600080302046FFF72AFE002010BD0A46F9F70A
:102570008FBA0A460021F9F78BBA5200FFF794BFD1
:1025800020B1011F50F8040CFFF7DABB7047704709
:102590000A44914200F1FF3300D1704710B511F8A1
:1025A000014B03F8014F9142F9D110BD024403469B
:1025B000934200D1704703F8011BF9E710B50139C8
:1025C0000244904201D1002005E0037811F8014F48
:1025D000A34201D0181B10BD0130F2E710B502462E
:1025E00001448A42134603D01C780132002CF8D1F2
:1025F000181A10BDF0B5044608B9146844B1204655
:1026000014F8015B0F4617F8016B1EB965B9156028
:10261000002005E0B542F6D1002BF0D11460037024
:10262000F0BD1C460CE01DB9274614F8013B0E46D0
:1026300016F8015BAB42F6D1002BF2D000233B70C1
:102640001460EDE70123FFF7D5BF2DE9F843C3F18F
:102650003709074688465FFA89F903F01F051646D1
:10266000384641462A460023EFF724F8D4B2092C15
:102670003A4688BF4C44434688BFE4B2AA424FF072
:10268000000204F13004934106F8014B07468846E6
:10269000E6D23046BDE8F8832DE9F041B0FA80F685
:1026A0008E1B002907460C4606F1070648DB084644
:1026B000FAF7D6FD06442046FAF7D8FD351B2A1A4C
:1026C0003D322146384600F052F9B44236DC1F2D27
:1026D00064DC4FF0FF33AB4027EA0303B3FA83F324
:1026E0005B091D46B0FA80F3F31A9E33FE2B59DCCA
:1026F000002B23EAE371CCBF0B4601239B1BA3F104
:10270000970420FA04F2963B12F0010220FA03F338
:1027100009D04FF0FF32A24030EA020240D1002D32
:102720003ED003F001021344C3F3160303B911446E
:1027300043EAC15300EE103ABDE8F0810123D0E72F
:102740004D422846FAF792FD361A2846FAF78EFDD2
:10275000A6EB040808EB00023C322946384600F09C
:10276000F3F8B44213DCB8F11F0F17DC4FF0FF335E
:1027700003FA08F337EA030310D10521B7FBF1F29E
:1027800002EB8204A74204D101331746F6E7002387
:10279000F3E79D428CBF00230123A2E70023A0E7BB
:1027A0000122C0E74FF0FF43C4E72DE9F04F89B0A5
:1027B0000518029304AB41EB0104009390462846B0
:1027C000D2E90023214600F0E2F806AB0093074669
:1027D0008946D8E902232846214600F0D8F8DDE9E9
:1027E0000423841851EB0306069BD8E900124FF02E
:1027F000000528BF0125ED18079B43F10003791858
:1028000049EB0202B94272EB0902D8E9022134BF56
:1028100001200020A21846EB01018018029A41F124
:102820000001A042A2F1410A71EB060234BF01226D
:1028300000225219CDE90653CDF800A043F1000360
:1028400000F0BCF8129BC3E90001D8E90221039112
:1028500014990129DDE90653D8E900E027D103994D
:10286000CDF800A0A21A66EB0101774579EB0000D4
:1028700034BF01200020101A61F10001844276EB80
:10288000010234BF01220022AA1A63F1000300F002
:1028900095F8139BC3E90001DDE90623CDF800A0FC
:1028A0002046314600F08AF809B0BDE8F08F17EBFA
:1028B000070B49EB090C14EB040846EB0601BB457A
:1028C0007CEB090934BF0127002718EB070741F10A
:1028D0000008F3457CEB000C34BF01200020381ABF
:1028E00068F10001801A039A61EB02016D195B41E6
:1028F000A74278EB060234BF01220022AD1843F153
:102900000003874278EB010834BF01220022AA1A93
:10291000029DA5F140050095B7E710B50299A3FB0C
:102920000043A2FB0020001943F100033F29DBBF55
:10293000A1F12002C1F1400140398B40D6BFD04007
:1029400023FA01F0184310BD30B587B0044608469D
:1029500002A91546FAF726FD049B00955A1C059B13
:10296000204643F10003FFF7D8FF07B030BD30B574
:1029700087B015460446084602A9FAF79FFCDDE930
:10298000042300952046FFF7C8FF07B030BDF0B51F
:1029900000240D4606469446A0FB02012246E5FBB4
:1029A0000C12A446E3FB061CE5FB032412EB0C020D
:1029B000059F44F10004C7E90024F0BDF0B5059C73
:1029C000C4F14007C4F1200602FA06F6A4F120057E
:1029D000BB4022FA05F53343C4F120062B4301FA2C
:1029E00006F6A4F12005E04021FA05F53043BA408F
:1029F0002843E14010431943F0BD10EE103A23F094
:102A00000040B0F1FF4F94BF0020012070472DE936
:102A1000F0410446CE0FC1F30A55C1F3130154EA45
:102A20000107167140F2FF706AD1002D70D12C465B
:102A30002946002B15605FDB0C2B5FDCC3F10D0515
:102A4000AD00012005F1FF3CA5F12107C5F12106EC
:102A500020FA06F600FA07F700FA0CF037430618DA
:102A600047EB0708D6F1000E68EB480C013E48F131
:102A7000FF38264008EA0108B04277EB08080FDB70
:102A8000C5F12008B5F1200601FA08F824FA05F589
:102A900045EA08055CBF41FA06F63543ED0703D564
:102AA0002018044641EB070104EA0E0401EA0C0178
:102AB0009DF8186018460D250532C6F1270604F06A
:102AC0000F03240944EA0174091163B9A8420DDA1D
:102AD000013DF4D21AE01DB90125A5F2FF35A8E7A2
:102AE00041F48011F9E7092BC8BF9B193033A84284
:102AF0005355B8BF2846EBE70023D9E70D23D7E7A6
:102B00008542E8D146F0080616710020BDE8F08144
:102B10008542E5D146F00406F6E7D1E90432934256
:0C2B20001EBF5A1C0A61187070470000AC
:082B2C005EECFE7F01000000D9
:102B3400B156000000000000315600000000000003
:102B440000000000D42B0100A5A600000000000036
:102B5400E5A600000000000000000000F02B0100CA
:102B6400000000000C2C0100831401000000000090
:102B74008D1401000000000000000000442C01003E
:102B840000000000282C01008187000000000000E4
:102B94003554000000000000911401000000000002
:102BA40039BB00000000000000000000602C0100A0
:102BB40000000000982C0100000000007C2C0100A3
:102BC40009630000000000008945000000000000C7
:102BD40027410100A0350100342F0100E205002047
:102BE400581E0020397B0000000000005041010005
:102BF400B8350100102F0100E6050020C41E002096
:102C04008D810000000000005E410100CC35010010
:102C1400102F0100E8050020D01E00208D81000047
:102C240000000000E5400100D0340100502F0100F5
:102C3400DC05002038000020716600000000000060
:102C44006C410100E03501009C2F0100EA050020E1
:102C54000C0400203B1201000000000002410100AE
:102C6400E434010014350100DE0500205C1B002063
:102C7400BD66000000000000194101007C35010020
:102C840038350100E005002058030020816D000064
:102C9400000000003641010000000000F82E010091
:102CA400E405002000000000FD7D0000000000009D
:102CB400B91B0100BD140100000000002FEB00004F
:102CC400442C010091110100000000002FEB0000D2
:102CD400000000002FEB0000000000002FEB0000BC
:102CE400A4010020C50F0100000000002FEB00002C
:102CF400000000002FEB0000000000002FEB00009C
:102D0400000000002FEB0000000000002FEB00008B
:102D1400000000002FEB0000000000002FEB00007B
:102D2400000000002FEB0000000000002FEB00006B
:102D3400000000002FEB00000000000011880000DC
:102D4400000000002FEB0000000000002FEB00004B
:102D5400000000002FEB0000000000002FEB00003B
:102D6400000000002FEB0000000000002FEB00002B
:102D7400000000002FEB0000000000002FEB00001B
:102D8400000000002FEB0000000000002FEB00000B
:102D9400000000002FEB0000000000002FEB0000FB
:102DA400000000002FEB0000000000002FEB0000EB
:102DB400000000002FEB0000000000002FEB0000DB
:102DC400000000002FEB0000000000002FEB0000CB
:102DD400000000002FEB0000000000002FEB0000BB
:102DE400000000002FEB00002D740000BD14010052
:102DF400000000002FEB0000000000002FEB00009B
:102E0400000000002FEB0000000000002FEB00008A
:102E1400000000002FEB0000000000002FEB00007A
:102E2400000000002FEB0000000000002FEB00006A
:102E3800080B002080280020000C0000CD1C00009A
:102E4800000000000000000000000000F5FFFFFF88
:102E580002000000AE380100FFFFFFFFFFFFFFFF89
:102E6800400A00200024002000040000011F000088
:102E78000000000000000000000000000A00000040
:102E88000000000097380100FFFFFFFFFFFFFFFF72
:102E9800D00B00200035002000080000A12D000004
:102EA8000000000000000000000000000900000011
:102EB80000000000143B01000000000000000000BA
:102EC800980C0020803D00200008000071350000AB
:102ED80000000000000000000000000008000000E2
:102EE800000000007E3B0100000000000000000020
:102EF800F10E0100317F0000A97E0000F57D000081
:082F0800BD0E0100E57D000093
:102F1000BD7F0000190F0100270F01003F0F0100C6
:102F20004B0F0100570F0100C9810000710F010014
:042F3000000000009D
:102F3400917B0000610D0100C70D0100000000003D
:0C2F4400FF0C0100000000000000000075
:102F5000CBFB0000FD65000000000000F5FB000059
:102F6000B7FB0000C50001007BFC000027FB000050
:102F7000FB00010071FC0000000000003FFB0000AE
:102F8000000000000000000047FB00007F0001007F
:102F900059FB00006FFD000061FB000025100100DF
:102FA00055840000171001000B1301004B100100A5
:102FB00073100100A9100100BD100100EB10010009
:102FC000FF100100BD100100DB1001001311010012
:102FD000211101002F110100611101006511010093
:082FE0000000000000000000E9
:102FE800BC3801000000000000000000452B000074
:082FF8000000000000000000D1
:10300000010000000000000001020000580203005F
:1030100000200000D8ECF0F4F8FC000203040506E0
:103020000708000000000000000000000000000091
:10303000000000000000010101010202020203037E
:103040000303040404040505050506060608090033
:103050000000000000000000000000000000000070
:103060000000000101010102020202030303030444
:103070000404040505050506060708090A0B0C0DDE
:1030800000100200FA000000000000000000000034
:103090000338FDD870470000010000000000000068
:1030A0000500000000000000190000000000000002
:1030B0007D00000000000000710200000000000020
:1030C000350C000000000000093D00000000000079
:1030D0002D31010000000000E1F5050000000000B6
:1030E00065CD1D0000000000F90295000000000001
:1030F000DD0EE90200000000514A8D0E00000000C4
:103100009573C24800000000E941CC6B010000004B
:103110008D49FD1A07000000C16FF28623000000F0
:10312000C52EBCA2B1000000D9E9AC2D7803000087
:103130003D9160E45811000031D6E275BC560000A4
:10314000F52E6E4DAEB10100C9EA268367780800FE
:10315000ED95C28F055A2A00A1EDCCCE1BC2D3003B
:1031600025A4000A8BCA2204000000000000000011
:10317000000000000000001000000000000000003F
:10318000B9340332B7F4AD1410DB1AB30892540EFD
:103190000D307D951447BA1A66088F4D26ADC66D61
:1031A000F598BF85E2B74511CA96853D92BD1DEBE6
:1031B000FCA11860DCEF52163C92AE220BB8C1B4F1
:1031C000839D2D5B0562DA1C304C7E8F4E8BB25B8B
:1031D00016F4529F8B56A512FBD4827643ED8AF0EB
:1031E0008FE7F9311565191850F19BD94A13EEB4E0
:1031F000284CF0A686C1251F035FC270CB9E4916DE
:10320000E642889C44EB2014B0650836AD6EA58577
:1032100085F0CA14E2FD031A0B899979D5B13D09ED
:10322000D8DA973A35EBCF10AC363F5E73BB38CF68
:103230003E6752FA44AFBA150100000000000000DA
:103240000000000000000020345065C05FC9A65295
:10325000BB13CBAEC440C21806C8DF7100D5A87C32
:10326000F56F0FDA58FC27136E4756357D2420651D
:1032700002C7E768E48CA41DE9E60268D7CD39618E
:103280007977FCC2405BEF16798CDE43FFA751F9DA
:1032900091F3B278F5BDBE11E857E9D6E8BEE87BF8
:1032A000B054AC8F848D751BEA23A499E9F9D38BB4
:1032B000B7A3714061DA3E15CEE33ECB73F94808FF
:1032C0008C97B427D51B7010A2BFEFB9EB853215D0
:1032D0004DB44DB49BBB6F1996B6076CF8E7EEADD5
:1032E00036D9B4F59135AE13222218AF4E6A684D27
:1032F00091DAAA3D4F40741E9FBD9EE006A1C09882
:1033000057C2A7FDA40E90170E7D497173E3208F5D
:10331000B220D87605143B12853D7434811343B036
:10332000AD297A5F27F4351CA5380100B91B0000D0
:103330000C2C0100080001000C2C0100060001000B
:10334000213B01000000000010000000263B0100AE
:1033500000000000140000002C3B010000000000F1
:1033600018000000313B0100000000001C000000BC
:103370003B3B01000000000020000000403B01003A
:1033800000000000240000004C3B01000000000091
:1033900028000000553B0100000000002C00000048
:1033A0005D3B01000000000058000000633B01008D
:1033B0000100000054000000683B01000100000013
:1033C00055000000713B01000200000030000000C9
:1033D000773B0100020000003C0000007A3B010046
:1033E00002000000480000003535000019D8000038
:1033F00000000000000000000000000000000000CD
:10340000ED37000000000000000000000400000094
:10341000000000000010000000F00000982C0100E7
:10342000010000000000010000600600982C01006F
:10343000020000000060070000600600982C0100F8
:103440000300000000C00D0000400000982C0100A7
:103450004D440000000000000000000000000000DB
:103460008BE90000000000006FE900000000000090
:1034700009EB00009C010020940100208C01002039
:103480000000000084010020BD460000B14500009E
:103490000546000065460000000000200000000016
:1034A00000000B0602000000AC3401000000000028
:1034B000D64001002600020200000020DE4001008C
:1034C00022000B11C154000000000000A1EB00001D
:1034D0005C02002000000000510500207002002066
:1034E0000000000095050020D00200200000000030
:1034F0001C070020E402002010030020FC02002032
:10350000C43401001035010000000000000000007C
:10351000B86F0020000000006F030100CD01010022
:1035200000000000000000008835010008060020AF
:10353000000000000000000000000000D96E000044
:103540003D6D00006D6B0000016F00000000000089
:103550000D6B0000216F0000AD7800001D6D0000B4
:1035600000000000257900001D730000656C00005C
:10357000770C0100A90C0100A10C01000000000063
:1035800003000000B16C0000D10C0100000000003D
:10359000B90C0100F57A0000C57A000000000000B7
:1035A000417C0000C17B0000F30D0100EF0D010024
:1035B0000400000000FF0000FFFF000000030050B7
:1035C000A40100200000000001000000FFFFFFFF39
:1035D00000000050A40100200000000000000000D6
:1035E0000020004001000000000000000036010043
:1035F0000000D601000000001E2100201D21002037
:10360000002000400C3601000100000014360100CB
:103610000400000014000000110000021806000160
:10362000160600030800000003000000342B010010
:103630003C2B01008C2B0100942B0100CC2B0100B2
:10364000D42B01007F4101000001000000000000B8
:10365000FF8FFFFFFF8FFFFFFE8FFFFFFE8FFFFF3C
:10366000FD8FFFFFFC8FFFFFFC8FFFFF6D75746503
:10367000785F667265652063616C6C65642077694C
:103680007468204E554C4C20706172616D65746594
:103690007200000043616E277420696E697469616D
:1036A0006C697A65206D757465782C20776173205C
:1036B0004E554C4C0D0A0000436F756C64206E6FC4
:1036C00074206C6F636B20706F7765722073617606
:1036D00065206D7574657800000000000000000032
:1036E00000000000000000000000004095596959EA
:1036F000555554551555555604051541105455400A
:1037000045515544404550445055554500400040B2
:103710004004449665555655454045545141154021
:103720005591555555554051050100005445545487
:103730004555050400100410140440000000014029
:10374000555515415404000044000100000000409C
:10375000410000445044455054005555545565515E
:1037600000400040010000010005010011545151CA
:103770005455550500154150000004401001040542
:10378000000000000904696D752D6572726F72008A
:1037900073696C656E74006D6F76696E670069643D
:1037A0006C6500616374697665007374616E646250
:1037B000790070696E6E6564006175746F00492CE4
:1037C00072696E672C253038782C25732C25732C64
:1037D000727373692C25642C66772C25752C6C6F9D
:1037E00073742C25752C6F662C25750A00492C7274
:1037F000696E67732C6D6F64652C25732C253038CA
:10380000782C71756575655F64726F70732C2575A2
:103810000A004F4B2C72696E67730A0068656C7002
:1038200000492C68656C702C7265636569766572F9
:1038300020636F6D6D616E64733A2072696E677399
:103840002072696E672C3C69643E2072696E672C39
:103850006175746F0A0072696E67730072696E67D2
:10386000004552522C72696E672C6769766520613B
:103870006E2069642066726F6D202772696E6773AF
:1038800027206F72206175746F0A004F4B2C72698C
:103890006E672C25730A007374617475735F7468A6
:1038A00072656164007265636569766572006D6F4B
:1038B00074696F6E5F746872656164007074720021
:1038C0007074722F63666700432C25732C252E3489
:1038D000660A00432C25732C25750A00432C25739A
:1038E0002C252E34662C252E34662C252E34660A83
:1038F00000542C25752C253038782C25632C257503
:103900002C25752C25642C25642C25642C25642CF1
:1039100025642C25642C25642C25642C25642C25F9
:10392000642C25642C25642C25642C25642C2564AA
:103930002C25642C25642C25642C25752C25752CB0
:1039400025642C25752C25750A002C200900492C8E
:103950007665722C25732C25640A004F4B2C7665F6
:10396000720A00676574004F4B2C6765740A007318
:103970006574004552522C7365742C7573616765CC
:103980003A207365742C3C6B65793E2C3C76616CF7
:1039900075653E5B2C3C793E2C3C7A3E5D0A0045C9
:1039A00052522C7365742C756E6B6E6F776E206B34
:1039B00065792025730A004552522C7365742C25B5
:1039C00073206E65656473206F6E65206E756D6221
:1039D00065720A004552522C7365742C2573206E53
:1039E000656564732030206F7220310A00455252A1
:1039F0002C7365742C2573206E6565647320746860
:103A0000726565206E756D626572730A004F4B2C8E
:103A10007365742C25730A007361766500455252F4
:103A20002C736176652C25640A004F4B2C736176EC
:103A3000650A0064656661756C7473004F4B2C6495
:103A4000656661756C74730A0072657A65726F00E1
:103A50004F4B2C72657A65726F0A00637572736FD3
:103A600072004F4B2C637572736F722C25730A00B2
:103A700074656C656D65747279004F4B2C74656C60
:103A8000656D657472792C25730A00492C68656C24
:103A9000702C636F6D6D616E64733A207665722071
:103AA000676574207365742073617665206465664C
:103AB00061756C74732072657A65726F20637572BC
:103AC000736F722074656C656D65747279206865BA
:103AD0006C700A0020257300492C68656C702C6B93
:103AE0006579733A25730A004F4B2C68656C700A30
:103AF000004552522C25732C756E6B6E6F776E20BD
:103B0000636F6D6D616E6420287472792068656CD6
:103B100070290A0074656C656D5F74687265616414
:103B2000006761696E00616363656C006B6E65655B
:103B3000006D696E6375746F66660062657461001E
:103B400073706565646375746F666600646561644F
:103B50007A6F6E650070726564696374007374696E
:103B60006C6C0074696C74006175746F6269617368
:103B70000072696768740075700066776400757319
:103B8000625F6C696E655F74687265616400617024
:103B9000705F75736264004661696C656420746F60
:103BA000207265626F6F743A207370696E6E696E11
:103BB0006720656E646C6573736C792E2E2E0A0017
:103BC0002A2A2A20426F6F74696E67206E5246203F
:103BD000436F6E6E6563742053444B2076332E34EE
:103BE0002E312D62323066383631396261396120CA
:103BF0002A2A2A0A002A2A2A205573696E67205A1F
:103C00006570687972204F532076342E342E322D11
:103C1000333366613661376161633661202A2A2A4F
:103C20000A006D757465785F696E69742063616CF4
:103C30006C65642077697468204E554C4C20706127
:103C400072616D6574657200436F756C64206E6F90
:103C50007420616C6C6F63617465206D7574657838
:103C6000206265666F726520696E697469616C694E
:103C70007A696E670072302F61313A2020307825E2
:103C8000303878202072312F61323A202030782568
:103C9000303878202072322F61333A202030782556
:103CA0003038780A0072332F61343A20203078257A
:103CB000303878207231322F69703A2020307825E0
:103CC000303878207231342F6C723A2020307825C9
:103CD0003038780A0020787073723A2020307825C6
:103CE0003038780A00735B2532645D3A20203078E2
:103CF000253038782020735B2532645D3A202030EF
:103D000078253038782020735B2532645D3A202096
:103D10003078253038782020735B2532645D3A2076
:103D2000203078253038780A0066707363723A2044
:103D3000203078253038780A004661756C74696ED9
:103D40006720696E737472756374696F6E20616445
:103D5000647265737320287231352F7063293A209D
:103D60003078253038780A00556E68616E646C656D
:103D700064204952516E3A2025640A002A2A2A2AD0
:103D80002A204D5055204641554C54202A2A2A2A93
:103D90002A0A002020537461636B696E6720657284
:103DA000726F722028636F6E74657874206172651B
:103DB00061206D69676874206265206E6F7420767B
:103DC000616C6964290A002020556E737461636B0D
:103DD000696E67206572726F720A002020446174F8
:103DE00061204163636573732056696F6C61746908
:103DF0006F6E0A0020204D4D46415220416464728E
:103E00006573733A20307825780A002020496E7354
:103E10007472756374696F6E204163636573732098
:103E200056696F6C6174696F6E0A002020466C6F72
:103E30006174696E672D706F696E74206C617A7938
:103E40002073746174652070726573657276617435
:103E5000696F6E206572726F720A002A2A2A2A2AF6
:103E6000205553414745204641554C54202A2A2A83
:103E70002A2A0A0020204469766973696F6E2062DD
:103E800079207A65726F0A002020556E616C69672F
:103E90006E6564206D656D6F727920616363657313
:103EA000730A0020204E6F20636F70726F6365731A
:103EB000736F7220696E737472756374696F6E7359
:103EC0000A002020496C6C6567616C206C6F61642E
:103ED000206F66204558435F52455455524E206925
:103EE0006E746F2050430A002020496C6C65676136
:103EF0006C20757365206F6620746865204550538B
:103F0000520A002020417474656D707420746F2013
:103F10006578656375746520756E646566696E6540
:103F20006420696E737472756374696F6E0A002A17
:103F30002A2A2A2A20425553204641554C54202AE9
:103F40002A2A2A2A0A002020537461636B696E674B
:103F5000206572726F720A00202050726563697367
:103F600065206461746120627573206572726F727E
:103F70000A002020424641522041646472657373F6
:103F80003A20307825780A002020496D70726563E8
:103F90006973652064617461206275732065727253
:103FA0006F720A002020496E737472756374696FB2
:103FB0006E20627573206572726F720A00526573AB
:103FC000657276656420457863657074696F6E20EC
:103FD000280053707572696F757320696E7465720D
:103FE0007275707420284952512000535053454C2B
:103FF00020696E20746872656164206D6F6465204D
:10400000646F6573206E6F7420696E646963617498
:1040100065205053500A002A2A2A2A2A2048415251
:1040200044204641554C54202A2A2A2A2A0A002094
:1040300020427573206661756C74206F6E20766502
:1040400063746F72207461626C6520726561640ACA
:104050000020204465627567206576656E740A00ED
:1040600020204661756C7420657363616C617469AE
:104070006F6E20287365652062656C6F77290A0072
:10408000415243485F45584345505420776974680E
:1040900020726561736F6E2025780A0A002A2A2A29
:1040A0002A2A204465627567206D6F6E69746F728D
:1040B00020657863657074696F6E202A2A2A2A2A1F
:1040C0000A002A2A2A2A2A20257320256429202A40
:1040D0002A2A2A2A0A00464C4153485F300053528C
:1040E000414D5F3000626F6172645F6364635F6162
:1040F000636D5F75617274006364635F61636D5FBC
:104100003000506F696E746572006869645F3000DA
:104110007564635F6E7266780075736264403430F4
:1041200030323730303000636C6F636B4034303086
:10413000303030303000666C6173682D636F6E74A0
:10414000726F6C6C657240343030316530303000E5
:104150006770696F40353030303033303000677011
:10416000696F4035303030303030300075617274F6
:10417000403430303032303030006D61696E007361
:104180007973776F726B7100696E66006E616E0095
:10419000286E756C6C29005EB2570E836D3A91C41F
:1041A00005010902A1010901A1000509190129035D
:1041B00015002501750195038102750595018101A1
:1041C00005010930093116018026FF7F751095021F
:1041D000810609381581257F750895018106C0C0C3
:1041E000465320436F6E66696775726174696F6EBE
:1041F00000506F696E7465722052656365697665FB
:10420000720044415720436F6E74726F6C6C65721C
:104210002050726F6A656374003031323334353642
:1042200037383941424344454600506F696E7465E2
:10423000720000070E091C1B1215383F363124236B
:104240002A2D0001020304050607060500010020CF
:1042500030303030303030303030303030300001BD
:0C426000616E006E66696E697479000082
:10426C0078110000000000000000000065640000F0
:10427C000000000000010000000000000000000031
:10428C000000000000000000000000000000000022
:10429C000000000000000000282C010000C20100FA
:1042AC0000000800000000000000000000000000FA
:1042BC0000000000000000000000000000000000F2
:1042CC000000000000000000000000004802002078
:1042DC00000000003402002000000000000000007C
:1042EC0000000000000000000000000000000000C2
:1042FC0000000000000000000000000000000000B2
:10430C0000000000000000000000000000000000A1
:10431C000000000000000000000000000000000091
:10432C0000000000C4000020C400002000000000B9
:10433C000100000000000000FFFFFFFF407600209E
:10434C000000000000000000000000000010000051
:10435C0000000000360500200401002000000000D1
:10436C00000000000000000000000000000401003C
:10437C0000000000E04101002203000000000000EA
:10438C00000000000003030000000000000000001B
:10439C00000300000000000000000000000201000B
:1043AC0000000000F14101002203000000000000A9
:1043BC0000000000000101000000000002420100AA
:1043CC002E030000000000000000000000000000B0
:1043DC0000000000843701000403000025DC00000D
:1043EC0010340100300600203A0000004406002082
:1043FC003A0000001C0600203A0000006C06002069
:10440C003A000000006000400000000000000000C6
:10441C000000000000000000000000000000000090
:10442C000000000000000000000000000000000080
:10443C000000000000000000000000000000000070
:10444C000000000000000000000000000000000060
:10445C000000000000000000000000000000000050
:10446C000000000000000000000000000000000040
:10447C000000000000000000000000000000000030
:10448C000000000000000000000000000000000020
:10449C00000000004086002000000000000000002A
:1044AC000000000000040000408A00200000000012
:1044BC00000000000000000000040000F8400100B3
:1044CC00000000009C02002000000000282C0100CD
:1044DC0051050020590500206205002067050020C9
:1044EC006C05002070050020750500207C0500205F
:1044FC00850500208C05002093050020000000009D
:10450C00D1FA000059650000B96500005DFE00009D
:10451C0097FB00009DFC000000000000450101001D
:10452C0085FC00001FFC000000000000D3FA000016
:10453C000A410100000000002403002000000000DC
:10454C00602C0100000000000000000000050100CC
:10455C00000000002A420100100300009505002015
:10456C009E050020AE050020BC05002000000000C8
:10457C00950500209E050020A7050020B50500200C
:10458C00000000000000000000000000E5660000D4
:10459C009167000005030100C30101004102010005
:1045AC00B50101004302010017020100AB0201003A
:1045BC008B020100C501010000000000000000009A
:1045CC0000000000000000000000000000000000DF
:1045DC0000000000000000000000000000000000CF
:1045EC0000000000000000000000000000000000BF
:1045FC0000000000000000000000000000000000AF
:10460C00000000000000000000000000000000009E
:10461C00000000000000000000000000000000008E
:10462C00000000000000000000000000000000007E
:10463C00000000000000000000000000DC0300206F
:10464C00DC03002000000000000000000E00000051
:10465C00000000000000000000000000000000004E
:10466C000000000000000000000000001C040020FE
:10467C00000000000000000000000000000000002E
:10468C00000000001F21002020000000000000009E
:10469C00010000000000000000000000000000000D
:1046AC0000000000000000000000000000A000401E
:1046BC000000000081000000040000000000000069
:1046CC000000000000A00040000000007C00000082
:1046DC000400000000000000E7E7E7E7C2C2C2C226
:1046EC00E7C2C3C4C5C6C7C80805FF020000000066
:1046FC0000A00040000000000000000000000000CE
:10470C000090D003FF00000090020000AC040020D9
:10471C00AC040020000000009DBB00001005002030
:10472C00080500200005002000000000F80400200F
:10473C00BDBC000009BC00003DBC000085BC0000F5
:10474C00E8040020F0040020502000203A00003A39
:10475C00542000203A00003A582000203A00003A39
:10476C005C2000203A00003A602000203A00003A19
:10477C00642000203A00003AE0040020E404002009
:10478C0028050020CC040020C4040020C004002014
:10479C00BC0400200101090200000001008032125B
:1047AC00010002EF020140091201000404000000A4
:1047BC0000080B00020202000009040000010202C2
:1047CC00000005240010010524010001042402024C
:1047DC0005240600010705810310000A09040100E5
:1047EC00020A0000000705820240000007050102D2
:1047FC004000000000090400000103000000092132
:10480C0011010001220000070581030600010705C4
:10481C0081030600040000000000000000000000FE
:10482C00000000000000000000000000000000007C
:0A483C000000000000000000000072
:104846000000000000000000000000000000000062
:02485600000060
:10485800EC050020EC050020386F00200000000067
:0C4868000800000010000000000000002C
:1048740000000000007000200004000000000000A0
:044884000000000030
:104888001C0600201C06002000000000000000009C
:104898000E00000030060020300600200000000056
:1048A800000000000E00000044060020440600201E
:1048B80000000000000000000E0000005806002064
:1048C8005806002000000000000000000E00000054
:1048D8006C0600206C0600200000000000000000AC
:0448E8000E000000BE
:1048EC0080060020800600208000000004000000EC
:1048FC00C06C0020C06E0020C06C0020C06C00207A
:10490C000000000000000000A8060020A8060020FF
:10491C00220000002000000080680020C06C0020F5
:10492C00806800208068002000000000000000006B
:10493C00D0060020D00600200C0000000A00000069
:10494C00C06E0020386F0020C06E0020C06E0020AA
:08495C00000000000000000053
:10496400F8060020F8060020010000000100000005
:0C497400080700200807002000000000D9
:084980001407002014070020B9
:104988000000000000000000240700202407002089
:10499800020002000A0000000000000000350100CB
:1049A800B86F002000000000000000004807002049
:1049B80048070020100010000A0000004F04010002
:0849C8002835010000740020F5
:1049D0008E3B01000000000000000000000000000D
:1049E00000000000000000007C2C0100000000001E
:1049F00000000000000000000000000000000000B7
:104A000000000000000000000000000000000000A6
:104A10000000000000000000000000000000000096
:104A20000000000000000000000000000000000086
:104A30000000000000000000000000000000000076
:0C4A40003F050020000000000000000006
:104A4C00000000005C0200200000000000000000DC
:104A5C00000000000000000000000000D002002058
:104A6C00000000000000000000000000000000003A
:044A7C0015E015E04C
:0400000300004CC1EC
:00000001FF
